{
  "Origins": "Fake news and hoaxes have spread more slowly on Facebook since the social network cracked down on sites that primarily traffic in spreading misinformation under the rubric of offering \"satire,\" and such is the case with the fake sign shown above, which supposedly informs McDonald's customers that the chain uses \"french fry grease\" in their coffee to \"speed up the heating process.\" This version of a McDonald's sign hoax was published to a shell \"viral news\" site (\"These Signs Are Popping Up at McDonald s After FDA Cracks Down on Coffee Additive ) on 18 June 2015, and within a few days it had been republished by fake news sites such as the Racket Report (\"FDA Reveals McDonald s Uses Left Over French Fry Grease to Increase Coffee s Heat\"), Daily Buzz Live (\"These Signs Are Popping Up at McDonald s After FDA Cracks Down on Coffee 'Additive'\"), and NotAllowedTo.com (\"McDonald s Exposed for Using Left Over 'French Fry' Grease in Its 'Coffee'\").",
  "Fact Check": "Does a McDonald's sign acknowledge the chain's use of \"french fry grease\" to warm coffee?",
  "Description": "As is common for such hoaxes, it didn't take long for the \"sign\" to begin spreading via social media warnings: For all my Moslem friends who eat at McDonald's beware - did you know the fat that is used to fry the chips/fries... http://t.co/LWeSpQ2Hnf Roz Bishop (@rozbishop) June 28, 2015 McDonald s Exposed For Using Left Over \"French Fry\" Grease in its \"Coffee\" http://t.co/e9wLkP8CCI Stefano Casati (@SteveCasati) June 28, 2015 Apparently McDonald's puts French fry grease in their coffee. In other news people willingly drink McDonald's coffee. Rebecca (@rebeccaseagull) June 21, 2015 Now only was this sign a digital forgery that was rehashed and regurgitated by a bevy of fake news sites in June 2015, it was also just a recycled version a similar hoax dating back to at least 2011. In the earlier version, the fabricated sign claimed that McDonald's was imposing a surcharge on black customers to offset robbery losses: One obvious hoax giveaway is that the toll-free contact number displayed on these signs (800-225-5532) is actually for KFC, not McDonald's.",
  "Originally Published": "",
  "Referred Links": "http://www.kfc.com/about/contact-us;https://twitter.com/rebeccaseagull/status/612754266869080064;https://twitter.com/SteveCasati/status/615110916791734272;http://t.co/e9wLkP8CCI;https://twitter.com/rozbishop/status/615270347559075840;http://t.co/LWeSpQ2Hnf;http://www.donotlink.com/fs2t;http://www.donotlink.com/fs3g;http://www.donotlink.com/fs2q;",
  "Example": "",
  "Last Updated": "",
  "Credibility": "false",
  "URL": "www.snopes.com/2015/07/02/mcdonalds-french-fry-grease/",
  "Claim": "A McDonald's sign acknowledges the chain's use of \"french fry grease\" to warm coffee.",
  "Tags": "fake news sites;notallowedto.com;racket report;mcdonald's;mcdonald's hoaxes;social media hoaxes;",
  "Claim_ID": "2015_07_02_mcdonalds-french-fry-grease",
  "Google Results": [
    {
      "results": [
        {
          "domain": "www.snopes.com",
          "link": "http://www.snopes.com/mcdonalds-french-fry-grease/",
          "link_type": "results"
        },
        {
          "domain": "m.facebook.com",
          "link": "https://m.facebook.com/snopes/posts/668284246649431",
          "link_type": "results"
        },
        {
          "domain": "www.facebook.com",
          "link": "https://www.facebook.com/snopes/posts/668284246649431",
          "link_type": "results"
        },
        {
          "domain": "hoax.trendolizer.com",
          "link": "http://hoax.trendolizer.com/trend/Network%20News",
          "link_type": "results"
        },
        {
          "domain": "hoax.trendolizer.com",
          "link": "http://hoax.trendolizer.com/trend/social%20network%20sites",
          "link_type": "results"
        },
        {
          "domain": "hoax.trendolizer.com",
          "link": "http://hoax.trendolizer.com/cgi-bin/mt/mt-search.fcgi?search=Hoaxes&IncludeBlogs=57&limit=10&page=12",
          "link_type": "results"
        },
        {
          "domain": "wwwwww.suncoastskeptics.com",
          "link": "http://wwwwww.suncoastskeptics.com/aggregator/sources/5?page=18",
          "link_type": "results"
        },
        {
          "domain": "snopes48.rssing.com",
          "link": "http://snopes48.rssing.com/chan-40931398/all_p5.html",
          "link_type": "results"
        },
        {
          "domain": "camelopardid2.rssing.com",
          "link": "http://camelopardid2.rssing.com/chan-1192507/all_p177.html",
          "link_type": "results"
        },
        {
          "domain": "agilience.com",
          "link": "https://agilience.com/zhinxy",
          "link_type": "results"
        }
      ]
    },
    {
      "results": [
        {
          "domain": "regator.com",
          "link": "http://regator.com/p/268470578/grease_bunk-y/",
          "link_type": "results"
        },
        {
          "domain": "www.sheepsheadbites.com",
          "link": "http://www.sheepsheadbites.com/2011/10/mcdonalds-closed-rumors-say-7-11-to-move-in/",
          "link_type": "results"
        },
        {
          "domain": "groups.google.com",
          "link": "https://groups.google.com/d/topic/comp.sys.ibm.pc.games.strategic/Xf3DiXcf9tk",
          "link_type": "results"
        },
        {
          "domain": "ecowren.net",
          "link": "http://ecowren.net/tag/nrdc/",
          "link_type": "results"
        },
        {
          "domain": "ecowren.net",
          "link": "http://ecowren.net/tag/farmers-markets/",
          "link_type": "results"
        },
        {
          "domain": "www.reddit.com",
          "link": "https://www.reddit.com/comments/einqn/former_or_current_fast_food_workers_what_are_your/",
          "link_type": "results"
        },
        {
          "domain": "www.theoildrum.com",
          "link": "http://www.theoildrum.com/node/3948",
          "link_type": "results"
        },
        {
          "domain": "melbourne.indywatch.org",
          "link": "http://melbourne.indywatch.org/archiver/melbourne.indywatch.org/resources/timemachine/2015/173/index.html",
          "link_type": "results"
        },
        {
          "domain": "bairnsdale.indywatch.org",
          "link": "http://bairnsdale.indywatch.org/archiver/bairnsdale.indywatch.org/resources/timemachine/2015/173/index.html",
          "link_type": "results"
        }
      ]
    },
    {
      "results": [
        {
          "domain": "www.rudecactus.com",
          "link": "http://www.rudecactus.com/archives/2006_03.html",
          "link_type": "results"
        },
        {
          "domain": "www.dorunda.com",
          "link": "http://www.dorunda.com/comedy2004.htm",
          "link_type": "results"
        },
        {
          "domain": "nomediakings.org",
          "link": "http://nomediakings.org/everyoneinsilico.htm",
          "link_type": "results"
        },
        {
          "domain": "www.advicegoddess.com",
          "link": "http://www.advicegoddess.com/archives/2006/10/",
          "link_type": "results"
        },
        {
          "domain": "www.thattruthmayabound.com",
          "link": "http://www.thattruthmayabound.com/2010_07_01_archive.html",
          "link_type": "results"
        },
        {
          "domain": "theunorthodoxjew.blogspot.com",
          "link": "http://theunorthodoxjew.blogspot.com/2008/12/mondrowitz-extradition-at-stake-too.html",
          "link_type": "results"
        },
        {
          "domain": "birminghamlunchclub.wordpress.com",
          "link": "https://birminghamlunchclub.wordpress.com/",
          "link_type": "results"
        },
        {
          "domain": "www.smalldeadanimals.com",
          "link": "http://www.smalldeadanimals.com/2013/08/",
          "link_type": "results"
        }
      ]
    }
  ]
}