{
  "Origins": "",
  "Fact Check": "",
  "Description": "",
  "Originally Published": "",
  "Referred Links": "http://www.bbc.co.uk/programmes/profiles/2jFbVcst3YNT4DTxBqRnrF4/carol-kirkwood;",
  "Example": "[Collected via Email, January 2016] This article says that a BBC newscaster said the weather was \"cold as fuck.\" It's hysterical, and it would be awesome if it was true. Is it? Origin:On 16 January 2016, the entertainment web site News Thump published a story claiming that BBC presenter Carol Kirkwood had described the weather as \"cold as f*ck\" during a live broadcast: The BBC has announced that there will be no punishment for popular weather presenter Carol Kirkwood s use of the phrase cold as f*ck. The BBC has issued a statement saying there would be no sanction for Miss Kirkwood because after investigation we have discovered that on the North York Moors on Friday morning, it was indeed cold as f*ck. There's no truth to the above-displayed story. News Thump is a satire publication that does not publish factual news stories: NewsThump is a satirical and spoof news website, taking a daily swipe at current affairs from the UK and around the world. We aim to be equal opportunity piss-takers and have no particular affiliation or political preference. It is our stated aim to mock absolutely everyone, eventually. Kirkwood caught wind of the story shortly after it was published. While the reporter didn't specifically mention the News Thump article, she did say that she definitely didn't say \"that\" during the broadcast: Last updated: 22 January 2016 Originally published: 22 January 2016",
  "Last Updated": "",
  "Credibility": "false",
  "URL": "www.snopes.com/bbc-weather-reporter-cursed/",
  "Claim": "BBC's Carol Kirkwood used a curse word to describe the weather.",
  "Tags": "bbc;weather;carol kirkwood;cold as;",
  "Claim_ID": "bbc-weather-reporter-cursed",
  "Google Results": [
    {
      "results": [
        {
          "domain": "hoax-alert.leadstories.com",
          "link": "http://hoax-alert.leadstories.com/426478-hoax-alert-bbcs-carol-kirkwood-did-not-say-cold-as-fck-during-weather-forecast.html",
          "link_type": "results"
        },
        {
          "domain": "www.facebook.com",
          "link": "https://www.facebook.com/snopes/posts/759022944242227?comment_id=759041467573708&comment_tracking=%7B%22tn%22%3A%22R0%22%7D",
          "link_type": "results"
        },
        {
          "domain": "hoax.trendolizer.com",
          "link": "http://hoax.trendolizer.com/2016/01/false-bbc-reporter-cursed-during-weather-report.html",
          "link_type": "results"
        },
        {
          "domain": "www.dailymail.co.uk",
          "link": "http://www.dailymail.co.uk/news/article-3169220/It-s-make-spill-cornflakes-Breakfast-host-Bill-Turnbull-accidentally-says-c-word-live-television-discussion-cancer.html",
          "link_type": "results"
        },
        {
          "domain": "www.dailymail.co.uk",
          "link": "http://www.dailymail.co.uk/femail/article-3151678/SEBASTIAN-SHAKESPEARE-forecast-dates-weather-girl.html",
          "link_type": "results"
        },
        {
          "domain": "www.dailymail.co.uk",
          "link": "http://www.dailymail.co.uk/news/article-2990786/Carol-s-chilly-rebuff-fans-far-Weather-presenter-reveals-male-admirers-send-explicit-pictures-post.html",
          "link_type": "results"
        },
        {
          "domain": "www.dailymail.co.uk",
          "link": "http://www.dailymail.co.uk/news/article-2793642/bbc-breakfast-presenter-bill-turnbull-refers-weather-girl-s-tightly-packed-isobars-seeing-figure-hugging-dress.html",
          "link_type": "results"
        },
        {
          "domain": "www.huffingtonpost.co.uk",
          "link": "http://www.huffingtonpost.co.uk/2014/07/17/bbc-weather-presenter-carol-kirkwood-upstaged-urinating-dog-video_n_5594187.html",
          "link_type": "results"
        },
        {
          "domain": "www.mirror.co.uk",
          "link": "http://www.mirror.co.uk/tv/tv-news/bbc-weather-presenter-carol-kirkwood-5314995",
          "link_type": "results"
        },
        {
          "domain": "www.express.co.uk",
          "link": "http://www.express.co.uk/news/uk/534506/Carol-Kirkwood-BBC-Breakfast-Weather-Presenter-Eye-Problem-Twitter",
          "link_type": "results"
        }
      ]
    },
    {
      "results": [
        {
          "domain": "www.express.co.uk",
          "link": "http://www.express.co.uk/celebrity-news/404478/Carol-Kirkwood-on-being-Britain-s-favourite-weather-presenter",
          "link_type": "results"
        },
        {
          "domain": "flipboard.com",
          "link": "https://flipboard.com/topic/bbc/how-the-bbc-showed-propaganda-films-but-didnt-tell-its-viewers/a-8fil4IqtQsSBzTMI7qqQYw%3Aa%3A22850252-b8ffebb530%2Fco.uk",
          "link_type": "results"
        },
        {
          "domain": "flipboard.com",
          "link": "https://flipboard.com/topic/weather/21-pro-tips-for-taking-landscapes-in-bad-weather/a-gdQzzjstQ1iB-ui_FTQSIA%3Aa%3A35637201-cb6541650c%2Fdigitalcameraworld.com",
          "link_type": "results"
        },
        {
          "domain": "www.datehookup.com",
          "link": "http://www.datehookup.com/Thread-1441686-61.htm",
          "link_type": "results"
        },
        {
          "domain": "www.theguardian.com",
          "link": "http://www.theguardian.com/media/2015/jul/21/bill-turnbull-c-word-bbc-breakfast",
          "link_type": "results"
        },
        {
          "domain": "www.theguardian.com",
          "link": "http://www.theguardian.com/uk-news/shortcuts/2015/aug/24/weather-forecast-met-office-bbc-gloomy",
          "link_type": "results"
        },
        {
          "domain": "www.telegraph.co.uk",
          "link": "http://www.telegraph.co.uk/culture/tvandradio/strictly-come-dancing/11981586/strictly-come-dancing-week-7-tonight-live-peter-andre.html",
          "link_type": "results"
        },
        {
          "domain": "www.buzzfeed.com",
          "link": "http://www.buzzfeed.com/scottybryan/the-27-most-glorious-moments-in-the-history-of-bbc-weather",
          "link_type": "results"
        },
        {
          "domain": "www.bbc.co.uk",
          "link": "http://www.bbc.co.uk/science/0/20937803",
          "link_type": "results"
        },
        {
          "domain": "www.thefreedictionary.com",
          "link": "http://www.thefreedictionary.com/Weather+girl",
          "link_type": "results"
        }
      ]
    },
    {
      "results": [
        {
          "domain": "www.funnyjunk.com",
          "link": "http://www.funnyjunk.com/A+fuck+n+reall+bitch/funny-pictures/5804123/",
          "link_type": "results"
        },
        {
          "domain": "www.goodtoknow.co.uk",
          "link": "http://www.goodtoknow.co.uk/wellbeing/200541/Eye-health--Protect-your-eyesight",
          "link_type": "results"
        },
        {
          "domain": "www.independent.ie",
          "link": "http://www.independent.ie/style/celebrity/celebrity-news/rachel-riley-says-shes-not-afraid-of-strictly-curse-and-trusts-pasha-wont-stray-31469957.html",
          "link_type": "results"
        },
        {
          "domain": "www.radiotimes.com",
          "link": "http://www.radiotimes.com/news/2015-06-17/who-will-be-on-the-dance-floor-for-strictly-come-dancing-2015",
          "link_type": "results"
        },
        {
          "domain": "kirsty.typepad.com",
          "link": "http://kirsty.typepad.com/ttwfn/offtopic/",
          "link_type": "results"
        },
        {
          "domain": "www.youtube.com",
          "link": "https://www.youtube.com/watch?v=-OAN6mBVqXM",
          "link_type": "results"
        },
        {
          "domain": "www.pinterest.com",
          "link": "https://www.pinterest.com/pin/383791199475990707/",
          "link_type": "results"
        },
        {
          "domain": "forums.digitalspy.co.uk",
          "link": "http://forums.digitalspy.co.uk/showthread.php?t=1899384&page=3",
          "link_type": "results"
        },
        {
          "domain": "caughtinthemiddleman.wordpress.com",
          "link": "https://caughtinthemiddleman.wordpress.com/2008/03/12/whatever-happened-to-the-news/",
          "link_type": "results"
        },
        {
          "domain": "www.themediaprof.com",
          "link": "http://www.themediaprof.com/category/topical-articles/news-effects/",
          "link_type": "results"
        }
      ]
    }
  ]
}