{
  "Origins": "For over a century now, baseball's annual championship, the World Series, has been an essential American ritual. The modern World Series began in 1903, when the National League's pennant-winning Pittsburgh Pirates agreed to a best-of-nine playoff series against Boston, champions of the upstart American League (which had made the jump from minor league to major league just two years earlier). After a one-year interruption in 1904 when the New York Giants refused to meet the American League's champion, Boston, because (depending upon which story you believe) the Giants' owner refused to allow his team to compete against the \"inferior\" American League or the Giants' manager hated the American League's president the series resumed as a best-of-seven affair in 1905 and has been waged every autumn since (save for 1994, when it was cancelled due to a players' strike).",
  "Fact Check": "",
  "Description": "The concept of a post-season championship series evolved long before 1903, however. Teams engaged in exhibitions and unofficial regional playoffs after the end of regular-season play since the earliest days of professional baseball, and after 1882 season the National League's first-place Chicago team played a pair of games against Cincinnati, the champions of the newly-formed American Association. These games were primarily exhibition contests (because the National League had yet to acknowledge the legitimacy of the American Association), but every year from 1884 through 1890 the two leagues' champions met in post-season series of varying lengths (an event that was known, among other names, as the \"world series\"). The 1891 playoff was cancelled due to interleague squabbling, and any hopes for its resurrection were dashed when the American Association folded before the 1892 season. The National League expanded from eight teams to twelve in 1892 by absorbing four of the entries from the failed American Association, and a post-season championship was created by dividing the season into halves and pitting the winners of the two halves against each other. The split-season format proved unpopular and therefore didn't come off in 1893, so an entrepreneur from Pittsburgh named William C. Temple promoted a new post-season scheme the next year by offering to award an ornate $800 cup to the winner of a best-of-seven series between the National League's first- and second-place finishers. The \"Temple Cup\" championship series, as it became known, was held for the four years between 1894 and 1897, after which a lack of fan interest resulted in its termination and the return of the cup to its donor. Save for a brief series between the National League's pennant-winning Brooklyn Superbas and the runner-up Pittsburgh Pirates after the 1900 season (the winner receiving a silver cup donated by the Pittsburgh Chronicle-Telegraph ), post-season play did not resume until the modern World Series matching American and National league champions against each other began in 1903. Somewhere along the way (the earliest citation we've found so far is from 1991), people have picked up the notion that the fall classic, baseball's World Series, is so named not because the victors are considered the world's champions, but because the contest was originally sponsored by the New York World newspaper. Perhaps this belief springs from today's hyper-commercial sporting climate, in which nearly all athletic championships and sports stadiums are named for corporate sponsors, or perhaps it springs from the incongruity of the winners of a contest featuring only teams from North America being declared \"world champions,\" but so prevalent is this erroneous belief that it is now regularly cited as a \"fact,\" despite a complete lack of any supporting evidence. The New York World was established in 1860, just before the Civil War, and it fared poorly throughout the 1870s before being bought up by Joseph Pulitzer in 1883. Over the next half-century, the World was renowned for everything from its \"yellow journalism\" to its debut of the crossword puzzle; in 1930 it was sold and merged with the Evening Telegram to become the New York World-Telegram . The New York World never had anything to do with the World Series, however, other than being one of the many newspapers to report the results. The modern World Series (like its predecessor series waged between National League and American Association teams from 1884-1890) was so named not because of any affiliation with a corporate sponsor, but because the winner was considered the \"world's champion\" the title was therefore simply a shortened form of the phrase \"world's championship series.\" Negative evidence is easily uncovered by reading accounts of the first few World Series in the major newspapers of the era. The first several contests between the two league champions were reported under a variety of titles \"championship series,\" \"world championship series,\" \"world's series\" before eventually becoming standardized in name as the \"World Series.\" If the name had derived from the New York World 's sponsorship, it would have been nothing but the \"World Series\" from the very beginning (and as far back as 1884). The National Baseball Hall of Fame and Museum concurs, a 1999 article noting of this claim that: [O]thers have asked that question of the staff at the Baseball Hall of Fame in Cooperstown, N.Y. in recent weeks. \"There's no evidence suggesting it was ever sponsored by the New York World newspaper,\" said Hall of Fame researcher Eric Enders. When the World Series between the National and American leagues began in 1903, the owners borrowed the name from the world championship series held in the 1880s between the National League and the American Association. Enders concludes the name didn't originate from the name of the long-defunct newspaper. It sounds like an urban myth.",
  "Originally Published": "",
  "Referred Links": "http://www.spartacus.schoolnet.co.uk/USAnyworld.htm;",
  "Example": "[Sutherland, 1999] Many believe that the name World Series is American hype or arrogance, but the truth is that the Series was named after the New York World newspaper who sponsored the title games in the early part of the century. [Auf Der Mar, 1991] I followed the Blue Jays through their futility and then rooted for Atlanta in the wonderful World Series (originally named, by the way, for the New York World, the newspaper that was its first sponsor).",
  "Last Updated": "27 June 2014",
  "Credibility": "false",
  "URL": "www.snopes.com/business/names/worldseries.asp",
  "Claim": "Baseball's championship competition is known as the \"World Series\" because it was originally sponsored by the New York World newspaper.",
  "Claim_ID": "business_names_worldseries",
  "Tags": "",
  "Google Results": [
    {
      "results": [
        {
          "domain": "www.snopes.com",
          "link": "http://www.snopes.com/business/names/worldseries.asp",
          "link_type": "results"
        },
        {
          "domain": "en.wikipedia.org",
          "link": "https://en.wikipedia.org/wiki/World_Series",
          "link_type": "results"
        },
        {
          "domain": "en.wikipedia.org",
          "link": "https://en.wikipedia.org/wiki/1884_World_Series",
          "link_type": "results"
        },
        {
          "domain": "books.google.com.ar",
          "link": "https://books.google.com.ar/books?id=w1MHY8-dMX0C&pg=PT383&lpg=PT383&dq=Baseball's+championship+competition+is+known+as+the+%22World+Series%22+because+it+was+originally+sponsored+by+the+New+York+World+newspaper.&source=bl&ots=FsSgAA5-Pe&sig=0lwxFc4CtADnOHYnWrg-gaBGopk&hl=en&sa=X&ved=0ahUKEwiYwpClkcbKAhXCKx4KHWoaAgYQ6AEIKjAD",
          "link_type": "results"
        },
        {
          "domain": "books.google.com.ar",
          "link": "https://books.google.com.ar/books?id=iI0-CgAAQBAJ&pg=PA1020&lpg=PA1020&dq=Baseball's+championship+competition+is+known+as+the+%22World+Series%22+because+it+was+originally+sponsored+by+the+New+York+World+newspaper.&source=bl&ots=WomYwAG3_g&sig=E07eI1QLX_via67O5eFhNnl3Ohs&hl=en&sa=X&ved=0ahUKEwiYwpClkcbKAhXCKx4KHWoaAgYQ6AEILTAE",
          "link_type": "results"
        },
        {
          "domain": "roadsidephotos.sabr.org",
          "link": "http://roadsidephotos.sabr.org/baseball/name.htm",
          "link_type": "results"
        },
        {
          "domain": "www.livescience.com",
          "link": "http://www.livescience.com/8857-called-world-series.html",
          "link_type": "results"
        },
        {
          "domain": "books.google.com.ar",
          "link": "https://books.google.com.ar/books?id=DEglAgAAQBAJ&pg=PA103&lpg=PA103&dq=Baseball's+championship+competition+is+known+as+the+%22World+Series%22+because+it+was+originally+sponsored+by+the+New+York+World+newspaper.&source=bl&ots=ggWkaiVYXS&sig=M4Pz1jssctcZ4jE56bcYaQzbjxs&hl=en&sa=X&ved=0ahUKEwiYwpClkcbKAhXCKx4KHWoaAgYQ6AEIPDAH",
          "link_type": "results"
        },
        {
          "domain": "books.google.com.ar",
          "link": "https://books.google.com.ar/books?id=gcwv4OxWTgIC&pg=PA15&lpg=PA15&dq=Baseball's+championship+competition+is+known+as+the+%22World+Series%22+because+it+was+originally+sponsored+by+the+New+York+World+newspaper.&source=bl&ots=3rNyT4VDij&sig=UmG5chbY_M7LrnZ61RILWJ1imeo&hl=en&sa=X&ved=0ahUKEwiYwpClkcbKAhXCKx4KHWoaAgYQ6AEIPzAI",
          "link_type": "results"
        },
        {
          "domain": "www.bbcamerica.com",
          "link": "http://www.bbcamerica.com/shows//blog/2014/10/6-faqs-brits-america",
          "link_type": "results"
        }
      ]
    },
    {
      "results": [
        {
          "domain": "www.elllo.org",
          "link": "http://www.elllo.org/english/Step/T016WS.htm",
          "link_type": "results"
        },
        {
          "domain": "www.quora.com",
          "link": "https://www.quora.com/Why-do-American-sports-have-world-series-championships-when-no-other-country-is-invited-except-Canada",
          "link_type": "results"
        },
        {
          "domain": "www.sporcle.com",
          "link": "http://www.sporcle.com/games/MSUKent/snopes-true-or-false-sports",
          "link_type": "results"
        },
        {
          "domain": "www.npr.org",
          "link": "http://www.npr.org/templates/story/story.php?storyId=4675711",
          "link_type": "results"
        },
        {
          "domain": "www.urbandictionary.com",
          "link": "http://www.urbandictionary.com/define.php?term=World+Series",
          "link_type": "results"
        },
        {
          "domain": "www.mersenneforum.org",
          "link": "http://www.mersenneforum.org/showthread.php?t=17301",
          "link_type": "results"
        },
        {
          "domain": "raghiel.my.id",
          "link": "http://raghiel.my.id/world-series",
          "link_type": "results"
        },
        {
          "domain": "onlinecasinogames.space",
          "link": "http://onlinecasinogames.space/world-series-of-p/",
          "link_type": "results"
        },
        {
          "domain": "pocketcultures.com",
          "link": "http://pocketcultures.com/2010/11/01/american-baseball-why-do-they-call-it-a-world-series/",
          "link_type": "results"
        },
        {
          "domain": "old.qi.com",
          "link": "http://old.qi.com/talk/viewtopic.php?t=1953&start=0&sid=7528e22bcf2c7f243931ebe1bc590ed8",
          "link_type": "results"
        }
      ]
    },
    {
      "results": [
        {
          "domain": "encyclopedia.kids.net.au",
          "link": "http://encyclopedia.kids.net.au/page/ba/Baseball___World_Series",
          "link_type": "results"
        },
        {
          "domain": "www.heroesandvillains.info",
          "link": "http://www.heroesandvillains.info/forumv3/index.php?topic=18780.710;wap2",
          "link_type": "results"
        },
        {
          "domain": "www.abovetopsecret.com",
          "link": "http://www.abovetopsecret.com/forum/thread709709/pg1",
          "link_type": "results"
        },
        {
          "domain": "sporttoday.org",
          "link": "http://sporttoday.org/14_4c3a9f6278db45b3_1.htm",
          "link_type": "results"
        },
        {
          "domain": "backtothefuture.wikia.com",
          "link": "http://backtothefuture.wikia.com/wiki/World_Series",
          "link_type": "results"
        },
        {
          "domain": "www.reddit.com",
          "link": "https://www.reddit.com/r/explainlikeimfive/comments/3pr9bm/eli5_where_did_the_baseball_title_the_world/",
          "link_type": "results"
        },
        {
          "domain": "www.encyclopedia.com",
          "link": "http://www.encyclopedia.com/article-1G2-3451100049/baseball.html",
          "link_type": "results"
        },
        {
          "domain": "www.theguardian.com",
          "link": "http://www.theguardian.com/sport/2015/oct/28/world-series-game-2-score-mets-royals-johnny-cueto",
          "link_type": "results"
        },
        {
          "domain": "boards.straightdope.com",
          "link": "http://boards.straightdope.com/sdmb/archive/index.php/t-280854.html",
          "link_type": "results"
        },
        {
          "domain": "www.theatlantic.com",
          "link": "http://www.theatlantic.com/entertainment/archive/2013/10/sorry-nfl-baseball-is-still-americas-pastime/280985/",
          "link_type": "results"
        }
      ]
    }
  ]
}