{
  "Origins": "Unusual for this section of our web site, we tackle a legend that isn't a product origin tale but rather a product discontinuation tale.",
  "Fact Check": "",
  "Description": "In the late 1970s, it became apparent the small plastic coffee spoons at McDonald's restaurants were being used by some immersed in the drug culture for other than their intended purpose of stirring hot beverages. These plastic implements had become a popular item of drug paraphernalia, a sort of Everyman's coke spoon, and were being used to measure and snort powdered cocaine as well as PCP. The practice of using these implements in such fashion became so widespread that at least in some cities, a dose of cocaine was dubbed a \"McSpoon\" because it came packaged in the tiny coffee stirrers from McDonald's restaurants. In 1992 an undercover detective in Columbus, Ohio, said McSpoons were commonly sold ten to a bundle in that town and twelve to a bundle in Detroit. Businesses (especially ones that view families as their primary market) are not well served by having their products associated with illegal activities. The company reacted to the problem by redesigning the stirrer, replacing the spoon with a flat paddle. While such change didn't stop cocaine use, it did work to distance McDonald's from an unsavory connection that linked one of its products with the world of illegal drugs. Doug Timberlake, a spokesman for McDonald's Corp., said at the time that the fast-food chain had decided to redesign its spoons because \"It has been brought to our attention that people are using them illegally and illicitly for purposes for which they are not intended.\" Barbara \"coke is ain't it\" Mikkelson",
  "Originally Published": "",
  "Referred Links": "",
  "Example": "[Collected via e-mail, April 2005] So, I really remember years ago that McDonald's miniature spoon coffee stirrers were pulled off the market because people used them to snort cocaine. Now it seems I'm the only one who remembers this. Did it really happen? [Collected via e-mail, August 2008] I have a \"rumor\" that I believe is \"fact\". In the '70s, McDonald's used tiny spoons as coffee stirrers. They now use paddles. The rumor is the change was due to drug addicts using the spoons to snort cocaine.",
  "Last Updated": "18 June 2015",
  "Credibility": "true",
  "URL": "www.snopes.com/business/origins/mcdspoon.asp",
  "Claim": "McDonald's did away with their spoon-shaped coffee stirrers because people were using them as cocaine spoons.",
  "Claim_ID": "business_origins_mcdspoon",
  "Tags": "",
  "Google Results": [
    {
      "results": [
        {
          "domain": "www.snopes.com",
          "link": "http://www.snopes.com/business/origins/mcdspoon.asp",
          "link_type": "results"
        },
        {
          "domain": "priceonomics.com",
          "link": "http://priceonomics.com/the-mcdonalds-cocaine-spoon-fiasco/",
          "link_type": "results"
        },
        {
          "domain": "www.facebook.com",
          "link": "https://www.facebook.com/snopes/posts/660803654064157?comment_id=660804564064066&offset=50&total_comments=28&comment_tracking=%7B%22tn%22%3A%22R9%22%7D",
          "link_type": "results"
        },
        {
          "domain": "dangerousminds.net",
          "link": "http://dangerousminds.net/comments/have_some_coke_and_a_smile_when_mcdonalds_coffee_stirrers",
          "link_type": "results"
        },
        {
          "domain": "www.reddit.com",
          "link": "https://www.reddit.com/r/todayilearned/comments/2xz1kp/til_mcdonalds_did_away_with_their_spoonshaped/?",
          "link_type": "results"
        },
        {
          "domain": "twitter.com",
          "link": "https://twitter.com/worldclassfacts/status/682546572626903041",
          "link_type": "results"
        },
        {
          "domain": "twitter.com",
          "link": "https://twitter.com/untoidsecrets/status/376416138189889536",
          "link_type": "results"
        },
        {
          "domain": "www.metafilter.com",
          "link": "http://www.metafilter.com/142881/The-McDonalds-Cocaine-Spoon-Fiasco",
          "link_type": "results"
        },
        {
          "domain": "www.preemieproud.com",
          "link": "http://www.preemieproud.com/mcdonalds-coffee-spoon/",
          "link_type": "results"
        },
        {
          "domain": "community.spiceworks.com",
          "link": "https://community.spiceworks.com/topic/396066-mcdonald-s-restaurants-allegedly-used-to-launder-drug-money",
          "link_type": "results"
        }
      ]
    },
    {
      "results": [
        {
          "domain": "fatoprofugus.net",
          "link": "http://fatoprofugus.net/friendfeed/rodfather/54e1e38c/snopes-mcdonald-coffee-stirrer-coke-spoon",
          "link_type": "results"
        },
        {
          "domain": "www.pinterest.com",
          "link": "https://www.pinterest.com/pin/343469909052826345/",
          "link_type": "results"
        },
        {
          "domain": "www.savondentalplan.com",
          "link": "http://www.savondentalplan.com/newsletters/April2013_Newsletter.php",
          "link_type": "results"
        },
        {
          "domain": "app.net",
          "link": "https://app.net/mattindy77",
          "link_type": "results"
        },
        {
          "domain": "groups.google.com",
          "link": "https://groups.google.com/d/topic/alt.folklore.urban/RkpktwY2KvQ",
          "link_type": "results"
        },
        {
          "domain": "www.uloop.com",
          "link": "http://www.uloop.com/news/view.php/11360/Take-a-Finals-Break-10-Interesting-Facts",
          "link_type": "results"
        },
        {
          "domain": "vintage-ads.livejournal.com",
          "link": "http://vintage-ads.livejournal.com/6503864.html",
          "link_type": "results"
        },
        {
          "domain": "knowledgestew.com",
          "link": "http://knowledgestew.com/2015/04/completely-useless-facts-of-week-issue-5.html",
          "link_type": "results"
        },
        {
          "domain": "beebo.org",
          "link": "https://beebo.org/gulfstream/",
          "link_type": "results"
        },
        {
          "domain": "boards.straightdope.com",
          "link": "http://boards.straightdope.com/sdmb/archive/index.php/t-633558.html",
          "link_type": "results"
        }
      ]
    },
    {
      "results": [
        {
          "domain": "m.facebook.com",
          "link": "https://m.facebook.com/snopes/posts/660803654064157",
          "link_type": "results"
        },
        {
          "domain": "randolphreview.com",
          "link": "http://randolphreview.com/?page_id=2951",
          "link_type": "results"
        },
        {
          "domain": "www.sjpba.net",
          "link": "http://www.sjpba.net/Farsider/112813.htm",
          "link_type": "results"
        },
        {
          "domain": "webiodir.com",
          "link": "http://webiodir.com/discontinued-mcdonalds",
          "link_type": "results"
        },
        {
          "domain": "forums.overclockers.co.uk",
          "link": "http://forums.overclockers.co.uk/showthread.php?p=13726806",
          "link_type": "results"
        },
        {
          "domain": "www.thequizmonkey.com",
          "link": "http://www.thequizmonkey.com/Quiz.aspx?QuizID=11",
          "link_type": "results"
        },
        {
          "domain": "knittingdoc.wordpress.com",
          "link": "https://knittingdoc.wordpress.com/2008/11/23/age-and-anecdotes/",
          "link_type": "results"
        },
        {
          "domain": "www.museumofvancouver.ca",
          "link": "http://www.museumofvancouver.ca/programs/blog/tags/design",
          "link_type": "results"
        },
        {
          "domain": "xoputyourheartsup.tumblr.com",
          "link": "http://xoputyourheartsup.tumblr.com/",
          "link_type": "results"
        },
        {
          "domain": "hammertalkofthetown.blogspot.com",
          "link": "http://hammertalkofthetown.blogspot.com/2012/05/late-night-special_25.html",
          "link_type": "results"
        }
      ]
    }
  ]
}