{
  "Origins": "In 1953, the electronics company we now know as Sony was called Tokyo Tsushin Kogyo, an outfit whose primary business was the manufacture and sale of tape recorders and magnetic tape. When Akio Morita (later head of Sony America) returned from his first trip to the United States that year, he realized that the company needed a name that was recognizable (and pronounceable) outside of Japan. \"Tokyo Tsushin Kogyo\" was an unwieldy name and had no particular meaning to the rest of the world; its translation, \"Tokyo Telecommunications Engineering Company,\" wasn't much better, and its three-letter abbreviation (TTK) had already been claimed by the Japanese national telephone company.",
  "Fact Check": "",
  "Description": "The inspiration for the new company name came from a brand of tape TTK had been marketing since 1950: Soni-tape. The \"Soni\" in \"Soni-tape\" was derived from the Latin sonus (\"sound\"), and Morita created Sony from a combination of sonus and the English phrase sonny boy , which \"conveyed to him the youthful energy and irreverence he wanted at the heart of the company.\" (Because \"o\" is pronounced in Japanese with a long vowel sound, the connection between \"Sony\" and \"sonny\" is not apparent to English speakers.) The name Sony was first used as a trademark on the company's TR-55 transistor radio in 1955, and Tokyo Tsushin Kogyo officially changed its name to the Sony Corporation in 1958. The only connection between Sony and the Rockefellers is that Sony head Akio Morita and David Rockefeller both served on the Trilateral Commission beginning in 1973.",
  "Originally Published": "",
  "Referred Links": "",
  "Example": "[Collected on the Internet, 2000] I heard that SONY got its name by way of Mr. Morita's (former SONY Chairman) connections with a Rockefeller. I understand Mr. Morita got the small post-WWII company going with a substantial load/investment and SONY stands for Standard Oil of New York.",
  "Last Updated": "1 June 2011",
  "Credibility": "false",
  "URL": "www.snopes.com/business/names/sony.asp",
  "Claim": "The Japanese corporation known as Sony based its name on an acronym formed from 'Standard Oil of New York.'",
  "Claim_ID": "business_names_sony",
  "Tags": "",
  "Google Results": [
    {
      "results": [
        {
          "domain": "www.snopes.com",
          "link": "http://www.snopes.com/business/names/sony.asp",
          "link_type": "results"
        },
        {
          "domain": "www.snopes.com",
          "link": "http://www.snopes.com/business/names/names.asp",
          "link_type": "results"
        },
        {
          "domain": "tapnewswire.com",
          "link": "http://tapnewswire.com/2012/05/sony-standard-oil-new-york/",
          "link_type": "results"
        },
        {
          "domain": "en.wikipedia.org",
          "link": "https://en.wikipedia.org/wiki/List_of_company_name_etymologies",
          "link_type": "results"
        },
        {
          "domain": "www.blackopforum.info",
          "link": "http://www.blackopforum.info/discussion/871/prouty-thinks-sony-stands-for-standard-oil-of-new-york-wtf-bor-13-06-06/p1",
          "link_type": "results"
        },
        {
          "domain": "www.prouty.org",
          "link": "http://www.prouty.org/letter11.html",
          "link_type": "results"
        },
        {
          "domain": "rigorousintuition.ca",
          "link": "http://rigorousintuition.ca/board2/viewtopic.php?f=8&t=31466&start=1020",
          "link_type": "results"
        },
        {
          "domain": "www.ilxor.com",
          "link": "http://www.ilxor.com/ILX/ThreadSelectedControllerServlet?boardid=40&threadid=22018",
          "link_type": "results"
        },
        {
          "domain": "www.formacompany.com",
          "link": "https://www.formacompany.com/en/company-names/company-names-history.php",
          "link_type": "results"
        },
        {
          "domain": "namedropping.wordpress.com",
          "link": "https://namedropping.wordpress.com/name-origins/",
          "link_type": "results"
        }
      ]
    },
    {
      "results": [
        {
          "domain": "cojoweb.com",
          "link": "http://cojoweb.com/ref-origin_of_company_names.html",
          "link_type": "results"
        },
        {
          "domain": "99percentinvisible.org",
          "link": "http://99percentinvisible.org/episode/title-tk/",
          "link_type": "results"
        },
        {
          "domain": "www.videolamer.com",
          "link": "http://www.videolamer.com/behind-the-names-of-our-favorite-companies-and-consoles",
          "link_type": "results"
        },
        {
          "domain": "bizquizme.blogspot.com",
          "link": "http://bizquizme.blogspot.com/p/acronyms-company-origins.html",
          "link_type": "results"
        },
        {
          "domain": "forum.prisonplanet.com",
          "link": "http://forum.prisonplanet.com/index.php?topic=49131.0",
          "link_type": "results"
        },
        {
          "domain": "n4g.com",
          "link": "http://n4g.com/news/1381076/the-ps4",
          "link_type": "results"
        },
        {
          "domain": "www.businesshistory.com",
          "link": "http://www.businesshistory.com/ind._electronics.php",
          "link_type": "results"
        },
        {
          "domain": "intuitive.com",
          "link": "https://intuitive.com/globalsoftware/gs-chap5.html",
          "link_type": "results"
        },
        {
          "domain": "www.slideshare.net",
          "link": "http://www.slideshare.net/varshanihanthlade/businessquiz-131202075004phpapp01",
          "link_type": "results"
        }
      ]
    },
    {
      "results": [
        {
          "domain": "gamestudies.org",
          "link": "http://gamestudies.org/1302/articles/picard",
          "link_type": "results"
        },
        {
          "domain": "www.marksmanmarketing.com",
          "link": "http://www.marksmanmarketing.com/companies/",
          "link_type": "results"
        },
        {
          "domain": "www.veteranstoday.com",
          "link": "http://www.veteranstoday.com/2015/05/01/the-interview-setting-up-north-korea-as-patsy-for-assassinating-obama/",
          "link_type": "results"
        },
        {
          "domain": "www.scribd.com",
          "link": "https://www.scribd.com/doc/52048687/companies-logo",
          "link_type": "results"
        },
        {
          "domain": "econc10.bu.edu",
          "link": "http://econc10.bu.edu/economic_systems/Country_comparisons/japan_china.htm",
          "link_type": "results"
        },
        {
          "domain": "www.quizanswers.com",
          "link": "http://www.quizanswers.com/logo-quiz-by-bubble-answers-level-7/",
          "link_type": "results"
        },
        {
          "domain": "www.metabundle.com",
          "link": "http://www.metabundle.com/text_files/trivia/Company%20etymologies.txt",
          "link_type": "results"
        },
        {
          "domain": "www.ft.com",
          "link": "http://www.ft.com/cms/s/0/bcfcdb2c-a716-11de-bd14-00144feabdc0.html",
          "link_type": "results"
        }
      ]
    }
  ]
}