{
  "Origins": "In 1999 the U.S. Mint launched a program of issuing five new quarters a year, each commemorating a different U.S. state Each of the fifty designs is crafted to provide a symbolization of the individual state it represents, and the quarters introduced into the money supply in the order the states were admitted to the union.",
  "Fact Check": "",
  "Description": "Collecting fever ran high for the first few issues of these new coins, but as the years passed the demand for the annual offering of five new state's quarters has dropped off. However, a 2005 event has served to spur interest in at least one of these coins, if not the entire series. An aberration has been noted on some of the Wisconsin quarters struck at the Denver Mint: some of these coins sport an extra leaf on the ear of corn displayed on its flip side. (Wisconsin's design depicts an agricultural theme featuring a cow's head, a hunk of cheese, and an ear of corn.) Among the 453 million Wisconsin quarters minted over a two-week period near the end of 2004, a few thousand bearing a cornstalk peculiarity have surfaced. On some of the variant coins, an extra leaf on the ear is turned up; on others, the leaf is noticeably fatter than its siblings and points downward. While a benchmark value for these monetary units has yet to be established among collectors, prices paid so far have varied from approaching $100 to (in one isolated case) $1,499 by a Tucson dealer for a preeminently fine specimen. Keeping in mind the wide range of prices these coins have been vended for, in general one finds that individual Wisconsin anomalies are fetching somewhere in the neighborhood of $500 apiece for those reselling them, with three-coin sets of a regular Wisconsin quarter and one each of the two \"error coins\" bringing $1,100. Therefore, while a decidedly pleasant and somewhat monetarily enriching experience, happening upon one of these unusual coins in your pocket change will not be a life-altering event of the \"just won the lottery\" magnitude. You are also unlikely to encounter one of these finds unless you live in Tucson, where it is estimated about 5,000 of them have turned up. (Another fifty have been found in San Antonio.) As to how the extra-leafed coins came to bear images different from the official die the Wisconsin quarters were to be struck from, this altered artwork appears to have been a deliberate act on the part of an unknown employee of the U.S. Mint. Numismatic experts believe the additional leaves were not the result of misstrikes of the official die, but of strikes made with altered dies. What prompted the alteration is as yet unexplained. One theory speculates a Mint employee intent upon making his fortune from the sale of these unusual coins was responsible, yet that hypothesis seems to fly in the face of how coins are handled subsequent to manufacture. After the coins are stamped, they are shipped under heavy guard from the Mint to contractors who put them into paper or plastic rolls before sending them to banks, so the one who struck them would have had little, if any, chance of knowing where the altered quarters were being sent. Another theory again assigns blame to an unknown Mint employee but removes the profit-seeking angle: it asserts the mystery engraver was a worker with a grudge. Or he was someone bored with his day who looked to liven things up. Or he just wanted to see if he could do it, with the \"it\" being either producing an altered MInt-quality die or sneaking defective quarters past the system. Of this incident, the U.S. Mint Office of Public Affairs in Washington, D.C. said in a press release: \"The United States Mint is looking into the matter to determine possible causes in the manufacturing process.\" Barbara \"cache assets\" Mikkelson",
  "Originally Published": "",
  "Referred Links": "",
  "Example": "",
  "Last Updated": "16 May 2011",
  "Credibility": "true",
  "URL": "www.snopes.com/business/money/quarter.asp",
  "Claim": "Some new Wisconsin quarters contain a printing error that makes them especially valuable.",
  "Claim_ID": "business_money_quarter",
  "Tags": "",
  "Google Results": [
    {
      "results": [
        {
          "domain": "www.snopes.com",
          "link": "http://www.snopes.com/business/money/quarter.asp",
          "link_type": "results"
        },
        {
          "domain": "books.google.com.mx",
          "link": "https://books.google.com.mx/books?id=7uI8BQAAQBAJ&pg=PA108&lpg=PA108&dq=Some+new+Wisconsin+quarters+contain+a+printing+error+that+makes+them+especially+valuable.&source=bl&ots=1UG84HZfs2&sig=ifEXb9mEUfWDAcqasM9F1Q4exVA&hl=en&sa=X&ved=0ahUKEwiO2dag6MLKAhVDuYMKHfowDCkQ6AEIITAB",
          "link_type": "results"
        },
        {
          "domain": "www.us-coin-values-advisor.com",
          "link": "http://www.us-coin-values-advisor.com/state-quarter-errors.html",
          "link_type": "results"
        },
        {
          "domain": "mashable.com",
          "link": "http://mashable.com/2014/08/25/valuable-coins/",
          "link_type": "results"
        },
        {
          "domain": "www.facebook.com",
          "link": "https://www.facebook.com/snopes/posts/719039354907253",
          "link_type": "results"
        },
        {
          "domain": "townscountytourism.com",
          "link": "http://townscountytourism.com/wisconsin-quarter-error-value",
          "link_type": "results"
        },
        {
          "domain": "errorh.com",
          "link": "http://errorh.com/error-wisconsin-quarter/",
          "link_type": "results"
        },
        {
          "domain": "money.cnn.com",
          "link": "http://money.cnn.com/2005/02/09/pf/wisconsin_quarter/",
          "link_type": "results"
        },
        {
          "domain": "www.sun-gazing.com",
          "link": "http://www.sun-gazing.com/valuable-rare-coins-hiding-pocket/",
          "link_type": "results"
        },
        {
          "domain": "www.mysanantonio.com",
          "link": "http://www.mysanantonio.com/entertainment/slideshow/Snopes-in-S-A-95777/photo-2960405.php",
          "link_type": "results"
        }
      ]
    },
    {
      "results": [
        {
          "domain": "en.wikipedia.org",
          "link": "https://en.wikipedia.org/wiki/Mint-made_errors",
          "link_type": "results"
        },
        {
          "domain": "hubpages.com",
          "link": "http://hubpages.com/games-hobbies/Value-of-State-Quarters",
          "link_type": "results"
        },
        {
          "domain": "www.ebay.com",
          "link": "http://www.ebay.com/gds/Wisconsin-Error-Quarters-Collecting-Wisconsin-Quarters-/10000000001010768/g.html",
          "link_type": "results"
        },
        {
          "domain": "www.consumerismcommentary.com",
          "link": "http://www.consumerismcommentary.com/how-to-make-money-with-john-adams-presidential-dollar-coins",
          "link_type": "results"
        },
        {
          "domain": "mentalfloss.com",
          "link": "http://mentalfloss.com/article/26564/quick-8-eight-monetary-misprints",
          "link_type": "results"
        },
        {
          "domain": "www.dummocrats.com",
          "link": "http://www.dummocrats.com/archives/000721.php",
          "link_type": "results"
        },
        {
          "domain": "www.iranian95.gq",
          "link": "http://www.iranian95.gq/c/snopes+com+Wisconsin+Quarter+Error/",
          "link_type": "results"
        },
        {
          "domain": "www.coinworld.com",
          "link": "http://www.coinworld.com/news/us-coins/2015/04/1965-coin-act-clad-with-errors.html",
          "link_type": "results"
        },
        {
          "domain": "www.googleadservices.com",
          "link": "http://www.googleadservices.com/pagead/aclk?sa=L&ai=Cza4Xh_SkVuihLoXrpAPj7awYxOmJ6QeMjOTZrwH0gYupxgIIABABYOUDkAECoAGWpcnlA8gBAaoEJ0_QdCnCR4GHatWi2u4C4tdW01LlFClj6X8QFsb-qntiYsg6YhrMoIgGAYAH5JT6MZAHA6gHpr4b2AcB&ohost=www.google.com.mx&cid=CAASIuRoxZ0rbBRZpgj07jxM-Wj_XOpTMjJTlTFm8OZ5ndERskI&sig=AOD64_3CPKucYgFCp7imUZdg-_lY8ARxBw&clui=0&q=&ved=0ahUKEwj9ou6h6MLKAhXmvIMKHT6_Bk44ChDRDAgY&adurl=http://www.compare99.com/compare.html%3Fq%3DWisconsin-Error-Quarters%26ort%3DWisconsin-Error-Quarters%26adid%3DiaCkp565zKSVos%252FVzJ9feNPU0qNYosyfupqlltDQ1pqgYKbU1aCkYLLXxKOmmNPViaRvmsLX1leVm8LUoIg%253D%26gaa%3DW",
          "link_type": "ads_main"
        },
        {
          "domain": "",
          "link": "/aclk?sa=L&ai=CalwTh_SkVuihLoXrpAPj7awYuLvkxQeYiZCz2gKTnO2aKwgDEAFg5QOQAQLIAQGqBCVP0CQS0EeCh2rVopLu0_lqx-mciZzUwsvYiuN_5ryLgWSY8UaggAf4iI0zkAcDqAemvhvYBwE&sig=AOD64_3mrhbRAOG7q1ENmw9ZiveFbbWf1g&clui=1&q=&ved=0ahUKEwj9ou6h6MLKAhXmvIMKHT6_Bk44ChDRDAhd&adurl=http://rover.ebay.com/rover/1/711-42618-2056-0/2%3Fmpre%3Dhttp%253A%252F%252Fwww.ebay.com%252Fulk%252Fsch%252F%253F_nkw%253Dquarters%252520errors%26keyword%3Dquarters%2520errors%26crlp%3D92912128448_877%26MT_ID%3D69%26geo_id%3D10232%26rlsatarget%3Dkwd-11599040019%26adpos%3D2o1%26device%3Dc%26poi%3D21182%26loc%3D1010126%26treatment_id%3D7",
          "link_type": "ads_main"
        }
      ]
    },
    {
      "results": [
        {
          "domain": "www.ar15.com",
          "link": "http://www.ar15.com/archive/topic.html?b=1&f=5&t=605923",
          "link_type": "results"
        },
        {
          "domain": "www.pinterest.com",
          "link": "https://www.pinterest.com/pin/337910778265690731/",
          "link_type": "results"
        },
        {
          "domain": "blog.bufferapp.com",
          "link": "https://blog.bufferapp.com/thinking-mistakes-8-common-mistakes-in-how-we-think-and-how-to-avoid-them",
          "link_type": "results"
        },
        {
          "domain": "www.antiquemoney.com",
          "link": "http://www.antiquemoney.com/old-one-dollar-bill-value-price-guide/",
          "link_type": "results"
        },
        {
          "domain": "forum.openoffice.org",
          "link": "https://forum.openoffice.org/en/forum/viewtopic.php?t=46746",
          "link_type": "results"
        },
        {
          "domain": "www.library.illinois.edu",
          "link": "http://www.library.illinois.edu/hpnl/guides/newspapers/american/1800-1860/city.html",
          "link_type": "results"
        },
        {
          "domain": "coinedformoney.blogspot.com",
          "link": "http://coinedformoney.blogspot.com/2009/06/no-error-error.html",
          "link_type": "results"
        },
        {
          "domain": "moneypantry.com",
          "link": "http://moneypantry.com/valuable-pocket-change/",
          "link_type": "results"
        },
        {
          "domain": "solsjewelryandloan.net",
          "link": "http://solsjewelryandloan.net/blog/",
          "link_type": "results"
        }
      ]
    }
  ]
}