{
  "Origins": "We're not sure how long the rumor that \"no tears\" baby shampoos contain desensitizing agents (novocaine, lidocaine, xylocaine) has been around, but we've been encountering it since at least 1994. The rumor plays upon a deep-seated belief that some things are too good to be true; in this case, that belief is applied to the notion that if a shampoo doesn't irritate a baby's eyes when it finds its way into them, this lack of suffering must be due to the presence of some sort of anesthetic that numbs the delicate tissues it encounters.",
  "Fact Check": "",
  "Description": "Concerns to the contrary, there are no anesthetics in these products. If there were, caregivers everywhere would be experiencing numbness in their hands after washing their children's hair. Moreover, if novocaine or any of its cousins were used in baby shampoo to produce a \"no tears\" effect, that usage would create the dangerous situation of the shampoo's potentially causing harm to a child's eyes while suppressing the warning signs (pain) and natural defenses (tears) that protect against such harm. Overdoses of lidocaine have led to severe toxicity or death in both children and adults, so there is an especial need to protect youngsters from overexposure to that drug amounts that are innocuous for grownups may present a significant toxic hazard in children. If for no other reason than that, makers of baby shampoo would not use lidocaine in their products given the risk of accidental oral ingestion of soap suds by children. \"No more tears\" shampoos gain that effect from the nature of the chemicals used in their formulation, which trade off cleansing ability for mildness. Mainstream shampoos generally contain lauryl sulfates that irritate the eyes and scalp but also leave hair very, very clean. Baby shampoos instead use long chain surfactants (which are far less efficient in emulsifying oil from hair) or they include an ionic polymer in the formulation, either of which helps prevent the product from stinging when it gets into the eyes. However, that is not to say that all has always been well with baby shampoos. In 2009, the Campaign for Safe Cosmetics analyzed the contents of dozens of products for children and discovered many of those goods contained two substances they identified as being of particular concern: formaldehyde and 1,4 dioxane. That organization brought pressure to bear upon Johnson & Johnson, the maker of Johnson's Baby Shampoo (which as been on the market since 1953), to reformulate their product to remove a chemical that releases formaldehyde, a known carcinogen. In August 2012, Johnson & Johnson pledged to eliminate formaldehyde, parabens, triclosan, and phthalates from all their baby products, and in May 2013 announced that they had done so. 1,4-dioxane , which forms as a byproduct during the manufacturing process of certain cosmetic ingredients, is harder to eliminate. Johnson & Johnson says it has reformulated about 70 percent of their baby products to reduce the amount of 1,4-dioxane contained in them. Barbara \"chemical solution\" Mikkelson",
  "Originally Published": "",
  "Referred Links": "http://www.fda.gov/cosmetics/productandingredientsafety/potentialcontaminants/ucm101566.htm;",
  "Example": "[Collected via e-mail, March 2001] I just heard today a story that sounded like a hoax but couldn't find it on your board. A friend went into a kids hair salon and was asking about shampoo. The beautician said that there was a recent show on 20/20 or 60 minutes, etc. that said Johnson & Johnson adds novocaine to their \"No more tears\" shampoo. The novocaine is added to prevent the burning sensation in the eyes. [Collected via e-mail, March 2004] Someone told me that reason that Johnson's No More Tears baby shampoo works is not because it's gentle but because it has something in it that numbs children's eyes to the sting of the cleansers. She was trying to sell us her company's line of baby products that are gentler and I have to admit she caught my attention. Though it does smack of urban legend material! [Collected via e-mail, August 2004] Only last night I was told that Johnson and Johnson No Tears Baby Wash/Shampoo had Formaldahyde or Novacaine (or some kind of \"caine\") in its ingredients so that it numbs the babies eyes so they don't feel the sting. [Collected via e-mail, November 2011] A friend who is expecting, and who is normally very tech-savvy, has stated outright that she refuses to use Johnson & Johnson products as they \"put anasthetic in the 'No More Tears' shampoo so that the children don't cry - it's not a weaker or different shampoo at all\", and that \"many of their baby products like baby powder are carcinogenic\".",
  "Last Updated": "20 May 2013",
  "Credibility": "false",
  "URL": "www.snopes.com/business/secret/babyshampoo.asp",
  "Claim": "\"No tears\" baby shampoos work because they include anesthetics such as novocaine.",
  "Claim_ID": "business_secret_babyshampoo",
  "Tags": "",
  "Google Results": [
    {
      "results": [
        {
          "domain": "www.snopes.com",
          "link": "http://www.snopes.com/business/secret/babyshampoo.asp",
          "link_type": "results"
        },
        {
          "domain": "twitter.com",
          "link": "https://twitter.com/snopes/status/336963953420795904",
          "link_type": "results"
        },
        {
          "domain": "science.howstuffworks.com",
          "link": "http://science.howstuffworks.com/science-vs-myth/everyday-myths/tear-free-shampoo-not-sting-eyes.htm",
          "link_type": "results"
        },
        {
          "domain": "www.naturallycurly.com",
          "link": "http://www.naturallycurly.com/curlreading/home/do-no-tear-shampoos-contain-novacaine/",
          "link_type": "results"
        },
        {
          "domain": "www.whatisexpert.com",
          "link": "http://www.whatisexpert.com/301/what-makes-a-shampoo-tearless.html",
          "link_type": "results"
        },
        {
          "domain": "www.facebook.com",
          "link": "https://www.facebook.com/LivingWithAutismADHDandMore/posts/1081998355149903",
          "link_type": "results"
        },
        {
          "domain": "www.facebook.com",
          "link": "https://www.facebook.com/tiddleypombabyspa/posts/701362739887532",
          "link_type": "results"
        },
        {
          "domain": "boards.straightdope.com",
          "link": "http://boards.straightdope.com/sdmb/archive/index.php/t-87460.html",
          "link_type": "results"
        },
        {
          "domain": "www.sjpba.net",
          "link": "http://www.sjpba.net/Farsider/053013.htm",
          "link_type": "results"
        },
        {
          "domain": "daughternumberthree.blogspot.com",
          "link": "http://daughternumberthree.blogspot.com/2012/05/facts-i-know-and-some-that-arent-facts.html",
          "link_type": "results"
        }
      ]
    },
    {
      "results": [
        {
          "domain": "coupondxqf.free-forums.org",
          "link": "http://coupondxqf.free-forums.org/bb-cream/bb-cream-dr-jart/Baby-Dont-Cry-Shampoo-Gentle-Tearless-Wash.shtm",
          "link_type": "results"
        },
        {
          "domain": "www.hotlavasearch.com",
          "link": "http://www.hotlavasearch.com/q/no-more-tears-baby-shampoo",
          "link_type": "results"
        },
        {
          "domain": "free-shipping-blog.purchasebargain.com",
          "link": "http://free-shipping-blog.purchasebargain.com/Sunmark-Baby-Shampoo-Tear-Free-15-oz/",
          "link_type": "results"
        },
        {
          "domain": "camelopardid2.rssing.com",
          "link": "http://camelopardid2.rssing.com/chan-1192507/all_p38.html",
          "link_type": "results"
        },
        {
          "domain": "whyevolutionistrue.wordpress.com",
          "link": "https://whyevolutionistrue.wordpress.com/2014/12/02/no-root-canal-for-you-and-a-note-on-pain/",
          "link_type": "results"
        },
        {
          "domain": "energypr.eu",
          "link": "http://energypr.eu/short-layered/do-laser-hair-combs-work.html",
          "link_type": "results"
        },
        {
          "domain": "www.pbase.com",
          "link": "http://www.pbase.com/lbliss/toenail2",
          "link_type": "results"
        },
        {
          "domain": "www.e-reading.club",
          "link": "http://www.e-reading.club/bookreader.php/131242/Chairman_Mao_Would_Not_Be_Amused_-_Fiction_From_Todays_China.html",
          "link_type": "results"
        }
      ]
    },
    {
      "results": [
        {
          "domain": "m.delphiforums.com",
          "link": "http://m.delphiforums.com/newtish/messages/46433/199",
          "link_type": "results"
        },
        {
          "domain": "invest-syst.ru",
          "link": "http://invest-syst.ru/science/why-doesn-t-tear-free-shampoo-sting-your-eyes.html",
          "link_type": "results"
        },
        {
          "domain": "www.tymthetrainer.com",
          "link": "http://www.tymthetrainer.com/commonillnessonline.html",
          "link_type": "results"
        },
        {
          "domain": "wendiinfertility.blogspot.com",
          "link": "http://wendiinfertility.blogspot.com/p/our-journey.html",
          "link_type": "results"
        },
        {
          "domain": "avivaromm.com",
          "link": "http://avivaromm.com/choosing-home-birth",
          "link_type": "results"
        },
        {
          "domain": "brianrush.info",
          "link": "http://brianrush.info/dental-clinic-in-nine-mile-falls-washington",
          "link_type": "results"
        },
        {
          "domain": "www.skepticalob.com",
          "link": "http://www.skepticalob.com/2015/05/sheila-kitzinger-was-right-about-childbirth-and-feminism.html",
          "link_type": "results"
        },
        {
          "domain": "wn.com",
          "link": "http://wn.com/The_Photo_Brigade_Podcast_59_With_David_Bergman,_Bon_Jovi_Work",
          "link_type": "results"
        },
        {
          "domain": "itbeganincamp4.blogspot.com",
          "link": "http://itbeganincamp4.blogspot.com/2011_04_01_archive.html",
          "link_type": "results"
        },
        {
          "domain": "www.archive.org",
          "link": "http://www.archive.org/stream/southernmed971935char/southernmed971935char_djvu.txt",
          "link_type": "results"
        }
      ]
    }
  ]
}