{
  "Origins": "On 16 January 2015, New York City-based British tea shop Tea & Sympathy published a Facebook status update castigating candy giant Hershey's, alleging the company had \"banned\" imports of Cadbury chocolates made in the United Kingdom. In addition, the post claimed popular imported British chocolate items including Yorkie bars and Toffee Crisps were \"banned\" because their names or likenesses were too similar to the American confectionaries York Peppermint Patties and Reese's Peanut Butter Cups:",
  "Fact Check": "",
  "Description": "The post concluded by urging fans to contact the CEO of Hershey's to express their displeasure over the new restriction. On 23 January 2015, the New York Times published an article examining claims of a ban on the sale of Cadbury UK's chocolates in the United States (where they have a strong fan base, despite higher pricing than American versions). Partially at issue is whether Hershey's can \"ban\" imports or sales of any product. While Hershey's has a lock on a lot of the United States' chocolate market, the company technically doesn't have the authority to ban anything from the U.S. market as it is not a regulatory agency. However, Hershey's can enforce the license it has to manufacture Cadbury chocolates in the U.S. and claim UK-made versions of those products violate the terms of that licensing agreement. It's worth noting the status update above doesn't pertain to just Cadbury UK products. If the claim is accurate, the company additionally argued other imported British chocolate products (which are not licensed by Hershey's) could unfairly confuse consumers due to their resemblance to American chocolate brands. Cited in the Facebook update and Times article were Yorkie bars and Toffee Crisps and their alleged similarity to York Peppermint Patties and Reese's Peanut Butter Cups, respectively: As the image displayed above shows, Yorkies are not patty-shaped (and neither are they mint candy), and the packaging colors bear no resemblance to York Peppermint Patties. Toffee Crisps are likewise not cup-shaped candies, though the color is similar (albeit not identical) to Reese's products. Clearly, both sides have an interest in swaying public sentiment. Hershey's stands to gain from consumers forced to purchase US-made Cadbury products, and smaller shops such as Tea & Sympathy serve a thriving market of anglophiles, expats, and other chocolate lovers who prefer UK formulations for a number of reasons. The Times reported the primary importer of affected products confirmed it would no longer be importing the following British products: As a result of a settlement with the Hershey's Company, Let's Buy British Imports, or L.B.B., agreed to stop importing all Cadbury's chocolate made overseas. The company also agreed to halt imports on KitKat bars made in Britain; Toffee Crisps, which, because of their orange packaging, and yellow-lined brown script, too closely resemble Reese's Peanut Butter Cups; Yorkie chocolate bars, which infringe on the York peppermint patty; and Ms. Perry's beloved Maltesers. Hershey's has been silent so far about the controversy despite vocal opposition. However, a spokesman for the company e-mailed the Times about the settlement and confirmed Hershey's wished to enforce its trademarks and limit or dispute the sale of certain imported chocolate brands: Jeff Beckman, a representative for Hershey's, said L.B.B. and others were importing products not intended for sale in the United States, infringing on its trademark and trade dress licensing. For example, Hershey's has a licensing agreement to manufacture Cadbury's chocolate in the United States with similar packaging used overseas, though with a different recipe. \"It is important for Hershey to protect its trademark rights and to prevent consumers from being confused or misled when they see a product name or product package that is confusingly similar to a Hershey name or trade dress,\" Mr. Beckman said in an email. So while Hershey's hasn't \"banned\" imports of chocolate from the UK, the company has confirmed a settlement that will result in the effective discontinuation of imports of some Cadbury brand chocolates and some other UK-made confectionaries. Enterprising fans of British chocolate should still be able to procure their favored treats, but doing so is set to become much more difficult.",
  "Originally Published": "",
  "Referred Links": "http://www.nytimes.com/2015/01/24/nyregion/after-a-deal-british-chocolates-wont-cross-the-pond.html;https://www.facebook.com/TeaAndSympathyNYC/posts/10155110984185650;",
  "Example": "[Collected via e-mail and Facebook, January 2015] Has the Hershey Chocolate Company really banned Cadbury Chocolate products from being imported to the United States? I have seen this circulating on Facebook in the past week.",
  "Last Updated": "28 January 2015",
  "Credibility": "mostly true",
  "URL": "www.snopes.com/business/consumer/hersheyban.asp",
  "Claim": "Hershey's has blocked imports of Cadbury chocolate manufactured in the UK and other British chocolates.",
  "Claim_ID": "business_consumer_hersheyban",
  "Tags": "",
  "Google Results": [
    {
      "results": [
        {
          "domain": "www.bbc.com",
          "link": "http://www.bbc.com/news/world-us-canada-31120182",
          "link_type": "results"
        },
        {
          "domain": "www.nytimes.com",
          "link": "http://www.nytimes.com/2015/01/24/nyregion/after-a-deal-british-chocolates-wont-cross-the-pond.html",
          "link_type": "results"
        },
        {
          "domain": "www.businessinsider.com",
          "link": "http://www.businessinsider.com/hersheys-bans-british-chocolate-2015-1",
          "link_type": "results"
        },
        {
          "domain": "www.snopes.com",
          "link": "http://www.snopes.com/business/consumer/hersheyban.asp",
          "link_type": "results"
        },
        {
          "domain": "www.bostonglobe.com",
          "link": "https://www.bostonglobe.com/business/2015/02/16/hershey-ban-rival-chocolates-runs-into-resistance/c7ubBNBTYjCTTmGYSRPF0I/story.html",
          "link_type": "results"
        },
        {
          "domain": "www.independent.co.uk",
          "link": "http://www.independent.co.uk/life-style/food-and-drink/news/hersheys-angers-us-chocolate-purists-by-forcing-company-to-stop-importing-yummy-cadbury-bars-10004199.html",
          "link_type": "results"
        },
        {
          "domain": "www.huffingtonpost.com",
          "link": "http://www.huffingtonpost.com/2015/01/26/hersheys-cadbury-chocolate-wont-be-imported_n_6548430.html",
          "link_type": "results"
        },
        {
          "domain": "www.telegraph.co.uk",
          "link": "http://www.telegraph.co.uk/news/worldnews/northamerica/usa/11366162/US-chocolate-giant-Hershey-goes-to-war-over-imported-British-sweets.html",
          "link_type": "results"
        },
        {
          "domain": "www.telegraph.co.uk",
          "link": "http://www.telegraph.co.uk/foodanddrink/foodanddrinknews/11370055/Why-is-Hersheys-afraid-of-British-chocolate.html",
          "link_type": "results"
        },
        {
          "domain": "www.vanityfair.com",
          "link": "http://www.vanityfair.com/culture/2015/04/hersheys-cadbury-chocolate-ban-revolt",
          "link_type": "results"
        },
        {
          "domain": "",
          "link": "/aclk?sa=l&ai=CxUCeRwOlVtyAKI_epAPhz5HIAuysmuwH9K7_uqYCzpzlLAgDEAFg5av5hKgWoAHIysHsA8gBAaoEKk_QR5qYQcvsIIA3JrcxEQHaYwWg3aylzHom7psk5Pl_JUDx5-vAbnIotYAHoLW-E5AHA6gHpr4b2AcB&sig=AOD64_2wmGSzb_WoJMFJfpsagZ2rdk5omQ&clui=0&q=&ved=0ahUKEwiIk66q9sLKAhUjlYMKHWzTDhYQ0QwIXA&adurl=http://clickserve.dartsearch.net/link/click%3Flid%3D43700008009308657%26ds_s_kwgid%3D58700000672626155%26%26ds_e_adid%3D78958261972%26ds_e_matchtype%3Dsearch%26ds_e_device%3Dc%26ds_e_network%3Dg%26%26ds_url_v%3D2%26ds_dest_url%3Dhttp://www.ghirardelli.com/commit",
          "link_type": "ads_main"
        }
      ]
    },
    {
      "results": [
        {
          "domain": "time.com",
          "link": "http://time.com/3684812/chocolate-wars/",
          "link_type": "results"
        },
        {
          "domain": "digiday.com",
          "link": "http://digiday.com/brands/hersheys-blocks-cadburys-us-hell-breaks-loose-online/",
          "link_type": "results"
        },
        {
          "domain": "www.thedrum.com",
          "link": "http://www.thedrum.com/news/2015/02/18/chocolate-wars-hershey-bans-british-cadbury-us",
          "link_type": "results"
        },
        {
          "domain": "www.philly.com",
          "link": "http://www.philly.com/philly/blogs/trending/Hersheys-banned-British-made-Cadbury-people-are-livid.html",
          "link_type": "results"
        },
        {
          "domain": "www.stephenking.com",
          "link": "http://www.stephenking.com/xf/index.php?threads/hersheys-banning-cadbury-imports-to-usa.5715/",
          "link_type": "results"
        },
        {
          "domain": "www.theguardian.com",
          "link": "http://www.theguardian.com/business/2015/jan/27/hersheys-lawsuit-ban-imported-cadbury-from-us",
          "link_type": "results"
        },
        {
          "domain": "www.dnainfo.com",
          "link": "https://www.dnainfo.com/new-york/20150224/west-village/banned-british-cadbury-chocolates-can-be-yours-via-mail-order",
          "link_type": "results"
        },
        {
          "domain": "consumerist.com",
          "link": "http://consumerist.com/2015/01/26/deal-with-hersheys-puts-an-end-to-import-of-cadbury-chocolates/",
          "link_type": "results"
        },
        {
          "domain": "finance.yahoo.com",
          "link": "http://finance.yahoo.com/news/hersheys-just-blocked-british-chocolate-173243095.html",
          "link_type": "results"
        },
        {
          "domain": "www.addictinginfo.org",
          "link": "http://www.addictinginfo.org/2015/01/27/say-goodbye-to-cadbury-hershey-gets-british-chocolate-imports-banned-in-america/",
          "link_type": "results"
        }
      ]
    },
    {
      "results": [
        {
          "domain": "brandchannel.com",
          "link": "http://brandchannel.com/2015/01/26/choc-block-us-chocolate-lovers-protest-as-hershey-bars-cadbury-uk-brands/",
          "link_type": "results"
        },
        {
          "domain": "www.youtube.com",
          "link": "https://www.youtube.com/watch?v=_N7EgDATalA",
          "link_type": "results"
        },
        {
          "domain": "www.reddit.com",
          "link": "https://www.reddit.com/r/news/comments/2tnqx8/hersheys_is_stopping_the_import_of_britishmade/",
          "link_type": "results"
        },
        {
          "domain": "www.candyblog.net",
          "link": "http://www.candyblog.net/blog/item/uk_vs_us_cadbury_dairy_milk",
          "link_type": "results"
        },
        {
          "domain": "www.anglotopia.net",
          "link": "http://www.anglotopia.net/site-news/featured/british-chocolate-party-understanding-hersheys-legal-war-cadbury-us/",
          "link_type": "results"
        },
        {
          "domain": "www.questia.com",
          "link": "https://www.questia.com/newspaper/1G1-404838372/fact-check-the-chocolate-war-hershey-s-blocking",
          "link_type": "results"
        },
        {
          "domain": "rebrn.com",
          "link": "http://rebrn.com/re/hersheys-has-blocked-british-made-cadbury-chocolate-from-enterin-285833/",
          "link_type": "results"
        },
        {
          "domain": "domesticity.gawker.com",
          "link": "http://domesticity.gawker.com/creme-egg-controversy-continues-lawsuit-cooked-up-to-b-1681214744",
          "link_type": "results"
        },
        {
          "domain": "money.cnn.com",
          "link": "http://money.cnn.com/2015/01/23/news/companies/hershey-chocolate-trademark/",
          "link_type": "results"
        },
        {
          "domain": "www.cnbc.com",
          "link": "http://www.cnbc.com/2015/02/07/british-tastebuds-caught-in-crossfire-of-chocolate-war.html",
          "link_type": "results"
        }
      ]
    }
  ]
}