{
  "Origins": "",
  "Fact Check": "",
  "Description": "",
  "Originally Published": "",
  "Referred Links": "https://www.acf.hhs.gov/sites/default/files/programs/css/child_support_handbook_with_toc.pdf;",
  "Example": "[Collected via e-mail, January 2016] Delaware is making a card that controls what moms can and cannot buy with child support. Is that true? Origin:On 8 January 2016, the entertainment web site The Reporterz published an article reporting that Delaware had created a new \"child support card\" that controlled \"what mothers can and cannot buy\" with their child support funds: This measure was taken to prevent parents from misusing funds that are meant to help with costs associated with raising children, such as school related expenses, food, etc. This card will not be allow the parent to purchase alcohol, cigarettes or pay car payments the card will be used exactly like a food stamp card. We spoke to Tasha Brown who was upset after she couldn't purchase a bottle of Hennessy at her local liquor store. she says \"Its' [sic] unfair its [sic] my money I should be able to do what i want with it how will I pay for my new weave?\" The article was ambiguous about whether the card would apply to all funds received for the care of children (such as support monies paid by former spouses) or funds made available through government assistance programs. It didn't matter either way, though, as the story was a complete fabrication that originated with a fake news web site that does not publish factual stories. A disclaimer on The Reporterz states that \"every article is based on a true story, only the facts have been changed.\" In this case, Deleware really does have a card that makes it easier for single parents and guardians to receive funds. The First State Family Card is a pre-paid debit card that does not require bank account: The First State Family Card is a pre-paid VISA card that is credited whenever a payment is posted to any/all of a client's child support case(s). Benefits to the debit VISA card include: While Delaware does have a card that makes it easier for parents to collect child support, the handbook for the First State Family Card (not the \"Child Support Card\") does not mention any restrictions on how the funds may be utilized. Last updated: 09 January 2016 Originally published: 09 January 2016",
  "Last Updated": "",
  "Credibility": "false",
  "URL": "www.snopes.com/child-support-card-delaware/",
  "Claim": "Delaware has issued a new \"child support card\" that cannot be used to purchase items such as alcohol or cigarettes.",
  "Tags": "family support card;child support card;delaware;",
  "Claim_ID": "child-support-card-delaware",
  "Google Results": [
    {
      "results": [
        {
          "domain": "www.snopes.com",
          "link": "http://www.snopes.com/child-support-card-delaware/",
          "link_type": "results"
        },
        {
          "domain": "www.politifact.com",
          "link": "http://www.politifact.com/curation/national/archive/?page=3",
          "link_type": "results"
        },
        {
          "domain": "thelatest.com",
          "link": "http://thelatest.com/news/fake-story-support-delaware-1271791/1710603/social",
          "link_type": "results"
        },
        {
          "domain": "butthatsnoneofmybusiness.com",
          "link": "http://butthatsnoneofmybusiness.com/new-child-support-card-controls-what-mothers-can-and-cannot-buy-with-child-support-money/",
          "link_type": "results"
        },
        {
          "domain": "zmxpcgjvyxjklmnvbq0000g00.ywjvdxqubwu00.dc5jbw0000.dhdpdhrlci5jb2000.d3d3lnr3axr0zxiuy29t.d3d3lndhc2hpbmd0b25wb3n0lmnvbq0000.www.www.washingtonpost.com",
          "link": "http://zmxpcgjvyxjklmnvbq0000g00.ywjvdxqubwu00.dc5jbw0000.dhdpdhrlci5jb2000.d3d3lnr3axr0zxiuy29t.d3d3lndhc2hpbmd0b25wb3n0lmnvbq0000.www.www.washingtonpost.com/g00/TU9SRVBIRVVTMzQ0JGh0dHBzOi8vZmxpcGJvYXJkLmNvbS90b3BpYy9jaGlsZHN1cHBvcnQ%3D/$/$",
          "link_type": "results"
        },
        {
          "domain": "flipboard.com",
          "link": "https://flipboard.com/topic/childsupport",
          "link_type": "results"
        },
        {
          "domain": "flipboard.com",
          "link": "https://flipboard.com/topic/delaware/trash-boats-on-the-schuylkill-and-the-delaware-pull-44-tons-of-garbage-a-year-fr/f-2aa3926977%2Fbillypenn.com",
          "link_type": "results"
        },
        {
          "domain": "itschytea.tumblr.com",
          "link": "http://itschytea.tumblr.com/post/136970731937/there-is-a-such-thing-as-baby-mom-and-the",
          "link_type": "results"
        },
        {
          "domain": "www.coolrocketry.com",
          "link": "http://www.coolrocketry.com/restrictions-child-support-card-launched-delaware/",
          "link_type": "results"
        },
        {
          "domain": "websta.me",
          "link": "https://websta.me/tag/deadbeats?lang=en",
          "link_type": "results"
        }
      ]
    },
    {
      "results": [
        {
          "domain": "",
          "link": "/aclk?sa=L&ai=CJejdEFqmVo_3MYKapAPD452ABLypssoGpIXn1cwBzurH2gQIABABYOUDkAECyAEBqgQoT9BsKR2SG74gWet4cnoSZO3qCi0tSJxU0e_RSkTLoMKy51GdQnI1c4AH7OLRMJAHA6gHpr4b2AcB&sig=AOD64_0Z0aTFrO7hPTOapsC39iaPUKisWg&clui=0&q=&ved=0ahUKEwjt9KeevcXKAhUCu4MKHSzxDgY4ChDRDAgY&adurl=http://nationalparentsorganization.org/",
          "link_type": "ads_main"
        },
        {
          "domain": "www.instagramposts.com",
          "link": "http://www.instagramposts.com/user/_chynnadee/54268772",
          "link_type": "results"
        },
        {
          "domain": "www.nonegram.com",
          "link": "https://www.nonegram.com/tags/deadbeats",
          "link_type": "results"
        },
        {
          "domain": "insparazzi.com",
          "link": "http://insparazzi.com/user/54268772/_chynnadee",
          "link_type": "results"
        },
        {
          "domain": "sixmoment.com",
          "link": "https://sixmoment.com/goodmoms",
          "link_type": "results"
        },
        {
          "domain": "www.imagli.com",
          "link": "http://www.imagli.com/tag/goodmoms",
          "link_type": "results"
        },
        {
          "domain": "pictigar.com",
          "link": "http://pictigar.com/hashtag/CHYTEA%E2%98%95%EF%B8%8F",
          "link_type": "results"
        },
        {
          "domain": "instagy.com",
          "link": "https://instagy.com/tag/badnoms",
          "link_type": "results"
        },
        {
          "domain": "www.instagramphotom.com",
          "link": "http://www.instagramphotom.com/tag/deadbeats",
          "link_type": "results"
        },
        {
          "domain": "nuzzel.com",
          "link": "http://nuzzel.com/story/01092016/snopes/false_delaware_child_support_card",
          "link_type": "results"
        },
        {
          "domain": "tumview.com",
          "link": "http://tumview.com/tumblr/users/itschytea/photos",
          "link_type": "results"
        }
      ]
    },
    {
      "results": [
        {
          "domain": "petitionchildsupportreform.com",
          "link": "http://petitionchildsupportreform.com/2011/01/a-a-previous-signatures-comments/",
          "link_type": "results"
        },
        {
          "domain": "www.encyclopedia.com",
          "link": "http://www.encyclopedia.com/topic/Romania.aspx",
          "link_type": "results"
        },
        {
          "domain": "iconosquare.com",
          "link": "http://iconosquare.com/tag/goodmoms",
          "link_type": "results"
        },
        {
          "domain": "netinstagram.com",
          "link": "http://netinstagram.com/gooddads",
          "link_type": "results"
        },
        {
          "domain": "www.christianprayercenter.com",
          "link": "http://www.christianprayercenter.com/finance-prayerlist/November-2013.html",
          "link_type": "results"
        },
        {
          "domain": "testedfan.blogspot.com",
          "link": "http://testedfan.blogspot.com/2006_12_24_archive.html",
          "link_type": "results"
        },
        {
          "domain": "filtlibfera.890m.com",
          "link": "http://filtlibfera.890m.com/shufle-find-key-173.txt",
          "link_type": "results"
        },
        {
          "domain": "mostextremenews.com",
          "link": "http://mostextremenews.com/new-child-support-card-controls-what-mothers-can-and-cannot-buy-with-child-support-money/",
          "link_type": "results"
        },
        {
          "domain": "easyinstagram.com",
          "link": "http://easyinstagram.com/alcohol",
          "link_type": "results"
        }
      ]
    }
  ]
}