{
  "Origins": "The \"haiku error message\" list is another example of a concept which began purely as a bit of creative fun, but has since been stripped of the context explaining its origins and is now proffered as a \"true\" piece of information.",
  "Fact Check": "",
  "Description": "This list has probably spread so widely not just as a humor piece but as a \"real\" article because the world of computers is still a deep, dark mystery to many (lots of people use PCs regularly but have no idea how the machines work, and they therefore believe just about any computer-related information coming from a seemingly authoritative source), and because the list so neatly plays into the western view of the Japanese as a poetic and fatalistic people. The haiku list was the work of many creative minds, but they were mostly American minds, and the entries were intended simply to bring about a few chuckles. The clever messages were prompted by a January 1998 contest in Salon magazine, which challenged readers to come up with inventive error messages written as haiku poems: The world of high-tech has been called soulless a charge that is borne out by on-screen error messages like \"abort/retry/fail?\" and \"404 file not found.\" Below, a modest attempt at change an error message in the form of a haiku poem: Something you entered transcended parameters. So much is unknown. Readers are invited to submit up to three error messages written as haiku poems. The haiku is a three-line poem in the 5/7/5 form (first line 5 syllables, second line 7, third line 5). Salon ultimately received over 200 entries , from which they selected two winners and thirty other efforts worthy of honorable mention. The list now circulating is drawn largely from those entries as published by Salon , although different versions drop some of the original items and include entries from other sources.",
  "Originally Published": "",
  "Referred Links": "http://archive.salon.com/21st/chal/1998/02/10chal2.html;http://archive.salon.com/21st/chal/1998/01/26chal.html;",
  "Example": "[Collected via e-mail, 1998] In Japan, they have replaced the impersonal and unhelpful Microsoft Error messages with Haiku poetry messages. Haiku poetry has strict construction rules. Each poem has only three lines, 17 syllables: five syllables in the first line, seven in the second, five in the third. Haikus are used to communicate a timeless message often achieving a wistful, yearning and powerful insight through extreme brevity the essence of Zen: Your file was so big. It might be very useful. But now it is gone. The Web site you seek Cannot be located, but Countless more exist. Chaos reigns within. Reflect, repent, and reboot. Order shall return. Program aborting: Close all that you have worked on. You ask far too much. Windows NT crashed. I am the Blue Screen of Death. No one hears your screams. Yesterday it worked. Today it is not working. Windows is like that. First snow, then silence. This thousand-dollar screen dies So beautifully. With searching comes loss And the presence of absence: \"My Novel\" not found. The Tao that is seen Is not the true Tao-until You bring fresh toner. Stay the patient course. Of little worth is your ire. The network is down. A crash reduces Your expensive computer To a simple stone. Three things are certain: Death, taxes and lost data. Guess which has occurred. You step in the stream, But the water has moved on. This page is not here. Out of memory. We wish to hold the whole sky, But we never will. Having been erased, The document you're seeking Must now be retyped. Serious error. All shortcuts have disappeared. Screen. Mind. Both are blank.",
  "Last Updated": "3 April 2007",
  "Credibility": "false",
  "URL": "www.snopes.com/computer/internet/haiku.asp",
  "Claim": "Japanese software replaces Microsoft error messages with haiku poetry.",
  "Claim_ID": "computer_internet_haiku",
  "Tags": "",
  "Google Results": [
    {
      "results": [
        {
          "domain": "www.snopes.com",
          "link": "http://www.snopes.com/computer/internet/haiku.asp",
          "link_type": "results"
        },
        {
          "domain": "www.netlingo.com",
          "link": "http://www.netlingo.com/word/haiku-poetry-error-messages.php",
          "link_type": "results"
        },
        {
          "domain": "www-users.cs.york.ac.uk",
          "link": "https://www-users.cs.york.ac.uk/susan/joke/haiku.htm",
          "link_type": "results"
        },
        {
          "domain": "c2.com",
          "link": "http://c2.com/cgi/wiki?ComputerErrorHaiku",
          "link_type": "results"
        },
        {
          "domain": "www.techspot.com",
          "link": "http://www.techspot.com/community/topics/haiku-error-messages-when-your-computer-fails.6794/",
          "link_type": "results"
        },
        {
          "domain": "www.facebook.com",
          "link": "https://www.facebook.com/SBBDL/posts/577347428957226?stream_ref=5",
          "link_type": "results"
        },
        {
          "domain": "www.weirdity.com",
          "link": "http://www.weirdity.com/jokes/microsoft.shtml",
          "link_type": "results"
        },
        {
          "domain": "www.begent.org",
          "link": "http://www.begent.org/software.htm",
          "link_type": "results"
        },
        {
          "domain": "askville.amazon.com",
          "link": "http://askville.amazon.com/find-404-error-messages-written-haiku-poems/AnswerViewer.do?requestId=42232375",
          "link_type": "results"
        },
        {
          "domain": "",
          "link": "/aclk?sa=l&ai=CB9_m7j2lVrjmMo7gpAO1-qaoBK_IhKsGx-m13MQCmNHReAgDEAEoAmDlg4CAqBagAbnw5P4DyAEBqgQnT9Ccf7PlzmFMUQg_Df1Mun_QbiW8fUjJnjqv7h_JmXuEzUZY2HzhgAevj5sBkAcDqAemvhvYBwE&sig=AOD64_2uMzIDuBN1mEdRk9kOatgkFivpew&clui=0&q=&ved=0ahUKEwjG5JOirsPKAhXHloMKHZa2A4oQ0QwIWA&adurl=https://www.poets.org/academy-american-poets/support-academy-american-poets",
          "link_type": "ads_main"
        },
        {
          "domain": "",
          "link": "/aclk?sa=L&ai=CRx-07j2lVrjmMo7gpAO1-qaoBInyx3Tz3I6h0QGonK3JBQgDEAIoAmDlg4CAqBbIAQGqBChP0OwL-OXNYUxRCD8N_Uy6K5pjGbx9SMmeOq_uH8mZe4TNRliKDnBcgAeh1rwNkAcDqAemvhvYBwE&sig=AOD64_2Eb9txPtKcGO5AtlF29cxeMRpn1g&clui=5&q=&ved=0ahUKEwjG5JOirsPKAhXHloMKHZa2A4oQ0QwIYg&adurl=http://www.alzpoetry.com",
          "link_type": "ads_main"
        }
      ]
    },
    {
      "results": [
        {
          "domain": "www.emmitsburg.net",
          "link": "http://www.emmitsburg.net/humor/archives/computer/computer_4.htm",
          "link_type": "results"
        },
        {
          "domain": "www.haikudeck.com",
          "link": "https://www.haikudeck.com/national-poetry-day-uncategorized-presentation-XNwJ6Jl8wW",
          "link_type": "results"
        },
        {
          "domain": "www.libertybasicuniversity.com",
          "link": "http://www.libertybasicuniversity.com/lbnews/nl107/haiku.htm",
          "link_type": "results"
        },
        {
          "domain": "blogs.rediff.com",
          "link": "http://blogs.rediff.com/writethpunsio/2015/06/22/windows-error-messages-funny/",
          "link_type": "results"
        },
        {
          "domain": "ukalynyga.opx.pl",
          "link": "http://ukalynyga.opx.pl/japanese-haiku-windows-pc.php",
          "link_type": "results"
        },
        {
          "domain": "viewonbuddhism.org",
          "link": "http://viewonbuddhism.org/resources/zen_fun.html",
          "link_type": "results"
        },
        {
          "domain": "www.mediainfluencer.net",
          "link": "http://www.mediainfluencer.net/2007/01/",
          "link_type": "results"
        },
        {
          "domain": "www.fenichel.com",
          "link": "http://www.fenichel.com/CompHumor.shtml",
          "link_type": "results"
        },
        {
          "domain": "www.gameboomers.com",
          "link": "http://www.gameboomers.com/forum/ubbthreads.php/topics/831780/favicon.ico",
          "link_type": "results"
        }
      ]
    },
    {
      "results": [
        {
          "domain": "www.pcreview.co.uk",
          "link": "http://www.pcreview.co.uk/threads/wcg-stats-sunday-31-may-2015.4068780/",
          "link_type": "results"
        },
        {
          "domain": "forums.spacebattles.com",
          "link": "https://forums.spacebattles.com/threads/japan-replaces-impersonal-and-unhelpful-microsoft-error-messages-with-haiku-poetry.15703/",
          "link_type": "results"
        },
        {
          "domain": "www.d.umn.edu",
          "link": "https://www.d.umn.edu/~rdavis/advise/notes/jokes.html",
          "link_type": "results"
        },
        {
          "domain": "transliteracies.english.ucsb.edu",
          "link": "http://transliteracies.english.ucsb.edu/post/research-project/research-clearinghouse-individual/research-reports/giselle-beiguelman-esc-for-escape-2004",
          "link_type": "results"
        },
        {
          "domain": "dyuodr-ee.gq",
          "link": "http://dyuodr-ee.gq/I9C",
          "link_type": "results"
        },
        {
          "domain": "mathforum.org",
          "link": "http://mathforum.org/kb/message.jspa?messageID=4583603",
          "link_type": "results"
        },
        {
          "domain": "www.desvirtual.com",
          "link": "http://www.desvirtual.com/escape/english/errors.htm",
          "link_type": "results"
        },
        {
          "domain": "homepage.ntlworld.com",
          "link": "http://homepage.ntlworld.com/clivebillson/fun/fun.html",
          "link_type": "results"
        },
        {
          "domain": "jokes.noop.dk",
          "link": "http://jokes.noop.dk/?paged=148",
          "link_type": "results"
        },
        {
          "domain": "forums.kustompcs.co.uk",
          "link": "http://forums.kustompcs.co.uk/forum/general/general-chat/10050-m-errors-replaced-with-haiku-poetry-in-japan",
          "link_type": "results"
        }
      ]
    }
  ]
}