{
  "Origins": "In August 2014, Facebook users begin seeing posts that featured what looked to be an image from a video of pro wrestler Hulk Hogan bloody and prone, with text indicating that \"Hulk Hogan died after having a deadly head shot today as revenge.\"",
  "Fact Check": "",
  "Description": "However, Hulk Hogan is alive and well, and there is no such video to be seen. (The bloodied photo of Hulk Hogan actually comes from a 2009 promotional ' incident ' in Australia when Hogan was 'attacked' by fellow wrestler Ric Flair.) Users who did click through on such links were taken to a faux Facebook page which eventually led them down the trail of the usual survey scam , directing them to \"like\" or \"share\" links with their Facebook friends and complete online surveys, all with the goal of getting them to enrich scammers by disclosing sensitive personal information, spreading malware, buying products, and signing up for costly, difficult-to-cancel services.",
  "Originally Published": "",
  "Referred Links": "http://www.thescandalouscelebrity.com/2009/11/hulk-hogan-gets-in-a-fight/;",
  "Example": "[Collected via e-mail, August 2014] Is this true? R.I.P Hulk Hogan died after having a deadly head shot today as revenge",
  "Last Updated": "7 August 2014",
  "Credibility": "false",
  "URL": "www.snopes.com/computer/facebook/hulkhogan.asp",
  "Claim": "Wrestler Hulk Hogan has died from being shot in the head.",
  "Claim_ID": "computer_facebook_hulkhogan",
  "Tags": "",
  "Google Results": [
    {
      "results": [
        {
          "domain": "www.snopes.com",
          "link": "http://www.snopes.com/computer/facebook/hulkhogan.asp",
          "link_type": "results"
        },
        {
          "domain": "www.hoax-slayer.com",
          "link": "http://www.hoax-slayer.com/hulk-hogan-not-dead.shtml",
          "link_type": "results"
        },
        {
          "domain": "en.mediamass.net",
          "link": "http://en.mediamass.net/people/hulk-hogan/deathhoax.html",
          "link_type": "results"
        },
        {
          "domain": "phishlist.com",
          "link": "http://phishlist.com/facebook-scam-r-i-p-hulk-hogan-died-after-having-a-deadly-head-shot-today/",
          "link_type": "results"
        },
        {
          "domain": "www.youtube.com",
          "link": "https://www.youtube.com/watch?v=Rh-jD3VrYD4",
          "link_type": "results"
        },
        {
          "domain": "metro.co.uk",
          "link": "http://metro.co.uk/2014/04/09/ultimate-warrior-dies-aged-54-wwe-superstars-including-hulk-hogan-and-the-rock-pay-tribute-4692919/",
          "link_type": "results"
        },
        {
          "domain": "www.newsmax.com",
          "link": "http://www.newsmax.com/TheWire/hulk-hogan-twitter-death-hoax/2014/08/04/id/586694/",
          "link_type": "results"
        },
        {
          "domain": "en.wikipedia.org",
          "link": "https://en.wikipedia.org/wiki/Dino_Bravo",
          "link_type": "results"
        },
        {
          "domain": "en.wikipedia.org",
          "link": "https://en.wikipedia.org/wiki/Hulk_Hogan",
          "link_type": "results"
        }
      ]
    },
    {
      "results": [
        {
          "domain": "www.onlinethreatalerts.com",
          "link": "http://www.onlinethreatalerts.com/article/2014/8/5/hoax-hulk-hogan-died-after-having-a-deadly-head-shot-today/",
          "link_type": "results"
        },
        {
          "domain": "cyberwarzone.com",
          "link": "http://cyberwarzone.com/r-p-hulk-hogan-died-deadly-head-shot-today-revenge/",
          "link_type": "results"
        },
        {
          "domain": "www.thatsnonsense.com",
          "link": "http://www.thatsnonsense.com/view.php?id=1868",
          "link_type": "results"
        },
        {
          "domain": "www.kpopstarz.com",
          "link": "http://www.kpopstarz.com/articles/104974/20140819/hulk-hogan-death-hoax.htm",
          "link_type": "results"
        },
        {
          "domain": "www.dailymail.co.uk",
          "link": "http://www.dailymail.co.uk/tvshowbiz/article-2510298/Hulk-Hogan-reveals-contemplated-suicide.html",
          "link_type": "results"
        },
        {
          "domain": "www.dailymail.co.uk",
          "link": "http://www.dailymail.co.uk/tvshowbiz/article-1318896/Nick-Hogan-finally-opens-2007-car-crash-left-best-friend-brain-damaged.html",
          "link_type": "results"
        },
        {
          "domain": "www.dailymail.co.uk",
          "link": "http://www.dailymail.co.uk/news/article-3174635/Hulk-Hogan-spotted-day-fired-WWE-racist-n-word-tirade-rants-daughter-sleeping-black-man.html",
          "link_type": "results"
        },
        {
          "domain": "www.dailymail.co.uk",
          "link": "http://www.dailymail.co.uk/news/article-2600359/Pro-wrestling-superstar-The-Ultimate-Warrior-dies-54.html",
          "link_type": "results"
        },
        {
          "domain": "wrestlepundit.com",
          "link": "http://wrestlepundit.com/wwe-news/chris-benoit-conspiracy/",
          "link_type": "results"
        },
        {
          "domain": "books.google.com.mx",
          "link": "https://books.google.com.mx/books?id=B3I54l-8RRQC&pg=PA19&lpg=PA19&dq=Wrestler+Hulk+Hogan+has+died+from+being+shot+in+the+head.&source=bl&ots=CG7Qo-bnLc&sig=KaJh_wSy3YvlBaCLMfzh-qoClws&hl=en&sa=X&ved=0ahUKEwinr9OFicHKAhUrt4MKHRgVBbo4ChDoAQhPMAk",
          "link_type": "results"
        }
      ]
    },
    {
      "results": [
        {
          "domain": "twitter.com",
          "link": "https://twitter.com/snopes/status/497688962400403458",
          "link_type": "results"
        },
        {
          "domain": "www.techtimes.com",
          "link": "http://www.techtimes.com/articles/82098/20150904/bret-hart-rips-hulk-hogan-hes-glad-ex-wrestler-caught.htm",
          "link_type": "results"
        },
        {
          "domain": "www.foodworldnews.com",
          "link": "http://www.foodworldnews.com/articles/11223/20141212/hulk-hogan-dead-fake-issue-becomes-viral-legendary-wrestler-alive.htm",
          "link_type": "results"
        },
        {
          "domain": "tvtropes.org",
          "link": "http://tvtropes.org/pmwiki/pmwiki.php/Wrestling/HulkHogan",
          "link_type": "results"
        },
        {
          "domain": "franticplanet.wordpress.com",
          "link": "https://franticplanet.wordpress.com/2012/03/09/the-mad-lies-of-hulk-hogan/",
          "link_type": "results"
        },
        {
          "domain": "kevineckwrestling.sportsblog.com",
          "link": "http://kevineckwrestling.sportsblog.com/posts/2914050/hulk-hogan-wwe-hall-of-fame-debate-raises-questions-about-other-inductees.html",
          "link_type": "results"
        },
        {
          "domain": "books.google.com.mx",
          "link": "https://books.google.com.mx/books?id=PhmfCgAAQBAJ&pg=PT24&lpg=PT24&dq=Wrestler+Hulk+Hogan+has+died+from+being+shot+in+the+head.&source=bl&ots=GRClxCn5pJ&sig=iTz2_xoz05vAMUU0oogJ3XlxRPA&hl=en&sa=X&ved=0ahUKEwibnMyGicHKAhXDyIMKHV2RAnk4FBDoAQg-MAY",
          "link_type": "results"
        },
        {
          "domain": "www.topix.com",
          "link": "http://www.topix.com/forum/afam/TOKGNLLC7Q04FGD6P",
          "link_type": "results"
        },
        {
          "domain": "bleacherreport.com",
          "link": "http://bleacherreport.com/articles/2267803-from-wrestling-legend-to-double-amputee-kamala-keeps-fighting",
          "link_type": "results"
        },
        {
          "domain": "slam.canoe.com",
          "link": "http://slam.canoe.com/Slam/Wrestling/Bios/hogan.html",
          "link_type": "results"
        }
      ]
    }
  ]
}