{
  "Origins": "",
  "Fact Check": "",
  "Description": "",
  "Originally Published": "",
  "Referred Links": "http://web.archive.org/web/20110313211052/http://www.co.arapahoe.co.us/citizeninfo/FraudAtGasPumpB2.pdf;",
  "Example": "",
  "Last Updated": "",
  "Credibility": "false",
  "URL": "www.snopes.com/crime/warnings/clearbutton.asp",
  "Claim": "Gasoline purchasers who fail to press the \"Clear\" button on gas pumps after refueling risk additional charges appearing on their credit/debit cards.",
  "Claim_ID": "crime_warnings_clearbutton",
  "Tags": "",
  "Google Results": [
    {
      "results": [
        {
          "domain": "www.snopes.com",
          "link": "http://www.snopes.com/crime/warnings/clear.asp",
          "link_type": "results"
        },
        {
          "domain": "financialcv.com",
          "link": "http://financialcv.com/2016/01/clear-loss/",
          "link_type": "results"
        },
        {
          "domain": "lifeinsurance.topinsurancetips.net",
          "link": "http://lifeinsurance.topinsurancetips.net/clear-button-fraud-snopes-com",
          "link_type": "results"
        },
        {
          "domain": "valerocreditcard.xyz",
          "link": "http://valerocreditcard.xyz/scams/gas-station-credit-card-scams",
          "link_type": "results"
        },
        {
          "domain": "keepbown.net",
          "link": "http://keepbown.net/is-flo-from-progressive-insurance-dead-snopes-com",
          "link_type": "results"
        },
        {
          "domain": "camelopardid2.rssing.com",
          "link": "http://camelopardid2.rssing.com/chan-1192507/all_p89.html",
          "link_type": "results"
        },
        {
          "domain": "m.delphiforums.com",
          "link": "http://m.delphiforums.com/newtish/messages/46433/251",
          "link_type": "results"
        },
        {
          "domain": "www.searchitfast.com",
          "link": "http://www.searchitfast.com/index.php?page=search/web&search=buy+clear+tv+scam&type=web&startpage=7",
          "link_type": "results"
        },
        {
          "domain": "nationwidenewspaper.com",
          "link": "http://nationwidenewspaper.com/searchitfast.com/index.php?page=search/web&search=buy+clear+tv+scam&type=web&startpage=4",
          "link_type": "results"
        },
        {
          "domain": "www.sjpba.net",
          "link": "http://www.sjpba.net/Farsider/062614.htm",
          "link_type": "results"
        }
      ]
    },
    {
      "results": [
        {
          "domain": "www.consumeraffairs.com",
          "link": "http://www.consumeraffairs.com/gas-prices?page=2",
          "link_type": "results"
        },
        {
          "domain": "www.federalreserve.gov",
          "link": "http://www.federalreserve.gov/SECRS/2005/March/20050329/R-1217/R-1217_140_1.pdf",
          "link_type": "results"
        },
        {
          "domain": "www.linkedin.com",
          "link": "https://www.linkedin.com/pulse/lets-end-gas-price-shenanigans-once-all-christopher-elliott",
          "link_type": "results"
        },
        {
          "domain": "www.rac.co.uk",
          "link": "http://www.rac.co.uk/driving-abroad/italy",
          "link_type": "results"
        },
        {
          "domain": "www.schneier.com",
          "link": "https://www.schneier.com/blog/archives/2010/02/another_debit_c.html",
          "link_type": "results"
        },
        {
          "domain": "www.creditcards.com",
          "link": "http://www.creditcards.com/credit-card-news/legal-regulatory-privacy-issues-stories.php",
          "link_type": "results"
        },
        {
          "domain": "www.nacsonline.com",
          "link": "http://www.nacsonline.com/news/daily/pages/lastyear.aspx",
          "link_type": "results"
        }
      ]
    },
    {
      "results": [
        {
          "domain": "www.natso.com",
          "link": "http://www.natso.com/contributors/contributors/view/23",
          "link_type": "results"
        },
        {
          "domain": "www.independentgasolinestationowners.com",
          "link": "http://www.independentgasolinestationowners.com/",
          "link_type": "results"
        },
        {
          "domain": "marginalrevolution.com",
          "link": "http://marginalrevolution.com/marginalrevolution/2015/07/the-electric-vehicle-tipping-point.html",
          "link_type": "results"
        }
      ]
    }
  ]
}