{
  "Origins": "",
  "Fact Check": "",
  "Description": "",
  "Originally Published": "",
  "Referred Links": "",
  "Example": "",
  "Last Updated": "",
  "Credibility": "true",
  "URL": "www.snopes.com/crime/warnings/targetlure.asp",
  "Claim": "Rapist prowling a Target store parking lot uses an elderly woman in distress to lure his victims.",
  "Claim_ID": "crime_warnings_targetlure",
  "Tags": "",
  "Google Results": [
    {
      "results": [
        {
          "domain": "www.snopes.com",
          "link": "http://www.snopes.com/crime/warnings/targetlure.asp",
          "link_type": "results"
        },
        {
          "domain": "www.facebook.com",
          "link": "https://www.facebook.com/snopes/posts/335877949890064",
          "link_type": "results"
        },
        {
          "domain": "twitter.com",
          "link": "https://twitter.com/snopes/status/25263807328690177",
          "link_type": "results"
        },
        {
          "domain": "m.delphiforums.com",
          "link": "http://m.delphiforums.com/kath/messages/200605",
          "link_type": "results"
        },
        {
          "domain": "m.delphiforums.com",
          "link": "http://m.delphiforums.com/newtish/messages/46433/222",
          "link_type": "results"
        },
        {
          "domain": "m.delphiforums.com",
          "link": "http://m.delphiforums.com/newtish/messages/46433/220",
          "link_type": "results"
        },
        {
          "domain": "tongue-shaped.rssing.com",
          "link": "http://tongue-shaped.rssing.com/chan-1762436/all_p50.html",
          "link_type": "results"
        },
        {
          "domain": "regator.com",
          "link": "http://regator.com/p/264292944/paul_callow/",
          "link_type": "results"
        },
        {
          "domain": "regator.com",
          "link": "http://regator.com/p/260958118/now_in_my_backyard/",
          "link_type": "results"
        },
        {
          "domain": "www.sjpba.net",
          "link": "http://www.sjpba.net/Farsider/103113.htm",
          "link_type": "results"
        }
      ]
    },
    {
      "results": [
        {
          "domain": "keiloassociates.com",
          "link": "http://keiloassociates.com/res/Target-Baby-Mailing-List",
          "link_type": "results"
        },
        {
          "domain": "www.stevespages.com",
          "link": "http://www.stevespages.com/armedcitizen.html",
          "link_type": "results"
        },
        {
          "domain": "www.popcenter.org",
          "link": "http://www.popcenter.org/problems/sex_assault_women/print/",
          "link_type": "results"
        },
        {
          "domain": "www.lewiscountysirens.com",
          "link": "http://www.lewiscountysirens.com/?p25541&paged=81",
          "link_type": "results"
        },
        {
          "domain": "blogs.sacbee.com",
          "link": "http://blogs.sacbee.com/crime/archives/rosevilleplacer/",
          "link_type": "results"
        },
        {
          "domain": "www.copblock.org",
          "link": "http://www.copblock.org/5475/when-should-you-shoot-a-cop/",
          "link_type": "results"
        },
        {
          "domain": "www.newnation.org",
          "link": "http://www.newnation.org/Archives/index-15-01-08.html",
          "link_type": "results"
        },
        {
          "domain": "www.clarkprosecutor.org",
          "link": "http://www.clarkprosecutor.org/html/death/US/chandler1275.htm",
          "link_type": "results"
        },
        {
          "domain": "panachereport.com",
          "link": "http://panachereport.com/MyraPanachePresentsTragicStories-PanacheReport.htm",
          "link_type": "results"
        }
      ]
    },
    {
      "results": [
        {
          "domain": "solitarywatch.com",
          "link": "http://solitarywatch.com/2013/03/11/voices-from-solitary-a-sentence-worse-than-death/",
          "link_type": "results"
        },
        {
          "domain": "www.imdb.com",
          "link": "http://www.imdb.com/search/text?field=plot&q=Hitchhike!&realm=title&start=51",
          "link_type": "results"
        },
        {
          "domain": "murderpedia.org",
          "link": "http://murderpedia.org/male.C/c1/chandler-oba.htm",
          "link_type": "results"
        },
        {
          "domain": "www.wrongingrights.com",
          "link": "http://www.wrongingrights.com/2013/01/what-if-we-responded-to-sexual-assault-by-limiting-mens-freedom-like-we-limit-womens.html",
          "link_type": "results"
        },
        {
          "domain": "blogs.discovermagazine.com",
          "link": "http://blogs.discovermagazine.com/badastronomy/2011/07/05/richard-dawkins-and-male-privilege/",
          "link_type": "results"
        },
        {
          "domain": "www.askaconvict.com",
          "link": "http://www.askaconvict.com/index.php?pg=serialkillers",
          "link_type": "results"
        },
        {
          "domain": "www.cs.cmu.edu",
          "link": "https://www.cs.cmu.edu/~mihaib/humor/told.jokes",
          "link_type": "results"
        },
        {
          "domain": "www.sheriff.org",
          "link": "http://www.sheriff.org/posts/archive.cfm",
          "link_type": "results"
        },
        {
          "domain": "bossip.com",
          "link": "http://bossip.com/699850/not-white-men-only-list-of-most-horrific-black-serial-killers-video/",
          "link_type": "results"
        },
        {
          "domain": "www.mincava.umn.edu",
          "link": "http://www.mincava.umn.edu/documents/nativeamerican/nativeamerican.html",
          "link_type": "results"
        }
      ]
    }
  ]
}