{
  "Origins": "The Huntingdon Life Sciences (HLS) company has long been a focus of protests by animal rights groups over HLS's use of live animals in its product testing. The e-mail reproduced above is evidently someone's attempt to stir up the issue by distributing a message purportedly written by an HLS scientist and offering to pay cash for New Orleans-area cats and dogs rescued from New Orleans after being separated from their owners by Hurricane Katrina, with a free trip to Las Vegas to be awarded to the person sending HLS the largest number of \"rescued\" animals. (The point of the message being that recipients would read it as a transparent attempt by HLS to obtain animals for experimentation purposes under the guise of being \"concerned about the well being of the cats and dogs.\")",
  "Fact Check": "",
  "Description": "We sent an inquiry to the scientist named in the above-quoted message and received a response from Huntingdon Life Sciences' general manager: I am writing in response to your email to Huntingdon Life Sciences, and particularly about the email, alleged to have been written by Carol Auletta, that is making the rounds among several animal rescue list servers, indicating that Huntingdon Life Sciences is attempting to purchase rescued dogs and cats. Allow me to state categorically that this is a complete hoax. We have no idea who engineered this farce, but it is typical of the type of misinformation disseminated by animal rights extremist to try and discredit our business.",
  "Originally Published": "",
  "Referred Links": "http://www.shac.net/SHAC/shac_intro.html;http://www.huntingdon.com/index.asp?currentNumber=0&currentIsExpanded=0;",
  "Example": "[Collected via e-mail, 2005] We will pay for rescued Cats and Dogs Hello well intentioned people, My company has an immediate need for 300 small dogs and 500 cats. De-clawed cats are fine! The animals need to be fairly healthy animals. They need to be alive for at least 30 days after our intake. The price for these animals are as follows: If we pickup in Arkansas or Mississippi $5 = cats, $9 = dogs If animal is shipped to our home office in New Jersey (address to follow) $25 = cats, $29 = dogs In addition to this, we are providing an incentive to the person who rescues the most animals for us. At the end of December, we will tally up the rescue efforts. The person who we conclude to be the greatest asset will win an all inclusive trip to Las Vegas, Nevada for two people for 5 days. This will include air transportation from Louisiana, hotel stay at 3 star or better resort, meal tickets for 2 meals per person a day, entertainment coupons including 1 fully paid entertainment concert, and $300 in casino comps spending monies. We are really concerned about the well being of the cats and dogs after the Hurricane and want to do our part to insure the animals welfare. For more information please contact: Myself, Carol Auletta Sr. Toxicologist for HLS 732-873-2550, ext. 2960 aulettac@princeton.huntingdon.com Our website is http://www.huntingdon.com And our address is Mettlers RoadEast Millstone, NJ 08875-2360 LET US GET TO WORK! Carol",
  "Last Updated": "8 August 2011",
  "Credibility": "false",
  "URL": "www.snopes.com/critters/crusader/huntingdon.asp",
  "Claim": "Huntingdon Life Sciences is offering to pay cash for cats and dogs rescued from New Orleans.",
  "Claim_ID": "critters_crusader_huntingdon",
  "Tags": "",
  "Google Results": [
    {
      "results": [
        {
          "domain": "www.snopes.com",
          "link": "http://www.snopes.com/critters/crusader/huntingdon.asp",
          "link_type": "results"
        },
        {
          "domain": "www.snopes.com",
          "link": "http://www.snopes.com/critters/crusader/crusader.asp",
          "link_type": "results"
        },
        {
          "domain": "www.sunlakesaeroclub.org",
          "link": "http://www.sunlakesaeroclub.org/updates_web_data/051127/Urban_Legends.htm",
          "link_type": "results"
        },
        {
          "domain": "messybeast.com",
          "link": "http://messybeast.com/urbancat2.htm",
          "link_type": "results"
        },
        {
          "domain": "www.asd.wednet.edu",
          "link": "http://www.asd.wednet.edu/elm/Search.aspx?pageId=13847.html",
          "link_type": "results"
        },
        {
          "domain": "www.waycooldogs.com",
          "link": "http://www.waycooldogs.com/page/49/",
          "link_type": "results"
        },
        {
          "domain": "www.dawnwatch.com",
          "link": "http://www.dawnwatch.com/9-05_Animal_Media_Alerts.htm",
          "link_type": "results"
        },
        {
          "domain": "www.dawnwatch.com",
          "link": "http://www.dawnwatch.com/10-05_Animal_Media_Alerts.htm",
          "link_type": "results"
        },
        {
          "domain": "www.dailymail.co.uk",
          "link": "http://www.dailymail.co.uk/news/article-1323573/Animal-rights-activists-targeted-Huntingdon-Life-Sciences-jailed.html",
          "link_type": "results"
        },
        {
          "domain": "www.dailymail.co.uk",
          "link": "http://www.dailymail.co.uk/news/article-16273/Animal-drug-test-firm-faces-bankruptcy.html",
          "link_type": "results"
        },
        {
          "domain": "",
          "link": "/aclk?sa=l&ai=C1zKAUISjVpfJCIeipgOlvK64BOKWotEEkqf0qKcB2e2psQkIAxABKANg5YOAgKgWoAGszZDvA8gBAaoEKE_QKczI5EgKPpD4R25i2UYzVuVdaE4j79HvKO0KHMMU-pz-Dh6zj7OAB7yy7xCQBwOoB6a-G9gHAQ&sig=AOD64_3ul_j3PhIukS8rV1TQFfe7X9H6qg&clui=0&q=&ved=0ahUKEwjZ57yNicDKAhXFm4MKHdSbBSkQ0QwITA&adurl=https://www.greatergood.org/soi-dog-shelter-phuket/",
          "link_type": "ads_main"
        },
        {
          "domain": "",
          "link": "/aclk?sa=l&ai=CsC6PUISjVpfJCIeipgOlvK64BJiu49cL0PO5ofEC8ZW-5gEIAxACKANg5YOAgKgWoAHwhdjaA8gBAaoEKE_QCc7T5EsKPpD4R25i2UYxcY5PaE4j79HvKO0KHMMU-pz-Di7jxIeAB_j5pyWQBwOoB6a-G9gHAQ&sig=AOD64_3GGLjDJHDFpyPZ7fd38B2r7MA-ww&clui=5&q=&ved=0ahUKEwjZ57yNicDKAhXFm4MKHdSbBSkQ0QwIVg&adurl=http://yorkshirecatrescue.org/leaflets_and_posters/",
          "link_type": "ads_main"
        },
        {
          "domain": "",
          "link": "/aclk?sa=L&ai=CqsgyUISjVpfJCIeipgOlvK64BOG-vvUBwby158sBr7nyBggDEAMoA2Dlg4CAqBbIAQGqBChP0Dmc0uRKCj6Q-EduYtlGIAiwZWhOI-_R7yjtChzDFPqc_g5_i7u7gAeZofgakAcDqAemvhvYBwE&sig=AOD64_0NWCjuP_PYSv546ferkaUdfB-Afw&clui=6&q=&ved=0ahUKEwjZ57yNicDKAhXFm4MKHdSbBSkQ0QwIWw&adurl=http://www.stray-afp.org",
          "link_type": "ads_main"
        }
      ]
    },
    {
      "results": [
        {
          "domain": "www.indymedia.org.uk",
          "link": "https://www.indymedia.org.uk/en/2009/05/431267.html",
          "link_type": "results"
        },
        {
          "domain": "github.com",
          "link": "https://github.com/robennals/think-link/blob/master/ruby/snopesclaims.csv",
          "link_type": "results"
        },
        {
          "domain": "www.easyvegan.info",
          "link": "http://www.easyvegan.info/page/13/?s=disaster",
          "link_type": "results"
        },
        {
          "domain": "animalsnorthwest.com",
          "link": "http://animalsnorthwest.com/category/animal-2/",
          "link_type": "results"
        },
        {
          "domain": "animaladvocatesmarycummins.blogspot.com",
          "link": "http://animaladvocatesmarycummins.blogspot.com/2014/10/camille-hankins-convicted-of-animal.html",
          "link_type": "results"
        },
        {
          "domain": "friendsofkinshipcircle.wordpress.com",
          "link": "https://friendsofkinshipcircle.wordpress.com/",
          "link_type": "results"
        },
        {
          "domain": "www.newshound.org.uk",
          "link": "http://www.newshound.org.uk/October%202005.htm",
          "link_type": "results"
        },
        {
          "domain": "geari.blogspot.com",
          "link": "http://geari.blogspot.com/2006_12_01_archive.html",
          "link_type": "results"
        },
        {
          "domain": "portland.indymedia.org",
          "link": "http://portland.indymedia.org/en/topic/animalrights/newswire/archive24.shtml",
          "link_type": "results"
        }
      ]
    },
    {
      "results": [
        {
          "domain": "la.indymedia.org",
          "link": "http://la.indymedia.org/features/Animal_Rights/",
          "link_type": "results"
        },
        {
          "domain": "www.freerepublic.com",
          "link": "http://www.freerepublic.com/focus/f-news/1272011/posts",
          "link_type": "results"
        },
        {
          "domain": "blog.thevegancollection.com",
          "link": "http://blog.thevegancollection.com/wp-content/uploads/2010/11/wordpress.2010-11-19.xml_.txt",
          "link_type": "results"
        },
        {
          "domain": "www.wearecentralpa.com",
          "link": "http://www.wearecentralpa.com/news",
          "link_type": "results"
        },
        {
          "domain": "scienceblogs.com",
          "link": "http://scienceblogs.com/ethicsandscience/2009/03/10/more-violence-against-research/",
          "link_type": "results"
        },
        {
          "domain": "www.animallaw.info",
          "link": "https://www.animallaw.info/article/veterinary-medicine-external-pressures-insular-profession-and-how-those-pressures-threaten",
          "link_type": "results"
        },
        {
          "domain": "avmajournals.avma.org",
          "link": "http://avmajournals.avma.org/doi/full/10.2460/javma.234.11.1352",
          "link_type": "results"
        },
        {
          "domain": "issuu.com",
          "link": "http://issuu.com/earthfirstjournal/docs/ef_nbeltane2015online",
          "link_type": "results"
        },
        {
          "domain": "attilathepun.blogspot.com",
          "link": "http://attilathepun.blogspot.com/",
          "link_type": "results"
        },
        {
          "domain": "thewesterner.blogspot.com",
          "link": "http://thewesterner.blogspot.com/archives/2005_09_04_thewesterner_archive.html",
          "link_type": "results"
        }
      ]
    }
  ]
}