{
  "Origins": "Pets that are genetically engineered and manufactured to order may be a dream (or nightmare) of the future, but they aren't here quite yet.",
  "Fact Check": "",
  "Description": "Although the web site Genpets.com puts on a good show of spoofing an outlet for the sale of \"pre-packaged, bio-engineered pets,\" no such product exists. (One common giveaway: prospective buyers can't actually order anything through the Genpets store , with the excuse given that \"Bio-Genica is still developing its connections and relations with resellers while we get the various approvals needed to sell Genpets worldwide.\") Like similar items we've been asked about, Genpets are actually artworks in this case plastic and latex sculptures (including circuitry and robotics) created in 2005 by then 24-year-old Canadian commercial artist Adam Brandejs. As the artist explained in conjunction with an exhibition of his work, the point of Genpets is to get the public thinking about the concept of bioengineering and how they feel about where that science might lead us: I'm not against bioengineering, I'm simply hesitant towards where and how and by whom the technology will be used. That's what this art sums up. I don't ever want to be confused for as a crazy activist, nor do I want to appear as endorsing this technology. Bioengineering could lead to medical breakthroughs that save lives, but will it? This is more a critique of corporate ethics than of technological ethics. If you're still caught up on whether they're real or not, that's ok, a lot of people are, but that's not the point of the work. Slow down, stop, and think. Think about why it is that you probably, like most people seeing the work, find it highly disturbing on some level, and yet, still want to buy one. Why is it that you're so inclined to buy things, no matter what? And what is it that makes this concept so disturbing, or not disturbing to you? Consider both sides of the issue, and consider how we treat animals in farms, and pet stores today. How does that relate? This sculpture is the physical representation of a question. Bioengineering, like any new technology promises a great deal of positive effects. We as a race however tend to put a great deal more faith into technology as a saviour than it necessarily has earned. Through Genpets I question the negative effect that bioengineering can have, for we all know that when it all comes down to it, profit is the bottom line. The question surrounding bioengineering is not in its positive or negative ramifications, or where it can take us; it is whether or not we are responsible enough to go there. When Genpets were exhibited in a Toronto storefront, they created a reaction much like the one now being prompted by the Genpets.com web site: Genpets seems to create a reaction wherever they go. While in the store window of Iodine Toronto, the shop owner began sleeping in the store as many nights, people would bang at the windows furiously. Some in protest of the small Bio-genetically engineered creatures trapped in plastic, some wanting to wake them up or buy them. Hordes of teens wanting a bioengineered pet met confused, baffled, or even shocked looks from parents. For an upcoming generation, through our own marketing techniques, life and the idea of life are quickly becoming viewed as disposable commodities. Adam Brandejs' other works include the animatronic flesh shoe and a prosthetic zipper . Additional information: The Contemporary Art and Sculpture of Adam Brandejs",
  "Originally Published": "",
  "Referred Links": "http://www.brandejs.ca/index.asp;http://www.brandejs.ca/details.asp?view=sfx_zipper;http://www.brandejs.ca/details.asp?view=flesh_shoe;http://www.brandejs.ca/details.asp?view=genpets;http://www.genpets.com/store.asp;",
  "Example": "[Collected via e-mail, 2006] There is a website, www.genpets.com, that claims to have made genetically engineered \"pets\" that are part-human and part-animal and are \"living, breathing\" creatures.",
  "Last Updated": "30 April 2013",
  "Credibility": "false",
  "URL": "www.snopes.com/critters/crusader/genpets.asp",
  "Claim": "The web site Genpets.com sells mass-produced, bioengineered pets.",
  "Claim_ID": "critters_crusader_genpets",
  "Tags": "",
  "Google Results": [
    {
      "results": [
        {
          "domain": "",
          "link": "/aclk?sa=l&ai=CeLqx8RCjVvqqCYOBpQO6wZ7QAsTh-sgG3I3UmNQBmMCSrVEIAxABYOWr-YSoFqAB_OqD0wPIAQGqBChP0AgZ25vQwZSxNQSvnoua5cBgz_43baFFmRvVRGNLN1rowUUT7Wo1gAfslPwskAcDqAemvhvYBwE&sig=AOD64_0U_OUCoF2hSOsb-zphFetMowtMnw&clui=0&q=&ved=0ahUKEwifrYyKm7_KAhVosoMKHXWkC1sQ0QwIVA&adurl=http://redirectify.shopify.com/redirect%3Fterm%3D%252Bselling%2520%252Bwebsite%26Network%3DSearch%26SiteTarget%3D%26mt%3Db%26adid%3D56962490532%26device%3Dc%26test%3D%26BOID%3Dglobal-website-modified-broad%26adpos%3D1o1",
          "link_type": "ads_main"
        },
        {
          "domain": "www.genpets.com",
          "link": "http://www.genpets.com/",
          "link_type": "results"
        },
        {
          "domain": "www.snopes.com",
          "link": "http://www.snopes.com/critters/crusader/genpets.asp",
          "link_type": "results"
        },
        {
          "domain": "io9.com",
          "link": "http://io9.com/5048633/the-bioengineered-buddies-of-tomorrow",
          "link_type": "results"
        },
        {
          "domain": "www.tombraiderforums.com",
          "link": "http://www.tombraiderforums.com/archive/index.php/t-181208.html",
          "link_type": "results"
        },
        {
          "domain": "www.muldersworld.com",
          "link": "http://www.muldersworld.com/photo.asp?id=7891",
          "link_type": "results"
        },
        {
          "domain": "www.brandejs.ca",
          "link": "http://www.brandejs.ca/details.php?view=genpets",
          "link_type": "results"
        },
        {
          "domain": "www.latechbbb.com",
          "link": "http://www.latechbbb.com/forum/showthread.php?33288-What-the-hell!",
          "link_type": "results"
        },
        {
          "domain": "hackedgadgets.com",
          "link": "http://hackedgadgets.com/2006/08/28/genpets/",
          "link_type": "results"
        },
        {
          "domain": "www.pinterest.com",
          "link": "https://www.pinterest.com/pin/144889312989126547/",
          "link_type": "results"
        },
        {
          "domain": "realornotblog.weebly.com",
          "link": "http://realornotblog.weebly.com/packaged-pet",
          "link_type": "results"
        }
      ]
    },
    {
      "results": [
        {
          "domain": "en.wikipedia.org",
          "link": "https://en.wikipedia.org/wiki/Genpet",
          "link_type": "results"
        },
        {
          "domain": "blogs.brisbanetimes.com.au",
          "link": "http://blogs.brisbanetimes.com.au/technology/mashup/highwired/2006/07/11/nextgeneration.html",
          "link_type": "results"
        },
        {
          "domain": "www.iam-clan.com",
          "link": "http://www.iam-clan.com/oldiamsite/index.php?name=PNphpBB2&file=printview&t=9795&start=0",
          "link_type": "results"
        },
        {
          "domain": "www.bmx-forum.com",
          "link": "http://www.bmx-forum.com/archive/index.php/t-40457.html",
          "link_type": "results"
        },
        {
          "domain": "answers.yahoo.com",
          "link": "https://answers.yahoo.com/question/index?qid=20080326112329AA4AeuA",
          "link_type": "results"
        },
        {
          "domain": "www.yesilist.com",
          "link": "http://www.yesilist.com/english/cms.php?id=743",
          "link_type": "results"
        },
        {
          "domain": "mariamuir.com",
          "link": "https://mariamuir.com/gene-pets-a-world-of-possibilities-but-would-you-buy-it-for-your-kid/",
          "link_type": "results"
        },
        {
          "domain": "www.generator-engines.com",
          "link": "http://www.generator-engines.com/news/faq/Genpets.html",
          "link_type": "results"
        },
        {
          "domain": "brandejs.deviantart.com",
          "link": "http://brandejs.deviantart.com/art/Genpets-Series-01-31844597",
          "link_type": "results"
        },
        {
          "domain": "www.vidinfo.org",
          "link": "http://www.vidinfo.org/video/32226804/genpets-wtf-genetically-modified-pets",
          "link_type": "results"
        }
      ]
    },
    {
      "results": [
        {
          "domain": "www.genpets.com.webstatsdomain.org",
          "link": "http://www.genpets.com.webstatsdomain.org/",
          "link_type": "results"
        },
        {
          "domain": "www.pageglimpse.com",
          "link": "http://www.pageglimpse.com/genpets.com",
          "link_type": "results"
        },
        {
          "domain": "www.1337.com",
          "link": "http://www.1337.com/forums/archive/index.php/t-17419.html",
          "link_type": "results"
        },
        {
          "domain": "testiranjetestiranje.wordpress.com",
          "link": "https://testiranjetestiranje.wordpress.com/2011/04/20/better-than-looovetinkebellcom-adam-brandejs/",
          "link_type": "results"
        },
        {
          "domain": "www.catnews.org",
          "link": "http://www.catnews.org/genpet.php",
          "link_type": "results"
        },
        {
          "domain": "extremelifechanger.com",
          "link": "http://extremelifechanger.com/index.php?p=1_386_364-GENPETS",
          "link_type": "results"
        },
        {
          "domain": "www.youtube.com",
          "link": "https://www.youtube.com/all_comments?v=io8ggTCCGoY&lc=QY9j89n4LOIp2MgmkG_87NIxw0oc13VlBTjrNqGu6P0",
          "link_type": "results"
        },
        {
          "domain": "plus.google.com",
          "link": "https://plus.google.com/112262577662998045846",
          "link_type": "results"
        },
        {
          "domain": "blogs.smh.com.au",
          "link": "http://blogs.smh.com.au/mashup/archives/high_wired/",
          "link_type": "results"
        },
        {
          "domain": "www.oneunique.com",
          "link": "http://www.oneunique.com/weird-bizarre.html",
          "link_type": "results"
        }
      ]
    }
  ]
}