{
  "Origins": "Just when you think every fantastic story is fabricated, you run into one like this.",
  "Fact Check": "",
  "Description": "On 3 April 1995, someone (probably one of the kids) brought a very much alive and healthy gopher to the janitor and two maintenance men at Carroll Fowler Elementary School in Ceres, California. The three guys decided to kill the gopher and took it into a small room where janitorial supplies are stored. They tried to off the critter by spraying it with a cleaning solvent used to remove gum from floors. (The solvent works by freezing the gum, thereby making it easy to scrape up.) Three cans were used on the condemned, but to no avail. The product didn't seem to faze the gopher one bit. It is speculated that one of the men then attempted to light a cigarette in this tiny enclosed space. This is plausible because smoking on school grounds is forbidden this supply room is where any of the maintenance people would go to sneak a puff. As well, the janitor the one most badly injured was a smoker; his being at the center of the blast and his neck wounds are consistent with this hypothesis. As any sensible person would expect, there was one heck of an explosion, and all three men were injured. Sixteen kids were also hurt (mostly scraped knees and solvent inhalation nothing all that serious). The explosion took place at 8:10 in the morning, and classes at that school start at 8:25 given the number of kids milling around at that time, it's a wonder more of them weren't hurt. In the aftermath of the explosion, the sprayed-down gopher was discovered unharmed and clinging to a wall. He was released back into the wild. Of the three men, one was released from hospital that day, one was sent home a couple of days later, and the janitor (Carl) spent some time in the Burn Center in Stockton. Barbara \"obviously these guys had never seen Caddyshack\" Mikkelson",
  "Originally Published": "",
  "Referred Links": "",
  "Example": "",
  "Last Updated": "2 July 2014",
  "Credibility": "true",
  "URL": "www.snopes.com/critters/cruelty/gopher.asp",
  "Claim": "In the process of attempting to get rid of a gopher, a trio of school custodians blew up their shack. Though all three janitors were carried out on stretchers, the gopher returned to the wild unscathed.",
  "Claim_ID": "critters_cruelty_gopher",
  "Tags": "",
  "Google Results": [
    {
      "results": [
        {
          "domain": "",
          "link": "/aclk?sa=L&ai=CKITvjQqlVt_8Go-IpgOK8KDgAoGToPUHkciLvZkB3OWoBggDEAFg5av5hKgWyAEBqgQoT9DMACahCf_f85agY3kSnSuVh5ofdV5Ch91dbCxJPLWMVXv5ozdrz4AHmdyHJ5AHA6gHpr4b2AcB&sig=AOD64_0GjAAJTH-XmnmRIhY6kly-igNhhg&clui=0&q=&ved=0ahUKEwjNr5Ci_cLKAhUpv4MKHTOLBcEQ0QwITQ&adurl=http://index.about.com/slp%3F%26q%3Dhow%2Bto%2Bget%2Brid%2Bof%2Bgophers%26sid%3D89097789-e931-469e-a665-b143e16bc946-0-ab_gsb%26kwid%3Dhow%2520to%2520get%2520rid%2520of%2520gophers%26cid%3D41165685177%26site%3D",
          "link_type": "ads_main"
        },
        {
          "domain": "www.snopes.com",
          "link": "http://www.snopes.com/critters/cruelty/gopher.asp",
          "link_type": "results"
        },
        {
          "domain": "boards.straightdope.com",
          "link": "http://boards.straightdope.com/sdmb/showthread.php?t=15906&page=4",
          "link_type": "results"
        },
        {
          "domain": "github.com",
          "link": "https://github.com/robennals/think-link/blob/master/ruby/snopesclaims.csv",
          "link_type": "results"
        },
        {
          "domain": "github.com",
          "link": "https://github.com/northamerican/levenshtein-dictionary/blob/master/dictionaries/levenshtein%20dictionary%20(adapt)%202014-01-22.rtf",
          "link_type": "results"
        },
        {
          "domain": "documents.mx",
          "link": "http://documents.mx/documents/diccionario-ingles-75000-palabraspdf.html",
          "link_type": "results"
        },
        {
          "domain": "sydney.edu.au",
          "link": "http://sydney.edu.au/engineering/it/~pwar3236/pub/words.txt",
          "link_type": "results"
        },
        {
          "domain": "www.phpro.org",
          "link": "http://www.phpro.org/examples/80000-Word-List.html",
          "link_type": "results"
        },
        {
          "domain": "vocard.googlecode.com",
          "link": "http://vocard.googlecode.com/svn-history/r16/trunk/snd/content.txt",
          "link_type": "results"
        },
        {
          "domain": "cd.textfiles.com",
          "link": "http://cd.textfiles.com/suzybatari2/wordwork/dicwords/wordlist.txt",
          "link_type": "results"
        },
        {
          "domain": "tiachopxanh.mobie.in",
          "link": "http://tiachopxanh.mobie.in/files/tudienanhvietnew.idx",
          "link_type": "results"
        }
      ]
    },
    {
      "results": [
        {
          "domain": "cs.boisestate.edu",
          "link": "http://cs.boisestate.edu/~tim/courses/summer11/225/programs/p3/handouts/dictionary.txt",
          "link_type": "results"
        },
        {
          "domain": "www.lanehunter.com",
          "link": "http://www.lanehunter.com/canada-london/page/24/",
          "link_type": "results"
        },
        {
          "domain": "archives.scovetta.com",
          "link": "http://archives.scovetta.com/pub/textfiles/etext.org/tadxf/tadxf008",
          "link_type": "results"
        },
        {
          "domain": "www.tutto-italia.com",
          "link": "http://www.tutto-italia.com/tabcs.htm",
          "link_type": "results"
        },
        {
          "domain": "misc.k5-stats.org",
          "link": "http://misc.k5-stats.org/invokeit.wordpress.com-word-frequency-list--en.txt",
          "link_type": "results"
        },
        {
          "domain": "www.canadianshakespeares.ca",
          "link": "http://www.canadianshakespeares.ca/Chronos%202/dict.txt",
          "link_type": "results"
        },
        {
          "domain": "shakti.iiit.ac.in",
          "link": "http://shakti.iiit.ac.in/~shakti_mrt/shakti/ver_0.58/MT/data/en_hn/Dict.hindi",
          "link_type": "results"
        },
        {
          "domain": "www.puzzlers.org",
          "link": "http://www.puzzlers.org/pub/wordlists/orchy.txt",
          "link_type": "results"
        },
        {
          "domain": "www.cs.trinity.edu",
          "link": "http://www.cs.trinity.edu/~mlewis/ScalaBook/Words/2+2lemma.txt",
          "link_type": "results"
        },
        {
          "domain": "www.cs.auckland.ac.nz",
          "link": "https://www.cs.auckland.ac.nz/courses/compsci101s2c/archive/2007/assignments/A2/Assignment2/EnglishWords.txt",
          "link_type": "results"
        }
      ]
    },
    {
      "results": [
        {
          "domain": "moredifferent.com",
          "link": "http://moredifferent.com/cgi-bin/blogstuff/dictionary_word_list.txt",
          "link_type": "results"
        },
        {
          "domain": "ad-teaching.informatik.uni-freiburg.de",
          "link": "http://ad-teaching.informatik.uni-freiburg.de/InformationRetrievalWS1213/wikipedia-sentences.vocabulary.txt.WITH_FREQUENCIES",
          "link_type": "results"
        },
        {
          "domain": "find.yuku.com",
          "link": "http://find.yuku.com/?q=Toucan%20Lighting&t=YukuVerse",
          "link_type": "results"
        },
        {
          "domain": "www.posidestravel.com",
          "link": "http://www.posidestravel.com/artem4.htm",
          "link_type": "results"
        },
        {
          "domain": "www.princeton.edu",
          "link": "https://www.princeton.edu/~achaney/tmve/wiki100k/browse/term-graph.html",
          "link_type": "results"
        },
        {
          "domain": "www.rebelmouse.com",
          "link": "https://www.rebelmouse.com/emilrodericol/",
          "link_type": "results"
        },
        {
          "domain": "pkg.cs.ovgu.de",
          "link": "http://pkg.cs.ovgu.de/LNF/i386/5.10/LNFgate/reloc/gate-3.1b2270/plugins/hindi/resources/tagger/eng_hin_dict.utf8",
          "link_type": "results"
        },
        {
          "domain": "www.scribd.com",
          "link": "https://www.scribd.com/doc/3247883/diccionario-ingles-espanol",
          "link_type": "results"
        },
        {
          "domain": "smartcj.com",
          "link": "http://smartcj.com/updates/47/ic5/includes/conf/syn.txt",
          "link_type": "results"
        },
        {
          "domain": "archive.org",
          "link": "https://archive.org/stream/upliftserial24151ston/upliftserial24151ston_djvu.txt",
          "link_type": "results"
        }
      ]
    }
  ]
}