{
  "Origins": "The Haunted Mansion has undergone only relatively minor changes since it originally opened, and it has never closed for any appreciable length of time other than for routine maintenance and upgrades. No one has ever suffered a heart attack brought about by touring the attraction.",
  "Fact Check": "",
  "Description": "Although construction of the exterior structure for the Haunted Mansion began in 1962 and was completed the next year, the attraction itself did not open until August of 1969. The 1964 New York World's Fair project and the death of Walt Disney in 1966 were factors in delaying the completion of the ride. Because the attraction was made known to the public (and the mansion's facade was visible within the park) so long in advance of its actual opening (handbills announcing a 1963 opening of the Haunted Mansion were given out at Disneyland's Main Entrance in 1961; the mansion's New Orleans Square exterior was completed in 1963; the attraction was previewed in a 1965 episode of \"Walt Disney's Wonderful World of Color\"), a story about a forced closure and remodeling was somewhat plausible. Some elements such as the jumping, shrieking heads in the attic have been toned down in volume and appearance to make them less startling to guests, but these minor changes were made several years after the attraction first opened. The show building that houses the attraction itself was not even completed until 1968, making the alleged \"original\" opening of the Haunted Mansion several years earlier an impossibility.",
  "Originally Published": "",
  "Referred Links": "",
  "Example": "",
  "Last Updated": "22 August 2007",
  "Credibility": "false",
  "URL": "www.snopes.com/disney/parks/haunted.asp",
  "Claim": "Shortly after the Haunted Mansion opened at Disneyland, a guest was so frightened by the horrific attraction that he suffered a heart attack. The ride was closed and completely redone, with all the frightening elements being removed and replaced with much tamer versions.",
  "Claim_ID": "disney_parks_haunted",
  "Tags": "",
  "Google Results": [
    {
      "results": [
        {
          "domain": "www.snopes.com",
          "link": "http://www.snopes.com/disney/parks/haunted.asp",
          "link_type": "results"
        },
        {
          "domain": "www.geometry.net",
          "link": "http://www.geometry.net/detail/scientists/mumford_david_page_no_5.html",
          "link_type": "results"
        },
        {
          "domain": "www.azd.com",
          "link": "http://www.azd.com/scientists/mumford_david_page_no_5.php",
          "link_type": "results"
        },
        {
          "domain": "ravenblackcat.com",
          "link": "http://ravenblackcat.com/",
          "link_type": "results"
        },
        {
          "domain": "www.loc.gov",
          "link": "https://www.loc.gov/programs/national-film-preservation-board/film-registry/complete-national-film-registry-listing/descriptions-and-essays/",
          "link_type": "results"
        },
        {
          "domain": "blogmaverick.com",
          "link": "http://blogmaverick.com/2007/05/14/wanted-new-tv-show-ideas/",
          "link_type": "results"
        },
        {
          "domain": "github.com",
          "link": "https://github.com/robennals/think-link/blob/master/ruby/snopesclaims.csv",
          "link_type": "results"
        },
        {
          "domain": "github.com",
          "link": "https://github.com/taolei87/text_convnet/blob/master/data/stsa.binary.train",
          "link_type": "results"
        },
        {
          "domain": "gbvimscolombia.unfpa.org.co",
          "link": "http://gbvimscolombia.unfpa.org.co/foro_foro.php?id=15776",
          "link_type": "results"
        },
        {
          "domain": "archive.org",
          "link": "https://archive.org/stream/Monster_Fantasy_04_1975-10/Monster%20Fantasy%2004%20(1975-10)_djvu.txt",
          "link_type": "results"
        }
      ]
    },
    {
      "results": [
        {
          "domain": "www.scribd.com",
          "link": "https://www.scribd.com/doc/147319622/Clark-Senn-Sixties-Shocker",
          "link_type": "results"
        },
        {
          "domain": "www.fanfiction.net",
          "link": "https://www.fanfiction.net/u/2129434/Glittering-Turquoise",
          "link_type": "results"
        },
        {
          "domain": "moviecitynews.com",
          "link": "http://moviecitynews.com/author/gary-dretzka../page/7/",
          "link_type": "results"
        },
        {
          "domain": "olyblog.net",
          "link": "http://olyblog.net/book/export/html/9469",
          "link_type": "results"
        },
        {
          "domain": "www.cs.columbia.edu",
          "link": "http://www.cs.columbia.edu/~sable/research/newsblaster/experiments/old_training/rainbow/model/vocabulary",
          "link_type": "results"
        },
        {
          "domain": "practicalcryptography.com",
          "link": "http://practicalcryptography.com/media/miscellaneous/files/english_counts2.txt",
          "link_type": "results"
        }
      ]
    },
    {
      "results": [
        {
          "domain": "www.jeffreycollier.com",
          "link": "http://www.jeffreycollier.com/DVDLibrary.txt",
          "link_type": "results"
        },
        {
          "domain": "www.snotr.tv",
          "link": "http://www.snotr.tv/random.php?iframe=true&width=900&height=450Photo",
          "link_type": "results"
        },
        {
          "domain": "voodoo_chicken_bones.tripod.com",
          "link": "http://voodoo_chicken_bones.tripod.com/id492.html",
          "link_type": "results"
        },
        {
          "domain": "www.select.cs.cmu.edu",
          "link": "http://www.select.cs.cmu.edu/code/graphlab/datasets/wikipedia/unique_words.txt",
          "link_type": "results"
        },
        {
          "domain": "www.imao.us",
          "link": "http://www.imao.us/archives/Harvey.html",
          "link_type": "results"
        },
        {
          "domain": "sledzinska-katarasinska.pl",
          "link": "http://sledzinska-katarasinska.pl/blog/dwoja-z-pr",
          "link_type": "results"
        },
        {
          "domain": "www.metamind.io",
          "link": "https://www.metamind.io/datasets/133370",
          "link_type": "results"
        },
        {
          "domain": "mymovie.medialife.org",
          "link": "http://mymovie.medialife.org/?filter=full&action=browse&sort=alpha&letter=&Submit=Go",
          "link_type": "results"
        },
        {
          "domain": "english.ohmygore.com",
          "link": "http://english.ohmygore.com/mac-people-uk.html",
          "link_type": "results"
        },
        {
          "domain": "crbs1988.d2.r-cms.jp",
          "link": "http://crbs1988.d2.r-cms.jp/calendar_detail/id=401",
          "link_type": "results"
        }
      ]
    }
  ]
}