{
  "Origins": "The film rights to Sir James Barrie's tremendously popular stage play (1904) and book (1911) Peter Pan were acquired by Disney in 1939 for 5,000. The animated version of Peter Pan was one of many Disney projects cancelled or delayed by World War II, and work on the film did not resume in earnest until 1949.",
  "Fact Check": "",
  "Description": "Depicting the character of Tinker Bell in an animated film posed something of a challenge for Disney on stage she had always been represented by a spot of light and tinkling bells. Early conceptions of a visible, human-like fairy Tinker Bell were rejected for not being \"sweet and dainty\" enough, and for looking too much like \"a little nite club dame.\" Eventually, as Canemaker wrote, \"Tinker Bell was designed with the knowledge that her acting would all be done in pantomime, with a face that would register her emotions clearly, a simple costume that would not clutter up her movements, and sex appeal to charm the viewer.\" As rendered by animator Marc Davis, based on the model of actress Margaret Kerry, Tinker Bell became the now-familiar winged blonde coquette, her curvaceous figure clothed in a short green dress. Since Peter Pan was released in 1953, just as another curvaceous blonde, Marilyn Monroe, was becoming America's most popular screen actress and sex symbol, it's easy to make the assumption that Tinker Bell was intended to be a Monroesque minx. However, at the time Peter Pan went into production, Marilyn Monroe was not the world famous epitome of the sexy, glamorous 1950s starlet she is now. Although far from unknown, back then Marilyn was still working her way up the Hollywood ladder of stardom in a series supporting roles and bit parts she had not yet been featured in a starring role, planted her handprints in front of Graumann's Chinese Theatre with Jane Russell, or appeared as the centerfold in Playboy's premiere issue. Studio documentation amply demonstrates that Margaret Kerry (who also voiced a mermaid in Peter Pan ) provided the model for Tinker Bell: Kerry easily recognizes her own body language in the 1953 film. So did her second husband, Jack Willcox, whom she once took to a \"Peter Pan\" screening. \"I was so excited and nudging him,\" she recalls. \"'There I am!' I said. 'Jack! Jack! Jack, that's me!' He just leaned over and said, 'Margaret, I'd recognize those thighs anywhere.'\" Kerry's legs had in fact been christened the \"Most Beautiful Legs in Hollywood\" shortly before \"Peter Pan\" went into production, a fact she now begrudgingly acknowledges. \"Terrible thing! It was a real throwback from the early '30s. But my girlfriend wanted to do it if I'd go, so I did, and I won. She never spoke to me again.\" During her audition, Kerry says, it was her pantomime of Tinker Bell standing on a hand mirror sizing up her hips that got her the part. Other scenes such as that of the pixie stuck in a keyhole, hips gratuitously wriggling in a rear-angle shot lent an uncharacteristically saucy element to this Disney classic based on the James M. Barrie story . . . Perhaps owing something to this combination of mature allure and girlish innocence, an urban legend arose during the 1980s that Marilyn Monroe had been the model upon which Tinker Bell was based.",
  "Originally Published": "",
  "Referred Links": "",
  "Example": "",
  "Last Updated": "21 August 2007",
  "Credibility": "false",
  "URL": "www.snopes.com/disney/films/tinkerbell.asp",
  "Claim": "The visual appearance of Tinker Bell in Disney's 1953 animated version of Peter Pan was modeled after Marilyn Monroe.",
  "Claim_ID": "disney_films_tinkerbell",
  "Tags": "",
  "Google Results": [
    {
      "results": [
        {
          "domain": "www.snopes.com",
          "link": "http://www.snopes.com/disney/films/tinkerbell.asp",
          "link_type": "results"
        },
        {
          "domain": "en.wikipedia.org",
          "link": "https://en.wikipedia.org/wiki/Tinker_Bell",
          "link_type": "results"
        },
        {
          "domain": "books.google.com.mx",
          "link": "https://books.google.com.mx/books?id=XbBz3C4Gr0EC&pg=PA576&lpg=PA576&dq=The+visual+appearance+of+Tinker+Bell+in+Disney's+1953+animated+version+of+Peter+Pan+was+modeled+after+Marilyn+Monroe.&source=bl&ots=9mQmku-qWF&sig=zfOeUXOTOvh0wS6bW0wij0cPbXQ&hl=en&sa=X&ved=0ahUKEwiB95ufvsTKAhXDs4MKHfpVB1oQ6AEIIzAC",
          "link_type": "results"
        },
        {
          "domain": "www.pinterest.com",
          "link": "https://www.pinterest.com/pin/576179346049802390/",
          "link_type": "results"
        },
        {
          "domain": "www.imdb.com",
          "link": "http://www.imdb.com/title/tt0823671/reviews?filter=chrono",
          "link_type": "results"
        },
        {
          "domain": "www.twitterindex.com",
          "link": "http://www.twitterindex.com/lilpopovska",
          "link_type": "results"
        },
        {
          "domain": "ijuxysonili.xpg.uol.com.br",
          "link": "http://ijuxysonili.xpg.uol.com.br/tinker-bell.html",
          "link_type": "results"
        },
        {
          "domain": "www.glogster.com",
          "link": "http://www.glogster.com/juicyash92/urban/g-6ndpigs8ro9ci7ref1l2oa0",
          "link_type": "results"
        },
        {
          "domain": "www.dvdmg.com",
          "link": "http://www.dvdmg.com/sevenyearitch.shtml",
          "link_type": "results"
        }
      ]
    },
    {
      "results": [
        {
          "domain": "54disneyreviews.com",
          "link": "http://54disneyreviews.com/2014/08/27/movie-14-peter-pan/",
          "link_type": "results"
        },
        {
          "domain": "vd.yarnservice.usa.cc",
          "link": "http://vd.yarnservice.usa.cc/tinker-bell-and-peter-pan-fly.php",
          "link_type": "results"
        },
        {
          "domain": "www.good4utah.com",
          "link": "http://www.good4utah.com/good-things-utah/gtu-featured-guest/disneys-halloween-time",
          "link_type": "results"
        },
        {
          "domain": "vat.stampjungle.my03.com",
          "link": "http://vat.stampjungle.my03.com/sweet-pixie-tinker-bell.php",
          "link_type": "results"
        },
        {
          "domain": "www.dvdizzy.com",
          "link": "http://www.dvdizzy.com/margaretkerry-interview.html",
          "link_type": "results"
        },
        {
          "domain": "animatedviews.com",
          "link": "http://animatedviews.com/2013/peter-pan-diamond-edition/",
          "link_type": "results"
        },
        {
          "domain": "www.academia.edu",
          "link": "http://www.academia.edu/3030959/_To_die_would_be_an_awfully_big_adventure_the_enigmatic_timelessness_of_Peter_Pan_s_adaptations",
          "link_type": "results"
        },
        {
          "domain": "groups.google.com",
          "link": "https://groups.google.com/d/topic/elmbl73snw/AFH-CeMzI4I",
          "link_type": "results"
        },
        {
          "domain": "www.dvdtalk.com",
          "link": "http://www.dvdtalk.com/dvdsavant/s4088pan.html",
          "link_type": "results"
        }
      ]
    },
    {
      "results": [
        {
          "domain": "desertblogiwbv.gq",
          "link": "http://desertblogiwbv.gq/pter-pan-movie.html",
          "link_type": "results"
        },
        {
          "domain": "www.ebay.com",
          "link": "http://www.ebay.com/itm/DISNEY-LP-PETER-PAN-RARE-CAPTAIN-HOOK-ON-CLIFF-CROCODILE-COVER-SOUNDTRACK-MUSIC-/350922636792",
          "link_type": "results"
        },
        {
          "domain": "farsider.wordpress.com",
          "link": "https://farsider.wordpress.com/category/animation/",
          "link_type": "results"
        },
        {
          "domain": "www.104star.com",
          "link": "http://www.104star.com/articles/249025771.html",
          "link_type": "results"
        },
        {
          "domain": "norlinreelhistory.blogspot.com",
          "link": "http://norlinreelhistory.blogspot.com/2011_07_01_archive.html",
          "link_type": "results"
        },
        {
          "domain": "findingmickey.squarespace.com",
          "link": "http://findingmickey.squarespace.com/disneyland-windows/",
          "link_type": "results"
        },
        {
          "domain": "www.ebay.co.uk",
          "link": "http://www.ebay.co.uk/itm/DISNEY-LP-PETER-PAN-RARE-CAPTAIN-HOOK-ON-CLIFF-CROCODILE-COVER-SOUNDTRACK-MUSIC-/350922636792",
          "link_type": "results"
        },
        {
          "domain": "www.newspapers.com",
          "link": "http://www.newspapers.com/newspage/70301668/",
          "link_type": "results"
        },
        {
          "domain": "www.tweetpuppy.com",
          "link": "http://www.tweetpuppy.com/Browneyes2203",
          "link_type": "results"
        }
      ]
    }
  ]
}