{
  "Origins": "The pages of snopes.com include numerous rumors concerning various risque images and sounds that have purportedly been slipped into animated Disney films. While some of these rumors are true (a topless woman really was visible in the home video version of their 1977 animated feature The Rescuers ), the majority of these claims are based on overactive imaginations or some form of digital manipulation.",
  "Fact Check": "",
  "Description": "In the latter category, an animated GIF featuring the characters Mickey Mouse, Minnie Mouse, and Peg Leg Pete in a cheese factory, showing Mickey seemingly using an obscene method to poke holes in a block of Swiss cheese, was not something even included in a real Disney film: Ths bit of animation was created on the B3Ta Board (an Internet forum that frequently features photoshopped images) in March 2011. But even without knowing the source behind this image, viewers can spot many other factors that demonstrate it was not part of an official Disney film. The characters in this GIF are all featured in the 1928 Disney cartoon short Steamboat Willie , but that animated classic does not contain a scene set in a cheese factory. It appears that B3ta user Drimble took images from Steamboat Willie and then added his own animations on top of the original frames. For instance, Mickey Mouse's hip movements are found around the 35-second mark of Steamboat Willie : Minnie Mouse's cranking motion can like be viewed around the 4:30 mark: The laughing parrot (as well as the general background for the GIF) were taken from the 1:30 mark of Steamboat Willie : And Peg Leg Pete can be spotted in an identical pose at the 35-second mark: Another clue that this GIF was created well after 1928 is the Health and Safety Executive (HSE) Regulation sign displayed in the background, as the HSE wasn't formed until the 1970s: Although there are many reasons why Steamboat Willie is considered an animated classic (e.g., it was the first cartoon to utilize synchronized sound), its depiction of a new way to poke holes in Swiss cheese is not one of them.",
  "Originally Published": "",
  "Referred Links": "https://www.youtube.com/watch?v=BBgghnQF6E4;http://b3ta.com/board/10376229;",
  "Example": "[Collected via Twitter, May 2015]",
  "Last Updated": "6 November 2015",
  "Credibility": "false",
  "URL": "www.snopes.com/disney/films/mickeycheese.asp",
  "Claim": "A Disney cartoon shows Mickey Mouse using an unusual method to make Swiss cheese.",
  "Claim_ID": "disney_films_mickeycheese",
  "Tags": "",
  "Google Results": [
    {
      "results": [
        {
          "domain": "www.snopes.com",
          "link": "http://www.snopes.com/disney/films/mickeycheese.asp",
          "link_type": "results"
        },
        {
          "domain": "www.youtube.com",
          "link": "https://www.youtube.com/watch?v=HGioaSl3VVY",
          "link_type": "results"
        },
        {
          "domain": "www.facebook.com",
          "link": "https://www.facebook.com/snopes/photos/a.241067746037752.1073741828.241061082705085/726696497474872/",
          "link_type": "results"
        },
        {
          "domain": "www.cracked.com",
          "link": "http://www.cracked.com/article_20236_6-insane-disney-comics-you-wont-believe-are-real.html",
          "link_type": "results"
        },
        {
          "domain": "buyessays.tk",
          "link": "http://buyessays.tk/article/28702-mouse-and-cheese-cartoons",
          "link_type": "results"
        },
        {
          "domain": "picnbyeye.weebly.com",
          "link": "http://picnbyeye.weebly.com/blog/swiss-miss-hdq-full",
          "link_type": "results"
        },
        {
          "domain": "sorteodelnino.com",
          "link": "http://sorteodelnino.com/nino-swiss-miss-brand-history",
          "link_type": "results"
        },
        {
          "domain": "mmfolliesbw.blogspot.com",
          "link": "http://mmfolliesbw.blogspot.com/2007/11/when-cats-away-may-3-1929.html",
          "link_type": "results"
        },
        {
          "domain": "disney.wikia.com",
          "link": "http://disney.wikia.com/wiki/Minnie_Mouse",
          "link_type": "results"
        },
        {
          "domain": "disney.wikia.com",
          "link": "http://disney.wikia.com/wiki/Mickey_Mouse",
          "link_type": "results"
        }
      ]
    },
    {
      "results": [
        {
          "domain": "",
          "link": "/aclk?sa=L&ai=CFxByv_ajVobQNYOFpgPky7joDKXi6pkInZ-k2rgCvKvyCggDEAFg5av5hKgWkAECyAEBqQI0o9kbU5dzPqoEJE_QKLh6croFtfQy2a3yFsYsxCWO0bfasDFSRdm2TVJbI6T7d4AHtc2XH5AHA6gHpr4b2AcB&sig=AOD64_1W_vncwJKls5l7XtGRyxDgmXzlRQ&clui=0&q=&ved=0ahUKEwi3-eGe9sDKAhUMs4MKHdkpAEE4ChDRDAhI&adurl=http://videos.disneylatino.com/colecciones/mickey-mouse-4eaac6dfb2be65898f131ac1%3Fex_cmp%3D%2520Mickey%2520Mouse%2520-%2520MX_GGS",
          "link_type": "ads_main"
        },
        {
          "domain": "letschatmusic.com",
          "link": "http://letschatmusic.com/mp3/download/swiss-mix.html",
          "link_type": "results"
        },
        {
          "domain": "www.pinterest.com",
          "link": "https://www.pinterest.com/pin/283304632786289380/",
          "link_type": "results"
        },
        {
          "domain": "ask.metafilter.com",
          "link": "http://ask.metafilter.com/288619/Mickey-Mouses-peculiar-ears",
          "link_type": "results"
        },
        {
          "domain": "m.so.zanhuangwang.com",
          "link": "http://m.so.zanhuangwang.com/?q=miss&p=8",
          "link_type": "results"
        },
        {
          "domain": "www.reddit.com",
          "link": "https://www.reddit.com/r/WTF/comments/2olt5u/took_me_some_time_to_see_what_was_going_on/?limit=500",
          "link_type": "results"
        },
        {
          "domain": "www.derrit.de",
          "link": "http://www.derrit.de/r/mildlyinteresting/comments/3dm4fw/my_swiss_cheese_has_one_hole.html",
          "link_type": "results"
        },
        {
          "domain": "www.nytimes.com",
          "link": "http://www.nytimes.com/1988/10/30/magazine/celebrity-cook-minnie-mouse-s-favorite-soup.html",
          "link_type": "results"
        },
        {
          "domain": "looneytunes.wikia.com",
          "link": "http://looneytunes.wikia.com/wiki/Character_Guide",
          "link_type": "results"
        },
        {
          "domain": "www.intanibase.com",
          "link": "http://www.intanibase.com/shorts.aspx?studioID=1&shortID=320",
          "link_type": "results"
        },
        {
          "domain": "blog.modernmechanix.com",
          "link": "http://blog.modernmechanix.com/what-makes-mickey-mouse-move/",
          "link_type": "results"
        }
      ]
    },
    {
      "results": [
        {
          "domain": "the-animatorium.blogspot.com",
          "link": "http://the-animatorium.blogspot.com/2014/08/ten-strange-scandalous-pre-hays-code.html",
          "link_type": "results"
        },
        {
          "domain": "www.mouseplanet.com",
          "link": "https://www.mouseplanet.com/8265/Modern_Mechanix_Reveals_the_Secrets_of_Disney",
          "link_type": "results"
        },
        {
          "domain": "wikitravel.org",
          "link": "http://wikitravel.org/en/Walt_Disney_World/Downtown_Disney",
          "link_type": "results"
        },
        {
          "domain": "www.forcesofgeek.com",
          "link": "http://www.forcesofgeek.com/2014/10/the-top-ten-cartoons-of-1933.html",
          "link_type": "results"
        },
        {
          "domain": "tralfaz.blogspot.com",
          "link": "http://tralfaz.blogspot.com/2014/03/cartoons-of-1941-part-2.html",
          "link_type": "results"
        },
        {
          "domain": "www.yelp.com",
          "link": "http://www.yelp.com/biz/aulani-a-disney-resort-and-spa-kapolei-2",
          "link_type": "results"
        },
        {
          "domain": "www.lib.berkeley.edu",
          "link": "http://www.lib.berkeley.edu/MRC/animation.html",
          "link_type": "results"
        },
        {
          "domain": "torontolife.com",
          "link": "http://torontolife.com/city/man-in-the-mouse-deadmau5-profile/",
          "link_type": "results"
        }
      ]
    }
  ]
}