{
  "Origins": "Yes, some women pull up their tops (or have them unexpectedly pulled up by their male companions), exposing their breasts to the camera as they hurtle down the waterfall. No, you won't see these pictures as you exit the ride, because a cast member will prevent them from appearing on the screen. Yes, some of these pictures have been sneaked out and posted on the Internet. No, you won't find them here.",
  "Fact Check": "",
  "Description": "If your party happens to be riding in the same log on Splash Mountain with someone who pulls this stunt, explain the situation to a cast member. You'll usually be escorted to the front of the queue so you can ride Splash Mountain again and purchase the souvenir photo you wanted without having to wait in line all over again. Additional Information: Newspaper article about Flash Mountain Flash Mountain photos",
  "Originally Published": "",
  "Referred Links": "http://web.archive.org/web/20000918213331/home.europa.com/~cabelsa/flash/;",
  "Example": "",
  "Last Updated": "23 August 2007",
  "Credibility": "true",
  "URL": "www.snopes.com/disney/parks/splashmt.asp",
  "Claim": "Women flash their breasts at the camera that takes pictures of Splash Mountain riders as they plunge down the final waterfall.",
  "Claim_ID": "disney_parks_splashmt",
  "Tags": "",
  "Google Results": [
    {
      "results": [
        {
          "domain": "www.snopes.com",
          "link": "http://www.snopes.com/Disney/parks/splashmt.asp",
          "link_type": "results"
        },
        {
          "domain": "www.nbclosangeles.com",
          "link": "http://www.nbclosangeles.com/news/local/Souvenir-Photo-Might-Bust-Tower-of-Terror-Groper-83372692.html",
          "link_type": "results"
        },
        {
          "domain": "en.wikipedia.org",
          "link": "https://en.wikipedia.org/wiki/Splash_Mountain",
          "link_type": "results"
        },
        {
          "domain": "members.tripod.com",
          "link": "http://members.tripod.com/instant_muffins/muffin/id25.html",
          "link_type": "results"
        },
        {
          "domain": "bceb50860fb3e50b9f205e2aaab77d58.truthfrequencynews.com",
          "link": "http://bceb50860fb3e50b9f205e2aaab77d58.truthfrequencynews.com/exit-splash-message/",
          "link_type": "results"
        },
        {
          "domain": "www.simpsonsarchive.com",
          "link": "http://www.simpsonsarchive.com/guides/disney.html",
          "link_type": "results"
        },
        {
          "domain": "www.newgrounds.com",
          "link": "http://www.newgrounds.com/bbs/topic/111593",
          "link_type": "results"
        },
        {
          "domain": "unlimitedelevens.com",
          "link": "http://unlimitedelevens.com/oldbackup/viewtopic.php?download=-1&t=9333&sid=c676751cfb03e35e89d6ff68b9953c59",
          "link_type": "results"
        },
        {
          "domain": "www.chiefsplanet.com",
          "link": "http://www.chiefsplanet.com/BB/archive/index.php/t-15144.html",
          "link_type": "results"
        },
        {
          "domain": "www.chiefsplanet.com",
          "link": "http://www.chiefsplanet.com/BB/showthread.php?t=15144&page=2",
          "link_type": "results"
        }
      ]
    },
    {
      "results": [
        {
          "domain": "www.10news.com",
          "link": "http://www.10news.com/news/fact-or-fiction-let-10news-help-you-find-out-2",
          "link_type": "results"
        },
        {
          "domain": "datab.us",
          "link": "http://datab.us/Search/Popular%2BSplash%2BMountain%2Band%2BBr'er%2BRabbit%2Bvideos%2BPlayListIDPLFmQcG66TvL2dNxPw9d8Rtya_zMaUb3Hr",
          "link_type": "results"
        },
        {
          "domain": "www.vidinfo.org",
          "link": "http://www.vidinfo.org/video/21465612/flash-mountain",
          "link_type": "results"
        },
        {
          "domain": "www.newgrounds.xyz",
          "link": "http://www.newgrounds.xyz/bbs/search/author/akula/229",
          "link_type": "results"
        },
        {
          "domain": "www.dailyscript.com",
          "link": "http://www.dailyscript.com/scripts/Indiana%20Jones%20And%20The%20Temple%20Of%20Doom.txt",
          "link_type": "results"
        },
        {
          "domain": "visualverse.org",
          "link": "http://visualverse.org/",
          "link_type": "results"
        },
        {
          "domain": "www.dailymail.co.uk",
          "link": "http://www.dailymail.co.uk/home/sitemaparchive/day_20150818.html",
          "link_type": "results"
        },
        {
          "domain": "www.dailymail.co.uk",
          "link": "http://www.dailymail.co.uk/news/article-1051647/Holiday-Briton-plunges-death-tries-picture-grasshopper-cliff-edge.html",
          "link_type": "results"
        },
        {
          "domain": "gutenberg.ca",
          "link": "http://gutenberg.ca/ebooks/sackvillewestv-twelvedays/sackvillewestv-twelvedays-00-h-dir/sackvillewestv-twelvedays-00-h.html",
          "link_type": "results"
        },
        {
          "domain": "www.inthebigpicture.com",
          "link": "http://www.inthebigpicture.com/category/central-america/",
          "link_type": "results"
        }
      ]
    },
    {
      "results": [
        {
          "domain": "forums.wdwmagic.com",
          "link": "http://forums.wdwmagic.com/threads/lod-team-imageworks-final-park.615862/",
          "link_type": "results"
        },
        {
          "domain": "www.imsdb.com",
          "link": "http://www.imsdb.com/scripts/Rambo-First-Blood-II-The-Mission.html",
          "link_type": "results"
        },
        {
          "domain": "www.mapleleafadventures.com",
          "link": "http://www.mapleleafadventures.com/blog/",
          "link_type": "results"
        },
        {
          "domain": "www.ukrides.info",
          "link": "http://www.ukrides.info/forum/viewtopic.php?f=11&t=3609",
          "link_type": "results"
        },
        {
          "domain": "www.sailblogs.com",
          "link": "http://www.sailblogs.com/member/svseawhisper/?xjMsgID=259078",
          "link_type": "results"
        },
        {
          "domain": "www.coursehero.com",
          "link": "https://www.coursehero.com/file/9340573/Geoff-Ryman-Air/",
          "link_type": "results"
        },
        {
          "domain": "land.allears.net",
          "link": "http://land.allears.net/blogs/jackspence/walt_disney_world/theme_parks/magic_kingdom/",
          "link_type": "results"
        },
        {
          "domain": "sirstack.db-destiny.net",
          "link": "http://sirstack.db-destiny.net/prsw/prwf/prwf1.htm",
          "link_type": "results"
        },
        {
          "domain": "you-books.com",
          "link": "http://you-books.com/book/W-Smith/Assegai",
          "link_type": "results"
        },
        {
          "domain": "www.archive.org",
          "link": "http://www.archive.org/stream/anthologybibliog02dowcrich/anthologybibliog02dowcrich_djvu.txt",
          "link_type": "results"
        }
      ]
    }
  ]
}