{
  "Origins": "Song of the South, a 1946 Disney film mixing animation and live action, was based on the \"Uncle Remus\" stories of Joel Chandler Harris. Harris, who had grown up in Georgia during the Civil War, spent a lifetime compiling and publishing the tales told to him by former slaves. These stories many of which Harris learned from an old Black man he called \"Uncle George\" were first published as columns in The Atlanta Constitution and were later syndicated nationwide and published in book form. Harris's Uncle Remus was a fictitious old slave and philosopher who told entertaining fables about Br'er Rabbit and other woodland creatures in a Southern Black dialect.",
  "Fact Check": "",
  "Description": "Song of the South consists of animated sequences featuring Uncle Remus characters such as Br'er Rabbit, Br'er Fox, and Br'er Bear, framed by live-action portions in which Uncle Remus (portrayed by actor James Baskett, who won a special Oscar for his efforts) tells the stories to a little white boy upset over his parents' impending divorce. Although some Blacks have always been uneasy about the minstrel tradition of the Uncle Remus stories, the major objections to Song of the South had to do with the live action portions. The film has been criticized both for \"making slavery appear pleasant\" and \"pretending slavery didn't exist\", even though the film (like Harris' original collection of stories) is set after the Civil War and the abolition of slavery. Still, as folklorist Patricia A. Turner writes: Disney's 20th century re-creation of Harris's frame story is much more heinous than the original. The days on the plantation located in \"the United States of Georgia\" begin and end with unsupervised Blacks singing songs about their wonderful home as they march to and from the fields. Disney and company made no attempt to to render the music in the style of the spirituals and work songs that would have been sung during this era. They provided no indication regarding the status of the Blacks on the plantation. Joel Chandler Harris set his stories in the post-slavery era, but Disney's version seems to take place during a surreal time when Blacks lived on slave quarters on a plantation, worked diligently for no visible reward and considered Atlanta a viable place for an old Black man to set out for. Kind old Uncle Remus caters to the needs of the young white boy whose father has inexplicably left him and his mother at the plantation. An obviously ill-kept Black child of the same age named Toby is assigned to look after the white boy, Johnny. Although Toby makes one reference to his \"ma,\" his parents are nowhere to be seen. The African-American adults in the film pay attention to him only when he neglects his responsibilities as Johnny's playmate-keeper. He is up before Johnny in the morning in order to bring his white charge water to wash with and keep him entertained. The boys befriend a little blond girl, Ginny, whose family clearly represents the neighborhood's white trash. Although Johnny coaxes his mother into inviting Ginny to his fancy birthday party at the big house, Toby is curiously absent from the party scenes. Toby is good enough to catch frogs with, but not good enough to have birthday cake with. When Toby and Johnny are with Uncle Remus, the gray-haired Black man directs most of his attention to the white child. Thus Blacks on the plantation are seen as willingly subservient to the whites to the extent that they overlook the needs of their own children. When Johnny's mother threatens to keep her son away from the old gentleman's cabin, Uncle Remus is so hurt that he starts to run away. In the world that Disney made, the Blacks sublimate their own lives in order to be better servants to the white family. If Disney had truly understood the message of the tales he animated so delightfully, he would have realized the extent of distortion of the frame story. The NAACP acknowledged \"the remarkable artistic merit\" of the film when it was first released, but decried \"the impression it gives of an idyllic master-slave relationship\". Disney re-released the film in 1956, but then kept it out of circulation all throughout the turbulent civil rights era of the 1960s. In 1970 Disney announced in Variety that Song of the South had been \"permanently\" retired, but the studio eventually changed its mind and re-released the film in 1972, 1981, and again in 1986 for a fortieth anniversary celebration. Although the film has only been released to the home video market in various European and Asian countries, Disney's reluctance to market it in the USA is not a reaction to an alleged threat by the NAACP to boycott Disney products. The NAACP fielded objections to Song of the South when it premiered, but it has no current position on the movie. Perhaps lost in all the controversy over the film is the fact that James Baskett, a black man, was the very first live actor ever hired by Disney. Allegedly, though, Baskett was unable to attend the film's premiere in Atlanta because no hotel would give him a room.",
  "Originally Published": "",
  "Referred Links": "",
  "Example": "",
  "Last Updated": "21 August 2007",
  "Credibility": "true",
  "URL": "www.snopes.com/disney/films/sots.asp",
  "Claim": "The film Song of the South has never been released on home video in the USA.",
  "Claim_ID": "disney_films_sots",
  "Tags": "",
  "Google Results": [
    {
      "results": [
        {
          "domain": "en.wikipedia.org",
          "link": "https://en.wikipedia.org/wiki/Song_of_the_South",
          "link_type": "results"
        },
        {
          "domain": "www.theguardian.com",
          "link": "http://www.theguardian.com/film/filmblog/2007/mar/28/therearetwodisneyfilms",
          "link_type": "results"
        },
        {
          "domain": "www.songofthesouth.net",
          "link": "http://www.songofthesouth.net/faq/",
          "link_type": "results"
        },
        {
          "domain": "mentalfloss.com",
          "link": "http://mentalfloss.com/article/60021/10-zip-dee-doo-dah-facts-about-song-south",
          "link_type": "results"
        },
        {
          "domain": "disney.wikia.com",
          "link": "http://disney.wikia.com/wiki/Thread:157470",
          "link_type": "results"
        },
        {
          "domain": "www.imdb.com",
          "link": "http://www.imdb.com/title/tt0038969/reviews",
          "link_type": "results"
        },
        {
          "domain": "blogs.indiewire.com",
          "link": "http://blogs.indiewire.com/shadowandact/regarding-song-of-the-south-the-film-that-disney-doesnt-want-you-to-see-20141223",
          "link_type": "results"
        },
        {
          "domain": "www.snopes.com",
          "link": "http://www.snopes.com/disney/films/sots.asp",
          "link_type": "results"
        },
        {
          "domain": "en.m.wikipedia.org",
          "link": "http://en.m.wikipedia.org/wiki/Zip-a-Dee-Doo-Dah",
          "link_type": "results"
        },
        {
          "domain": "www.dailymail.co.uk",
          "link": "http://www.dailymail.co.uk/news/article-2541292/Walt-Disney-grandniece-Meryl-Streep-right-Disney-racist-misogynistic.html",
          "link_type": "results"
        },
        {
          "domain": "www.biography.com",
          "link": "http://www.biography.com/people/walt-disney-9275533",
          "link_type": "results"
        },
        {
          "domain": "www.ebay.com",
          "link": "http://www.ebay.com/bhp/song-of-the-south",
          "link_type": "results"
        },
        {
          "domain": "www.slate.com",
          "link": "http://www.slate.com/articles/arts/books/2013/01/song_of_the_south_disney_s_most_notorious_film_by_jason_sperb_reviewed.html",
          "link_type": "results"
        },
        {
          "domain": "",
          "link": "/aclk?sa=L&ai=Clr46qqWjVvCUJYecpgOPjIywBrCR_KsH8O24isUC_sTaPQgDEAEoAmDlg4CAqBbIAQGpAn9av7Na9Lc-qgQlT9CYa_6UMxdkYzXWj1OXAH3fleYtfw5UBU3p6RcdPKPTfCYEA4AH4OydQpAHA6gHpr4b2AcB&sig=AOD64_0N8Xq9pf5T9Z662PrM_sUH-Lnl8Q&clui=0&q=&ved=0ahUKEwjfyPf0qMDKAhUCkIMKHVnVAuoQ0QwIew&adurl=http://www.classicmovielove.co.uk/product/song-of-the-south-1946-dvd/",
          "link_type": "ads_main"
        },
        {
          "domain": "",
          "link": "/aclk?sa=l&ai=CB5FDqqWjVvCUJYecpgOPjIywBr_yu4cI38XpkbgCgfy6-6ECCAMQAigCYOWDgICoFqAB1-nn6QPIAQGqBChP0Ph-8JQwF2RjNZ6Pyum8_LJfeO4Tkkq7PHPYSRHMQEe0b-u83YG3gAeRlpgWkAcDqAemvhvYBwE&sig=AOD64_3j3wcm-p-p-5roFpTayY1f72lV1Q&clui=1&q=&ved=0ahUKEwjfyPf0qMDKAhUCkIMKHVnVAuoQ0QwIgAE&adurl=http://www.lovingtheclassics.com/song-of-the-south-1946.html",
          "link_type": "ads_main"
        }
      ]
    },
    {
      "results": [
        {
          "domain": "www.disneymovieslist.com",
          "link": "http://www.disneymovieslist.com/movies/details.asp?mov=song-south",
          "link_type": "results"
        },
        {
          "domain": "theforbidden-zone.com",
          "link": "http://theforbidden-zone.com/scrolls/songofthesouth.shtml",
          "link_type": "results"
        },
        {
          "domain": "www.youtube.com",
          "link": "https://www.youtube.com/watch?v=47ak4vjiNzw",
          "link_type": "results"
        },
        {
          "domain": "www.youtube.com",
          "link": "https://www.youtube.com/watch?v=XqYUkEIGV5o",
          "link_type": "results"
        },
        {
          "domain": "www.wrensnest.org",
          "link": "http://www.wrensnest.org/disney-to-release-song-of-the-south-on-blu-ray-and-dvd-in-2009/",
          "link_type": "results"
        },
        {
          "domain": "www.moviefanfare.com",
          "link": "http://www.moviefanfare.com/song-of-the-south/",
          "link_type": "results"
        },
        {
          "domain": "books.google.com.mx",
          "link": "https://books.google.com.mx/books?id=H9FfbBUMAH0C&pg=PA60&lpg=PA60&dq=The+film+Song+of+the+South+has+never+been+released+on+home+video+in+the+USA.&source=bl&ots=SrL8t1LzPN&sig=E-5Ek647vZnCFfZjeehjUXbg7r8&hl=en&sa=X&ved=0ahUKEwj6t7L2qMDKAhVGl4MKHZ8LBIs4ChDoAQg6MAY",
          "link_type": "results"
        },
        {
          "domain": "occupybawlstreet.com",
          "link": "http://occupybawlstreet.com/obama-on-disney-song-of-the-south-dvd-release/",
          "link_type": "results"
        },
        {
          "domain": "www.sevendaysvt.com",
          "link": "http://www.sevendaysvt.com/LiveCulture/archives/2015/03/07/what-im-watching-song-of-the-south",
          "link_type": "results"
        },
        {
          "domain": "www.collectorz.com",
          "link": "http://www.collectorz.com/phpbb2/viewtopic.php?t=3082",
          "link_type": "results"
        }
      ]
    },
    {
      "results": [
        {
          "domain": "books.google.com.mx",
          "link": "https://books.google.com.mx/books?id=DztQtydwimMC&pg=PA109&lpg=PA109&dq=The+film+Song+of+the+South+has+never+been+released+on+home+video+in+the+USA.&source=bl&ots=eYlJQdukLA&sig=HnK_G3AmL8cCheYxvmc9ep5sL1U&hl=en&sa=X&ved=0ahUKEwiKl9n3qMDKAhUskoMKHUBBBiY4FBDoAQgZMAA",
          "link_type": "results"
        },
        {
          "domain": "www.cracked.com",
          "link": "http://www.cracked.com/article_15833_the-9-most-racist-disney-characters.html",
          "link_type": "results"
        },
        {
          "domain": "www.tcm.com",
          "link": "http://www.tcm.com/tcmdb/title/90871/Song-of-the-South/notes.html",
          "link_type": "results"
        },
        {
          "domain": "www.cartoonbrew.com",
          "link": "http://www.cartoonbrew.com/books/whos-afraid-of-song-of-the-south-by-jim-korkis-73980.html",
          "link_type": "results"
        },
        {
          "domain": "articles.chicagotribune.com",
          "link": "http://articles.chicagotribune.com/2005-02-13/news/0502130437_1_uncle-remus-film-joel-chandler-harris",
          "link_type": "results"
        },
        {
          "domain": "www.amazon.com",
          "link": "http://www.amazon.com/Disneys-Sing-A-Long-Songs-Zip-A-Dee-Doo-Dah-Volume/dp/6300276554",
          "link_type": "results"
        },
        {
          "domain": "listverse.com",
          "link": "http://listverse.com/2011/02/11/top-15-movies-you-cant-find-on-dvd/",
          "link_type": "results"
        },
        {
          "domain": "www.quora.com",
          "link": "https://www.quora.com/What-was-the-Disney-movie-Song-of-the-South-about-Was-it-horribly-racist-Is-it-available-to-watch-anywhere",
          "link_type": "results"
        },
        {
          "domain": "www.neatorama.com",
          "link": "http://www.neatorama.com/neatogeek/2015/08/02/Just-The-Brer-Facts-About-Song-Of-The-South/",
          "link_type": "results"
        },
        {
          "domain": "junkee.com",
          "link": "http://junkee.com/the-dark-days-of-disney-slavery-propaganda-animal-cruelty-and-more/14742",
          "link_type": "results"
        }
      ]
    }
  ]
}