{
  "Origins": "",
  "Fact Check": "",
  "Description": "",
  "Originally Published": "",
  "Referred Links": "http://www.reuters.com/news/picture/jeb-bush-takes-on-trump-in-debate-but-ot?articleId=USKBN0TZ02220151216;https://upload.wikimedia.org/wikipedia/commons/b/b5/Jacques-Louis_David_-_The_Emperor_Napoleon_in_His_Study_at_the_Tuileries_-_Google_Art_Project_2.jpg;http://www.salon.com/2015/12/16/fiorina_goes_full_vagina_final_gop_debate_of_the_year_sets_off_a_conservative_civil_war_on_twitter/;",
  "Example": "[Collected via Twitter, December 2015] Origin:During the 2008 presidential campaign, a cottage industry was started from a single instance in which Democratic candidate Barack Obama, then a senator from Illinois, was captured on video standing with his hands clenched below his waist during the playing of the U.S. national anthem at an Iowa steak fry attended by six top Democratic presidential candidates an industry that subsequently spawned a plethora of false rumors after Senator Obama won the presidential elections, such as a claim that he wanted to change the national anthem to something more innocuous and a faked photograph showing him and his wife Michelle using their left hands to show respect for the U.S. flag. A similar item circulated (to lesser extent) during the 2016 presidential campaign, an image of GOP candidate Donald Trump apparently standing sullenly with his hands at his sides while others around him place their hands over their hearts in the standard gesture of respect for the U.S. flag: The background elements of this image indicate that it originated with the 15 December 2015 CNN Republican presidential debate held in Las Vegas: it was included in articles about that debate, where it was credited to David Becker of the Reuters news agency. However, we found no evidence that the moment captured in this image actually occurred during that debate. The debate was aired live on CNN, and it opened with the nine Republican candidates being introduced one-by-one, briefly posing together at the front of the stage for photographs, then remaining in place while the U.S. national anthem, \"The Star-Spangled Banner,\" was sung by Ayla Brown (daughter of former Massachusetts senator Scott Brown): We viewed the video of that event multiple times, but we found no instance during the singing of the national anthem in which Donald Trump could be seen in the pose shown above (with his hands at his sides). Every time Donald Trump was visible within the frame of the television coverage, he was standing with his hand over his heart, just like all the other candidates: There is no doubt that the image in question stemmed from this debate: the arrangement of candidates on stage is the same as shown in the video, the candidates' clothing is the same as shown in the video, and even Senator Ted Cruz's Napoleon-like pose (with his right hand tucked inside his suit jacket) is the same as shown in the video. In fact, a Reuters gallery of images from the debate taken by photographer Mike Blake includes a clear photograph of Trump standing in the appropriate pose: The image in question appears to be a digitally manipulated one, blending a photograph from the national anthem sequence with one taken shortly beforehand: If the image were real, then it would have to have originated with a photographer's managing to snap a picture during a fleeting instant (not captured by the multiple television cameras present) in which Donald Trump briefly held the pose shown. Either way, the video documentation of the event clearly shows that Trump did not stand with his hands at his side throughout the playing of the national anthem; he held his right hand over his heart for the duration, as appropriate. Last updated: 20 December 2015 Originally published: 20 December 2015",
  "Last Updated": "",
  "Credibility": "false",
  "URL": "www.snopes.com/donald-trump-flag-salute/",
  "Claim": "Donald Trump failed to place his hand over his heart during the playing of the U.S. national anthem at the beginning of a GOP debate.",
  "Tags": "donald trump;U.S. flag;",
  "Claim_ID": "donald-trump-flag-salute",
  "Google Results": [
    {
      "results": [
        {
          "domain": "www.snopes.com",
          "link": "http://www.snopes.com/donald-trump-flag-salute/",
          "link_type": "results"
        },
        {
          "domain": "time.com",
          "link": "http://time.com/4151072/republican-debate-las-vegas-cnn/",
          "link_type": "results"
        },
        {
          "domain": "mediamatters.org",
          "link": "http://mediamatters.org/research/2007/10/24/regarding-national-anthem-controversy-hannity-a/140186",
          "link_type": "results"
        },
        {
          "domain": "www.telegraph.co.uk",
          "link": "http://www.telegraph.co.uk/news/worldnews/republicans/12052760/republican-debate-donald-trump-las-vegas.html",
          "link_type": "results"
        },
        {
          "domain": "abcnews.go.com",
          "link": "http://abcnews.go.com/blogs/politics/2012/02/national-anthem-etiquette-what-to-do-at-a-sporting-event-or-political-rally/",
          "link_type": "results"
        },
        {
          "domain": "www.politifact.com",
          "link": "http://www.politifact.com/truth-o-meter/statements/2007/nov/08/chain-email/photo-was-taken-during-anthem-not-pledge/",
          "link_type": "results"
        },
        {
          "domain": "www.slate.com",
          "link": "http://www.slate.com/articles/news_and_politics/explainer/2007/11/how_barack_obama_broke_the_law.html",
          "link_type": "results"
        },
        {
          "domain": "www.breitbart.com",
          "link": "http://www.breitbart.com/big-government/2015/09/16/mixed-reaction-national-anthem-media-filing-room-stand-not-stand/",
          "link_type": "results"
        },
        {
          "domain": "www.cnn.com",
          "link": "http://www.cnn.com/2015/12/16/opinions/opinion-roundup-gop-debate/",
          "link_type": "results"
        },
        {
          "domain": "www.theguardian.com",
          "link": "http://www.theguardian.com/us-news/live/2015/sep/16/republican-presidential-debate-cnn",
          "link_type": "results"
        }
      ]
    },
    {
      "results": [
        {
          "domain": "www.businessinsider.com",
          "link": "http://www.businessinsider.com/poll-donald-trump-ben-carson-fiorina-rubio-2015-9",
          "link_type": "results"
        },
        {
          "domain": "www.theatlantic.com",
          "link": "http://www.theatlantic.com/politics/archive/2015/12/republican-presidential-debate-las-vegas/420657/",
          "link_type": "results"
        },
        {
          "domain": "www.dailymail.co.uk",
          "link": "http://www.dailymail.co.uk/news/article-3362714/Trump-declares-victor-voters-thumbs-Christie-presidential-Cruz-tough-commanding-following-feisty-debate.html",
          "link_type": "results"
        },
        {
          "domain": "www.dailymail.co.uk",
          "link": "http://www.dailymail.co.uk/news/article-3314156/Trump-Its-beautiful-watch-GOP-rivals-drop-out.html",
          "link_type": "results"
        },
        {
          "domain": "www.dailymail.co.uk",
          "link": "http://www.dailymail.co.uk/news/article-3359949/I-think-ll-ruin-Christmas-America-GOP-candidates-line-busy-holiday-campaign-schedule-desperate-bid-undercut-Trump.html",
          "link_type": "results"
        },
        {
          "domain": "www.thespec.com",
          "link": "http://www.thespec.com/news-story/6195705-trump-cruz-centre-stage-in-gop-presidential-candidates-debate/",
          "link_type": "results"
        },
        {
          "domain": "pix11.com",
          "link": "http://pix11.com/2015/12/09/hundreds-gather-at-city-hall-to-protest-donald-trumps-proposed-ban-on-muslims-entering-the-u-s/",
          "link_type": "results"
        },
        {
          "domain": "www.thegatewaypundit.com",
          "link": "http://www.thegatewaypundit.com/and-donald-trump-gets-the-last-word-in-tonights-democrat-socialist-cnn-debate/",
          "link_type": "results"
        },
        {
          "domain": "www.nytimes.com",
          "link": "http://www.nytimes.com/2015/10/14/us/politics/democratic-debate-transcript.html",
          "link_type": "results"
        },
        {
          "domain": "thehill.com",
          "link": "http://thehill.com/blogs/blog-briefing-room/240161-uproar-over-woman-texting-during-national-anthem-at-whcd",
          "link_type": "results"
        }
      ]
    },
    {
      "results": [
        {
          "domain": "www.nationalmemo.com",
          "link": "http://www.nationalmemo.com/restive-debates-about-ruthless-things-fifth-gop-debates-spotlights-terror-at-home-and-abroad/",
          "link_type": "results"
        },
        {
          "domain": "www.allenbwest.com",
          "link": "http://www.allenbwest.com/2015/10/sheryl-crow-to-sing-national-anthem-at-first-democrat-debate/",
          "link_type": "results"
        },
        {
          "domain": "www.latimes.com",
          "link": "http://www.latimes.com/nation/politics/trailguide/la-na-trailguide-10132015-htmlstory.html",
          "link_type": "results"
        },
        {
          "domain": "m.facebook.com",
          "link": "https://m.facebook.com/FoxBusiness/videos/10153695021570238/",
          "link_type": "results"
        },
        {
          "domain": "www.historycommons.org",
          "link": "http://www.historycommons.org/context.jsp?item=a042911obamasrgeller",
          "link_type": "results"
        },
        {
          "domain": "www.salon.com",
          "link": "http://www.salon.com/2007/11/28/michelle_obama/",
          "link_type": "results"
        },
        {
          "domain": "www.vox.com",
          "link": "http://www.vox.com/2015/12/23/10658212/ted-cruz-immigration",
          "link_type": "results"
        },
        {
          "domain": "www.christianpost.com",
          "link": "http://www.christianpost.com/news/us-presidential-elections-update-clinton-trump-lead-in-polls-after-december-debates-153396/",
          "link_type": "results"
        },
        {
          "domain": "community.good.is",
          "link": "http://community.good.is/link/laugh-at-donald-trump-s-insanity-but-call-it-what-it-is-racism",
          "link_type": "results"
        },
        {
          "domain": "www.steynonline.com",
          "link": "http://www.steynonline.com/section/13/steyn-on-america",
          "link_type": "results"
        }
      ]
    }
  ]
}