{
  "Origins": "",
  "Fact Check": "",
  "Description": "",
  "Originally Published": "",
  "Referred Links": "https://www.reddit.com/r/pics/comments/3ovpek/;",
  "Example": "[Collected via Email, January 2016] I saw that Queen Elizabeth is promising to \"take back America\" if Donald Trump is elected president. Is this true? Origin:On 8 January 2016, the entertainment Tumblr page D.C. Brief posted a fake news article which claimed that Queen Elizabeth would \"take back America\" if Donald Trump was elected president: The Queen of England has issued a promise to her subjects that she will invade the United States of America if Donald J. Trump is elected President in November of this year. Should Mr Trump be elected we will take back America by force and place it once again under colonial rule, her Majesty said in a statement this morning. The announcement has received mostly a positive response, but many critics have seen the Queen as merely taking advantage of the swell of anti-Trump feeling in the country after a petition calling for the banning of the real estate mogul from entering the UK received over 500,000 signatories. The above-quoted story is a work of fiction. A disclaimer on TheDCBrief.com, a companion web site for the Tumblr Page, states that its articles are \"satirical\": The D.C. Brief is a satirical current affairs web-site. The D.C. Brief has no allegiance to any political party or political figure. All political parties and political figures are unanimous in their lack of allegiance to The D.C. Brief. We aim for a light-hearted tone in all content. However, if you find any content offensive we apologise and welcome any feedback. While there is no truth to the above-displayed story, a Reddit post from October 2015 did give some insight on how the Queen would react if Trump became president. After penning a letter to the Queen about their frustration with American politics (particularly the current Republican presidential candidates), a Redditor received a response from Buckingham Palace: Frustrated with the current field of presidential candidates (particularly on the GOP side), my Anglophile friend wrote a trolling letter to the Queen, asking her to take the US back. To our shock, they actually dignified him with a response. I have been asked to write in response to your recent letter to The Queen in which you express your views about the American government. Whilst your views have been noted, you will appreciate, I am sure, that there can be no question of The Queen intervening in the affairs of another Sovereign state. Last updated: 13 January 2016 Originally published: 13 January 2016",
  "Last Updated": "",
  "Credibility": "false",
  "URL": "www.snopes.com/donald-trump-queen-england/",
  "Claim": "Queen Elizabeth said that she would \"take America back\" if Donald Trump gets elected president.",
  "Tags": "queen elizabeth;donald trump;trump;queen;",
  "Claim_ID": "donald-trump-queen-england",
  "Google Results": [
    {
      "results": [
        {
          "domain": "yournewswire.com",
          "link": "http://yournewswire.com/queen-elizabeth-promises-to-take-back-america-if-trump-elected/",
          "link_type": "results"
        },
        {
          "domain": "www.snopes.com",
          "link": "http://www.snopes.com/donald-trump-queen-england/",
          "link_type": "results"
        },
        {
          "domain": "thedcbrief.tumblr.com",
          "link": "http://thedcbrief.tumblr.com/post/136881446140/the-queen-of-england-promises-to-take-back",
          "link_type": "results"
        },
        {
          "domain": "www.conspiracyclub.co",
          "link": "http://www.conspiracyclub.co/2016/01/13/queen-elizabeth-to-take-back-america-if-trump-elected/",
          "link_type": "results"
        },
        {
          "domain": "www.dailymail.co.uk",
          "link": "http://www.dailymail.co.uk/news/article-3276084/The-Special-Relationship-Frustrated-American-writes-Queen-asking-USA-Republican-presidential-candidates-astonished-receive-reply-Buckingham-Palace.html",
          "link_type": "results"
        },
        {
          "domain": "www.telegraph.co.uk",
          "link": "http://www.telegraph.co.uk/news/uknews/queen-elizabeth-II/11937467/Frustrated-American-asks-the-Queen-to-take-back-USA.html",
          "link_type": "results"
        },
        {
          "domain": "www.conspiracyoutpost.com",
          "link": "http://www.conspiracyoutpost.com/topic/6641-the-queen-of-england-promises-to-%E2%80%9Ctake-back%E2%80%9D-america-if-trump-is-elected/",
          "link_type": "results"
        },
        {
          "domain": "www.independent.co.uk",
          "link": "http://www.independent.co.uk/news/people/american-writes-to-the-queen-asking-her-to-take-back-control-of-the-us-because-presidential-a6697661.html",
          "link_type": "results"
        },
        {
          "domain": "beforeitsnews.com",
          "link": "http://beforeitsnews.com/blogging-citizen-journalism/2016/01/queen-elizabeth-promises-to-take-back-america-if-trump-elected-3-2528314.html",
          "link_type": "results"
        }
      ]
    },
    {
      "results": [
        {
          "domain": "www.secretsofthefed.com",
          "link": "http://www.secretsofthefed.com/queen-elizabeth-promises-to-take-back-america-if-trump-elected/",
          "link_type": "results"
        },
        {
          "domain": "www.addictinginfo.org",
          "link": "http://www.addictinginfo.org/2015/10/17/american-begs-queen-elizabeth-to-save-u-s-from-trump-and-she-responds-image/",
          "link_type": "results"
        },
        {
          "domain": "www.politico.eu",
          "link": "http://www.politico.eu/article/why-britain-loves-to-hate-donald-trump-presidential-candidate-petition-to-ban/",
          "link_type": "results"
        },
        {
          "domain": "dailywiki.net",
          "link": "http://dailywiki.net/news/queen-elizabeth-promises-to-take-back-america-if-trump-elected",
          "link_type": "results"
        },
        {
          "domain": "www.tumblr.com",
          "link": "https://www.tumblr.com/tagged/take-back-america!",
          "link_type": "results"
        },
        {
          "domain": "flipboard.com",
          "link": "https://flipboard.com/topic/queenelizabethii",
          "link_type": "results"
        },
        {
          "domain": "www.politics.co.ke",
          "link": "http://www.politics.co.ke/politics/adolf-hitler-donald-trumps-grandfather-mugabe-puts-trump-place/",
          "link_type": "results"
        },
        {
          "domain": "www.mintpressnews.com",
          "link": "http://www.mintpressnews.com/sarah-palin-endorses-donald-trump-after-he-promises-to-give-her-power-relevancy/208662/",
          "link_type": "results"
        },
        {
          "domain": "www.celebitchy.com",
          "link": "http://www.celebitchy.com/452558/queen_elizabeth_got_a_request_to_take_america_back_she_has_refused/",
          "link_type": "results"
        },
        {
          "domain": "en.wikipedia.org",
          "link": "https://en.wikipedia.org/wiki/Donald_Trump",
          "link_type": "results"
        }
      ]
    },
    {
      "results": [
        {
          "domain": "www.newswithviews.com",
          "link": "http://www.newswithviews.com/Marquis/doc110.htm",
          "link_type": "results"
        },
        {
          "domain": "www.satiratribune.com",
          "link": "http://www.satiratribune.com/2015/10/19/donald-trump-releases-10-reason-why-we-should-make-canada-the-51st-state/",
          "link_type": "results"
        },
        {
          "domain": "www.vanityfair.com",
          "link": "http://www.vanityfair.com/magazine/2015/07/donald-ivana-trump-divorce-prenup-marie-brenner",
          "link_type": "results"
        },
        {
          "domain": "www.theguardian.com",
          "link": "http://www.theguardian.com/world/2016/feb/01/us-citizens-move-to-canada-presidential-election",
          "link_type": "results"
        },
        {
          "domain": "www.newsmax.com",
          "link": "http://www.newsmax.com/TheWire/donald-trump-things-you-may/2015/06/15/id/650573/",
          "link_type": "results"
        },
        {
          "domain": "www.spectator.co.ke",
          "link": "http://www.spectator.co.ke/2015/12/i-will-lock-mugabe-and-museveni-in-prison-if-i-become-president-donald-trump-vows/",
          "link_type": "results"
        },
        {
          "domain": "www.usmagazine.com",
          "link": "http://www.usmagazine.com/celebrity-news/news/jennifer-lawrence-president-donald-trump-would-be-end-of-the-world-2015110",
          "link_type": "results"
        },
        {
          "domain": "www.economist.com",
          "link": "http://www.economist.com/news/britain/21663904-etc-three-views-etc",
          "link_type": "results"
        },
        {
          "domain": "www.thestar.com",
          "link": "http://www.thestar.com/news/insight/2015/11/08/how-donald-trump-became-the-character-he-created.html",
          "link_type": "results"
        },
        {
          "domain": "uk.businessinsider.com",
          "link": "http://uk.businessinsider.com/what-happens-when-queen-elizabeth-ii-dies-2015-3",
          "link_type": "results"
        }
      ]
    }
  ]
}