{
  "Origins": "On 23 June 2015, a video purportedly showing a drone airpline clipping the wing of a passenger plane and shearing off the wingtip was uploaded to the web site Liveleak:",
  "Fact Check": "Does a video show a drone airplane clipping the wing of an airliner?",
  "Description": "Some idiot's drone crossed our take-off path. I'm still alive! The plane wing shown in the above-displayed video has the same colors as Southwest Airlines, but a closer look reveals that the company's name has been replaced with the URL for visual effects artist Bruce Branit's website, Branit.com: Shortly after the above-displayed video went viral, Branit published a blog post explaining that it was fake: Lately, I've been looking for little videos to make with no budget, an iPhone and some CGI. After shooting this footage of NYC as we were climbing out of Laguardia (thanks FAA for finally letting us keep our phones in airplane mode during take-off), I thought it might be a challenge to make something go by or even strike the wing. This is the same air corridor that Captain \"Skully\" ditched his Airbus A320 in the Hudson after a double bird strike, saving all on-board. But I chose to make a drone zip past instead of a bird and tear off a section of the winglet. Branit also published another video showing how he created the \"drone hits plane\" viral video: Last updated: 24 June 2015",
  "Originally Published": "",
  "Referred Links": "http://www.branit.com/branit-blog/2015/6/23/drone-hits-airliner;http://www.branit.com/;",
  "Example": "",
  "Last Updated": "24 June 2015",
  "Credibility": "false",
  "URL": "www.snopes.com/drone-strike-video/",
  "Claim": "A video shows a drone airplane clipping the wing of an airliner.",
  "Tags": "drone;drone video;drone strike;drone hits plane;plane;",
  "Claim_ID": "drone-strike-video",
  "Google Results": [
    {
      "results": [
        {
          "domain": "mashable.com",
          "link": "http://mashable.com/2015/06/24/drone-hit-new-york-plane-hoax/",
          "link_type": "results"
        },
        {
          "domain": "www.snopes.com",
          "link": "http://www.snopes.com/drone-strike-video/",
          "link_type": "results"
        },
        {
          "domain": "onemileatatime.boardingarea.com",
          "link": "http://onemileatatime.boardingarea.com/2015/06/23/video-of-a-southwest-plane-being-hit-by-a-drone-not/",
          "link_type": "results"
        },
        {
          "domain": "www.mirror.co.uk",
          "link": "http://www.mirror.co.uk/news/weird-news/drones-smashes-planes-wing-terrifying-5939459",
          "link_type": "results"
        },
        {
          "domain": "www.youtube.com",
          "link": "https://www.youtube.com/watch?v=MFtPHeZpP0w",
          "link_type": "results"
        },
        {
          "domain": "flightclub.jalopnik.com",
          "link": "http://flightclub.jalopnik.com/that-video-of-a-drone-striking-a-plane-wing-is-totally-1713451709",
          "link_type": "results"
        },
        {
          "domain": "thenextweb.com",
          "link": "http://thenextweb.com/shareables/2015/06/23/not-so-fly/",
          "link_type": "results"
        },
        {
          "domain": "twitter.com",
          "link": "https://twitter.com/snopes/status/613739137498087424",
          "link_type": "results"
        },
        {
          "domain": "hoax.trendolizer.com",
          "link": "http://hoax.trendolizer.com/trend/Bruce%20Branit",
          "link_type": "results"
        },
        {
          "domain": "www.ooyuz.com",
          "link": "http://www.ooyuz.com/geturl?aid=7076447",
          "link_type": "results"
        }
      ]
    },
    {
      "results": [
        {
          "domain": "drone-rss.com",
          "link": "http://drone-rss.com/2015/06/hoax-alert-a-drone-didnt-hit-a-plane-taking-off-from-new-york/",
          "link_type": "results"
        },
        {
          "domain": "jobs.aol.com",
          "link": "http://jobs.aol.com/videos/cover-letters/hoax-alert-a-drone-didnt-hit-a-plane-taking-off-from-new-york/518904089/",
          "link_type": "results"
        },
        {
          "domain": "www.telegraph.co.uk",
          "link": "http://www.telegraph.co.uk/news/aviation/11289463/Watch-Seven-terrifying-plane-near-misses.html",
          "link_type": "results"
        },
        {
          "domain": "www.reddit.com",
          "link": "https://www.reddit.com/r/videos/comments/3auvon/drone_hits_passenger_jet_happened_this_morning/",
          "link_type": "results"
        },
        {
          "domain": "www.ooyuz.com",
          "link": "http://www.ooyuz.com/geturl?aid=7059192",
          "link_type": "results"
        },
        {
          "domain": "dronevideo.video",
          "link": "http://dronevideo.video/index.php?q=9/11:%20first%20plane%20crash",
          "link_type": "results"
        },
        {
          "domain": "www.computergranny.com",
          "link": "http://www.computergranny.com/drone-hits-southwest-plane-ticket/",
          "link_type": "results"
        },
        {
          "domain": "www.abovetopsecret.com",
          "link": "http://www.abovetopsecret.com/forum/thread1072153/pg1",
          "link_type": "results"
        },
        {
          "domain": "www.dailymail.co.uk",
          "link": "http://www.dailymail.co.uk/video/news/video-1156742/CLOSE-CALL-Plane-hits-bridge-just-car-Taiwan.html",
          "link_type": "results"
        },
        {
          "domain": "www.videoparades.com",
          "link": "https://www.videoparades.com/list/rc+airplane+video+clips/",
          "link_type": "results"
        }
      ]
    },
    {
      "results": [
        {
          "domain": "uavdronepolicy.com",
          "link": "http://uavdronepolicy.com/drone-strike-snopes-com/",
          "link_type": "results"
        },
        {
          "domain": "gma.yahoo.com",
          "link": "https://gma.yahoo.com/dramatic-footage-shows-transasia-airways-plane-moments-deadly-071355213--abc-news-topstories.html",
          "link_type": "results"
        },
        {
          "domain": "www.thespec.com",
          "link": "http://www.thespec.com/news-story/5321211-video-dash-cam-shows-transasia-plane-clip-bridge-crash-in-river/",
          "link_type": "results"
        },
        {
          "domain": "www.rt.com",
          "link": "https://www.rt.com/news/218283-drones-rules-flying-safety/",
          "link_type": "results"
        },
        {
          "domain": "news.nationalgeographic.com",
          "link": "http://news.nationalgeographic.com/news/2013/10/131108-aircraft-bird-strikes-faa-radar-science/",
          "link_type": "results"
        },
        {
          "domain": "www.cnn.com",
          "link": "http://www.cnn.com/2015/05/20/politics/south-china-sea-navy-flight/",
          "link_type": "results"
        },
        {
          "domain": "www.dailyherald.com",
          "link": "http://www.dailyherald.com/article/20150204/news/150209525/",
          "link_type": "results"
        },
        {
          "domain": "fox61.com",
          "link": "http://fox61.com/2015/02/04/shocking-video-shows-plane-crash-into-bridge-at-least-21-dead/",
          "link_type": "results"
        },
        {
          "domain": "www.washingtontimes.com",
          "link": "http://www.washingtontimes.com/news/2015/feb/3/taiwan-plane-crashes-taipei-river-clipped-bridge-a/?page=all",
          "link_type": "results"
        },
        {
          "domain": "www.techeblog.com",
          "link": "http://www.techeblog.com/index.php/tech-gadget/transasia-plane-crash-video-released-shows-the-aircraft-clipping-a-cab",
          "link_type": "results"
        }
      ]
    }
  ]
}