{
  "Origins": "In September 2015, a news-like link reporting that all Dunkin Donut restaurants in the U.S. would be closing after the company filed for bankruptcy began circulating on social media. Although the link appeared to point to a real news story it was generated by the prank web site Punkshare.com. The primary goal of PunkShare.com is to troll people on social media. The web site helps users to create links that appear as if they point to real news stories. When an unsuspecting Facebook user clicks on the link, however, they are greeted with a \"you got punked\" meme:",
  "Fact Check": "Are all Dunkin Donuts locations closing after the company filed for bankruptcy?",
  "Description": "After someone has been \"pranked\" by a fake news link, PunkShare.com encourages them to share the joke with their own Facebook friends and Twitter followers. This ensures that the joke reaches as many people as possible. Similar \"pranks\" have been created about Taco Bell closing, Channing Tatum's sexuality, and the cancellation of The Walking Dead. Last updated: 14 September 2015",
  "Originally Published": " 14 September 2015",
  "Referred Links": "http://www.donotlink.com/go7n;",
  "Example": "[Collected via Facebook, September 2015]",
  "Last Updated": "14 September 2015",
  "Credibility": "false",
  "URL": "www.snopes.com/dunkin-donuts-bankruptcy/",
  "Claim": "All Dunkin Donuts locations are closing after the company filed for bankruptcy.",
  "Tags": "dunkin donuts;punk share;dunkin;bankrupt;bankruptcy;",
  "Claim_ID": "dunkin-donuts-bankruptcy",
  "Google Results": [
    {
      "results": [
        {
          "domain": "www.snopes.com",
          "link": "http://www.snopes.com/dunkin-donuts-bankruptcy/",
          "link_type": "results"
        },
        {
          "domain": "www.snopes.com",
          "link": "http://www.snopes.com/tag/dunkin-donuts/",
          "link_type": "results"
        },
        {
          "domain": "www.truthorfiction.com",
          "link": "https://www.truthorfiction.com/dunkin-donuts-is-closing-down/",
          "link_type": "results"
        },
        {
          "domain": "fcxnewsonline.com",
          "link": "http://fcxnewsonline.com/220/dunkin-donuts-declares-bankruptcy-closing-all-stores-by-late-november",
          "link_type": "results"
        },
        {
          "domain": "money.cnn.com",
          "link": "http://money.cnn.com/2015/10/01/investing/dunkin-donuts-store-closings/",
          "link_type": "results"
        },
        {
          "domain": "www.qsrweb.com",
          "link": "http://www.qsrweb.com/news/third-dunkin-donuts-franchisee-files-for-bankruptcy-protection/",
          "link_type": "results"
        },
        {
          "domain": "en.wikipedia.org",
          "link": "https://en.wikipedia.org/wiki/Dunkin'_Donuts",
          "link_type": "results"
        },
        {
          "domain": "www.reuters.com",
          "link": "http://www.reuters.com/article/kainospartners-idUSN0626128820090706",
          "link_type": "results"
        },
        {
          "domain": "www.facebook.com",
          "link": "https://www.facebook.com/snopes/posts/705682159576306",
          "link_type": "results"
        },
        {
          "domain": "www.vcpost.com",
          "link": "http://www.vcpost.com/articles/96582/20151005/falling-shares-will-close-dunkin-donuts-100-u-s-stores.htm",
          "link_type": "results"
        }
      ]
    },
    {
      "results": [
        {
          "domain": "en-gb.facebook.com",
          "link": "https://en-gb.facebook.com/journalrecord/posts/10154178104881521",
          "link_type": "results"
        },
        {
          "domain": "time.com",
          "link": "http://time.com/money/4058076/dunkin-donuts-closing-100-stores/",
          "link_type": "results"
        },
        {
          "domain": "hoax.trendolizer.com",
          "link": "http://hoax.trendolizer.com/2015/09/no-dough.html",
          "link_type": "results"
        },
        {
          "domain": "hoax.trendolizer.com",
          "link": "http://hoax.trendolizer.com/trend/Taco%20Bell",
          "link_type": "results"
        },
        {
          "domain": "fastfood.trendolizer.com",
          "link": "http://fastfood.trendolizer.com/trend/Dunkin%20Donuts",
          "link_type": "results"
        },
        {
          "domain": "li.st",
          "link": "https://li.st/l/6mJWjDpmmilEkVTSWRnLU9",
          "link_type": "results"
        },
        {
          "domain": "saveyourcash.xyz",
          "link": "http://saveyourcash.xyz/?p=16584",
          "link_type": "results"
        },
        {
          "domain": "livinlavidalowcarb.com",
          "link": "http://livinlavidalowcarb.com/blog/losing-dough-from-low-carb-diet-krispy-kreme-franchise-files-for-bankruptcy-and-closing-stores/2022",
          "link_type": "results"
        },
        {
          "domain": "www.dearclass.net",
          "link": "http://www.dearclass.net/search/?q=dunkin%20donuts%20closing&start=0",
          "link_type": "results"
        },
        {
          "domain": "freshpickeddeals.com",
          "link": "https://freshpickeddeals.com/snopes.com/snopescom-update-19-september-2015-270229",
          "link_type": "results"
        }
      ]
    },
    {
      "results": [
        {
          "domain": "m.facebook.com",
          "link": "https://m.facebook.com/snopes/posts/705682159576306?comment_tracking=%7B%22tn%22%3A%22O%22%7D",
          "link_type": "results"
        },
        {
          "domain": "finance.yahoo.com",
          "link": "http://finance.yahoo.com/news/famous-restaurant-chains-shrinking-fast-105142828.html",
          "link_type": "results"
        },
        {
          "domain": "www.bloomberg.com",
          "link": "http://www.bloomberg.com/bw/articles/2013-02-22/krispy-kremes-unlikely-comeback",
          "link_type": "results"
        },
        {
          "domain": "www.encyclopedia.com",
          "link": "http://www.encyclopedia.com/topic/The_Circle_K_Corp.aspx",
          "link_type": "results"
        },
        {
          "domain": "www.chron.com",
          "link": "http://www.chron.com/business/article/Krispy-Kreme-to-exit-Houston-market-in-March-1877490.php",
          "link_type": "results"
        },
        {
          "domain": "theblacksheeponline.com",
          "link": "http://theblacksheeponline.com/penn-state/state-college-dunkin-donuts-files-for-chapter-7-bankruptcy",
          "link_type": "results"
        },
        {
          "domain": "panampost.com",
          "link": "https://panampost.com/belen-marty/2014/10/10/no-more-dunkin-donuts-for-puerto-rico/",
          "link_type": "results"
        },
        {
          "domain": "myfox8.com",
          "link": "http://myfox8.com/2014/08/21/hostess-twinkie-plant-closing/",
          "link_type": "results"
        },
        {
          "domain": "www.plainvanillashell.com",
          "link": "http://www.plainvanillashell.com/industry.asp",
          "link_type": "results"
        },
        {
          "domain": "cbm1.com",
          "link": "http://cbm1.com/retailblog/category/real-estate-transactions/",
          "link_type": "results"
        }
      ]
    }
  ]
}