{
  "Origins": "On 28 September 2015 Facebook user Harry Brogan published the image shown above to his timeline, whence it was shared more than a quarter of a million times. The graphic contained little information about the claims it made; it simply displayed the emblems of the United States Marine Corps, Air Force, Army, Coast Guard, and Navy and declared that Facebook deemed those emblems inappropriate for unstated reasons.",
  "Fact Check": "Does Facebook consider military emblems inappropriate and delete them from Facebook pages?",
  "Description": "The assertion would probably come as news to the Marines, Air Force, Army, Coast Guard, and Navy, all of whom maintain verified Facebook pages on which their emblems are frequently and proudly displayed. Each of those pages bears Facebook's stamp of official recognition, indicating that the social network has acknowledged and welcomed their presence. Moreover, the meme (which displayed all five supposedly objectionable emblems) was shared hundreds of thousands of times since 28 September 2015. Had Facebook truly objected the display of those emblems for any reason, the meme likely wouldn't have traveled very far without the social network's operatives intervening and taking it down. The rumor resembled a mid-2015 claim that suggesting Facebook found Marine Corps emblems offensive, going so far as to suspend pages for sharing images of it. We contacted Facebook to determine whether there was any truth to the rumor, and a representative for the company told us that the emblem \"[does] not violate Facebook s Community Standards, and therefore would not be removed from our platform.\" Such claims seem to originate from instances in which Facebook users have posted material that is objectionable or otherwise violates Facebook's community standards in conjunction with military emblems. When Facebook then removes such posts, the posters assume (or claim) that it was the military emblem, and not the objectionable material accompanying it, that triggered Facebook's intervention. Last updated: 7 October 2015",
  "Originally Published": " 7 October 2015",
  "Referred Links": "https://www.facebook.com/USNavy;https://www.facebook.com/UScoastguard?fref=ts;https://www.facebook.com/USarmy?fref=ts;https://www.facebook.com/USairforce;https://www.facebook.com/marines;https://www.facebook.com/help/community/question/?id=1267973496561703;https://www.facebook.com/photo.php?fbid=10153433042438113&set=a.10152921613893113.1073741826.707483112&type=3&theater;",
  "Example": "",
  "Last Updated": "7 October 2015",
  "Credibility": "false",
  "URL": "www.snopes.com/facebook-military-emblems/",
  "Claim": "Facebook doesn't consider military emblems appropriate and deletes them from Facebook pages.",
  "Tags": "facebook;navy;USMC;facebook removes military emblems;army;coast guard;air force;facebook military;",
  "Claim_ID": "facebook-military-emblems",
  "Google Results": [
    {
      "results": [
        {
          "domain": "www.snopes.com",
          "link": "http://www.snopes.com/facebook-military-emblems/",
          "link_type": "results"
        },
        {
          "domain": "www.facebook.com",
          "link": "https://www.facebook.com/snopes/posts/714265528717969",
          "link_type": "results"
        },
        {
          "domain": "conservativefiringline.com",
          "link": "http://conservativefiringline.com/snopes-makes-false-claim-in-report-on-facebook-marine-corps-logo-article/",
          "link_type": "results"
        },
        {
          "domain": "rumors.trendolizer.com",
          "link": "http://rumors.trendolizer.com/2015/10/military-banned.html",
          "link_type": "results"
        },
        {
          "domain": "hoax.trendolizer.com",
          "link": "http://hoax.trendolizer.com/trend/Community%20Standards",
          "link_type": "results"
        },
        {
          "domain": "downtrend.com",
          "link": "http://downtrend.com/robertgehl/facebook-says-marine-corps-logo-violates-community-standards",
          "link_type": "results"
        },
        {
          "domain": "www.barenakedislam.com",
          "link": "http://www.barenakedislam.com/2015/07/30/since-when-did-the-islamic-state-isis-seize-control-of-facebook/",
          "link_type": "results"
        },
        {
          "domain": "snopes92.rssing.com",
          "link": "http://snopes92.rssing.com/chan-50374292/all_p1.html",
          "link_type": "results"
        },
        {
          "domain": "www.blogtyrant.com",
          "link": "http://www.blogtyrant.com/facebook-email-security-hackers/",
          "link_type": "results"
        }
      ]
    },
    {
      "results": [
        {
          "domain": "www.remnantofgod.org",
          "link": "http://www.remnantofgod.org/facebook.htm",
          "link_type": "results"
        },
        {
          "domain": "www.reddit.com",
          "link": "https://www.reddit.com/r/changemyview/comments/3svxzu/cmv_changing_your_facebook_picture_to_show/",
          "link_type": "results"
        },
        {
          "domain": "militaryoneclick.com",
          "link": "http://militaryoneclick.com/the-dependapotamus-hunter/",
          "link_type": "results"
        },
        {
          "domain": "www.mariakang.com",
          "link": "http://www.mariakang.com/2013/11/23/i-am-banned-from-facebook/",
          "link_type": "results"
        },
        {
          "domain": "www.marinecorpstimes.com",
          "link": "http://www.marinecorpstimes.com/story/military/2015/03/30/cult-of-combat-action-ribbon-has-it-gone-too-far/70488570/",
          "link_type": "results"
        },
        {
          "domain": "www.businessinsider.com",
          "link": "http://www.businessinsider.com/its-official-google-blew-it-with-youtube-and-facebook-has-caught-up-2015-6",
          "link_type": "results"
        },
        {
          "domain": "www.socialmediaexaminer.com",
          "link": "http://www.socialmediaexaminer.com/nominate-your-favorite-small-business-facebook-page-top-10-contest/",
          "link_type": "results"
        },
        {
          "domain": "www.jeepshoe.net",
          "link": "http://www.jeepshoe.net/facebook-and-military-emblems/",
          "link_type": "results"
        },
        {
          "domain": "support.plarium.com",
          "link": "http://support.plarium.com/enstormfall/Knowledgebase/List/Index/9",
          "link_type": "results"
        }
      ]
    },
    {
      "results": [
        {
          "domain": "lumi.do",
          "link": "https://lumi.do/topic/Harry_Brogan/",
          "link_type": "results"
        },
        {
          "domain": "info.emilymcdowell.com",
          "link": "http://info.emilymcdowell.com/empathy-cards-for-serious-illness/",
          "link_type": "results"
        },
        {
          "domain": "asp.tacticalgear.com",
          "link": "http://asp.tacticalgear.com/the-wall-of-shame/",
          "link_type": "results"
        },
        {
          "domain": "colorconstancy.com",
          "link": "http://colorconstancy.com/does-facebook-spy-on-private-messages/",
          "link_type": "results"
        },
        {
          "domain": "www.mediabistro.com",
          "link": "http://www.mediabistro.com/Facebook-profile.html",
          "link_type": "results"
        },
        {
          "domain": "socialtriggers.com",
          "link": "http://socialtriggers.com/copying-competitors/",
          "link_type": "results"
        },
        {
          "domain": "www.theguardian.com",
          "link": "http://www.theguardian.com/books/2014/sep/25/julian-assange-eric-schmidt-google-wikileaks",
          "link_type": "results"
        },
        {
          "domain": "floristeriacristhiandior.com",
          "link": "http://floristeriacristhiandior.com/fbk/what-does-it-mean-to-like-a-business-on-facebook/",
          "link_type": "results"
        },
        {
          "domain": "www.hivmr.com",
          "link": "http://www.hivmr.com/db/k1mjcams98cka7a983djzd1c9zm88d1k",
          "link_type": "results"
        }
      ]
    }
  ]
}