{
  "Origins": "",
  "Fact Check": "",
  "Description": "",
  "Originally Published": "",
  "Referred Links": "http://jeffblind.blogspot.com/2011/06/david-roze.html;http://david-roze-art.webnode.com/;http://david-roze-art.webnode.com//;https://www.rt.com/news/326341-ikea-swastika-table-hoax/;http://www.mimikama.at/allgemein/ein-hadlf-tisch-im-neuen-ikea-katalog-2016/;http://www.snopes.com/wordpress/wp-content/uploads/2015/12/Screenshot-2015-12-17-at-4.38.45-PM.png;",
  "Example": "[Collected via Twitter, December 2015] Origin:On 11 December 2015, German news outlets reported that a photograph purportedly showing a new Swastika table from IKEA had started circulating on the internet: The above-displayed image was posted along with the claim that the \"Had lf\" Swastika table was being sold for 88 (which stand for \"HH,\" an abbreviation for \"Heil Hitler\") euros by IKEA. But that is not the case. The retailer released a statement shortly after the image went viral: \"It is of course clear that such a table is not part of our program, either in Italy or anywhere else.\" While the above-displayed table is not being sold by IKEA, the image does show a real table. In 2011, Berlin-based artist David Roze created a \"Swastika Table\" featuring a mirror image of a swastika as well as words such as as \"peace\" and \"prosperity\" written along its edges: Other examples of his work include a Nike \"swoosh table,\" an \"IGLO Igloo,\" made out of boxes from frozen food seller IGLO, and a Smart Car filled with Smarties. Last updated: 17 December 2015 Originally published: 17 December 2015 Featured Image: Jeff Blind",
  "Last Updated": "",
  "Credibility": "false",
  "URL": "www.snopes.com/false-ikea-selling-a-swastika-table/",
  "Claim": "The IKEA furniture chain is selling a swastika-shaped table.",
  "Tags": "ikea;swastika;swastika table;david roze;",
  "Claim_ID": "false-ikea-selling-a-swastika-table",
  "Google Results": [
    {
      "results": [
        {
          "domain": "www.dailymail.co.uk",
          "link": "http://www.dailymail.co.uk/news/article-3362495/IKEA-forced-deny-selling-Swastika-shaped-table-named-lf-fake-photograph-sparks-outrage-Germany.html",
          "link_type": "results"
        },
        {
          "domain": "www.snopes.com",
          "link": "http://www.snopes.com/false-ikea-selling-a-swastika-table/",
          "link_type": "results"
        },
        {
          "domain": "www.rt.com",
          "link": "https://www.rt.com/news/326341-ikea-swastika-table-hoax/",
          "link_type": "results"
        },
        {
          "domain": "nakedsecurity.sophos.com",
          "link": "https://nakedsecurity.sophos.com/2015/12/17/no-ikea-is-not-selling-a-swastika-shaped-table-called-hadolf/",
          "link_type": "results"
        },
        {
          "domain": "national.suntimes.com",
          "link": "http://national.suntimes.com/national-world-news/7/72/2305705/ikea-wants-know-isnt-selling-swastika-table-called-hadolf/",
          "link_type": "results"
        },
        {
          "domain": "www.ooyuz.com",
          "link": "http://www.ooyuz.com/geturl?aid=9603080",
          "link_type": "results"
        },
        {
          "domain": "www.ooyuz.com",
          "link": "http://www.ooyuz.com/geturl?aid=9605852",
          "link_type": "results"
        },
        {
          "domain": "www.ooyuz.com",
          "link": "http://www.ooyuz.com/geturl?aid=9630040",
          "link_type": "results"
        },
        {
          "domain": "whiteresister.com",
          "link": "http://whiteresister.com/index.php/focus1/1966-fake-ikea-swastika-shaped-table-named-hadolf-sparked-jewish-outcry-in-germany",
          "link_type": "results"
        },
        {
          "domain": "whiteresister.com",
          "link": "http://whiteresister.com/index.php/13-focus/957-fake-ikea-swastika-shaped-table-named-hadolf-sparked-outcry-in-germany",
          "link_type": "results"
        }
      ]
    },
    {
      "results": [
        {
          "domain": "www.newsusauk.com",
          "link": "http://www.newsusauk.com/news/196426-ikea-forced-to-deny-they-are-selling-swastika-shaped-table-named-had%C3%B8lf.html",
          "link_type": "results"
        },
        {
          "domain": "andyjwells.tumblr.com",
          "link": "http://andyjwells.tumblr.com/post/135319174917/ikea-sues-over-fake-nazi-table-in-the-shape-of-a",
          "link_type": "results"
        },
        {
          "domain": "uk.news.yahoo.com",
          "link": "https://uk.news.yahoo.com/ikea-sues-over-fake-nazi-145832414.html",
          "link_type": "results"
        },
        {
          "domain": "usadye.ru",
          "link": "http://usadye.ru/cat-News/IKEA%20Catalogue/page-1",
          "link_type": "results"
        },
        {
          "domain": "qtrelane.com",
          "link": "http://qtrelane.com/rss-read.php?feed=snopes",
          "link_type": "results"
        },
        {
          "domain": "www.newsunited.com",
          "link": "http://www.newsunited.com/ikea/",
          "link_type": "results"
        },
        {
          "domain": "cherdt.livejournal.com",
          "link": "http://cherdt.livejournal.com/feed/",
          "link_type": "results"
        },
        {
          "domain": "www.companyowl.com",
          "link": "http://www.companyowl.com/i/n/ikea-issue-denial-pranksters-share-fake-image-nazi-swastika-table/1568909",
          "link_type": "results"
        },
        {
          "domain": "50wire.com",
          "link": "http://50wire.com/Illinois/1450365271",
          "link_type": "results"
        },
        {
          "domain": "www.newyorker.com",
          "link": "http://www.newyorker.com/magazine/2011/10/03/house-perfect",
          "link_type": "results"
        }
      ]
    },
    {
      "results": [
        {
          "domain": "theoldreader.com",
          "link": "https://theoldreader.com/profile/618c6a48cdc34ff9b76f4af1?page=2",
          "link_type": "results"
        },
        {
          "domain": "www.jewsnews.co.il",
          "link": "http://www.jewsnews.co.il/author/admin/page/124/",
          "link_type": "results"
        },
        {
          "domain": "www.newshubspot.com",
          "link": "http://www.newshubspot.com/update/947891/flatout-denial-ikea-insist-swastika-table-photo-is-fabricated.html",
          "link_type": "results"
        },
        {
          "domain": "www.huffingtonpost.com",
          "link": "http://www.huffingtonpost.com/2013/03/18/ikea-secrets-horse-meat_n_2411475.html",
          "link_type": "results"
        },
        {
          "domain": "www.tumblr.com",
          "link": "https://www.tumblr.com/tagged/Heil-Hitler!",
          "link_type": "results"
        },
        {
          "domain": "freshpickeddeals.com",
          "link": "https://freshpickeddeals.com/snopes.com/snopescom-update-19-december-2015-914762",
          "link_type": "results"
        },
        {
          "domain": "www.newsjs.com",
          "link": "http://www.newsjs.com/key/IKEA",
          "link_type": "results"
        },
        {
          "domain": "www.headlinegrabber.org",
          "link": "http://www.headlinegrabber.org/I/Ingvar-Kamprad-News/",
          "link_type": "results"
        },
        {
          "domain": "www.mysec.hu",
          "link": "http://www.mysec.hu/magazin/kuelfoeldi-hirek?start=156",
          "link_type": "results"
        },
        {
          "domain": "minecrafts.org",
          "link": "http://minecrafts.org/tags/ikea-catalog-2015.html",
          "link_type": "results"
        }
      ]
    }
  ]
}