{
  "Origins": "",
  "Fact Check": "",
  "Description": "",
  "Originally Published": "",
  "Referred Links": "https://twitter.com/tommychong/status/671518185745608704;http://www.foxnews.com/entertainment/2015/10/09/tommy-chong-prepares-for-cancer-surgery-new-talk-show-almost-legal/;https://twitter.com/tommychong/status/678333358913425408;",
  "Example": "[Collected via Email, December 2015] Is it true or false that Tommy Chong of Cheech and Chong is dead? Origin:On 15 December 2015, the web site Viral Time Lapse posted an article claiming that actor Tommy Chong, half of the Cheech and Chong comedy duo, had passed away: Actor Tommy Chong best known for his roles in That 70s Show or Cheech & Chong is dead. The article linked to a Facebook page and fans of the comedian were asked to show their condolences by commenting and liking the page: At about 11 p.m. ET on Thursday (December 17, 2015), our beloved actor Tommy Chong passed away. Tommy Chong was born on May 24, 1938 in Edmonton. He will be missed but not forgotten. Please show your sympathy and condolences by commenting on and liking this page. In addition to the fact that death announcements are rarely accompanied by a crass request to Like a Facebook page, Chong has taken to Twitter to proclaim his confirm status as a living human: While the story about Tommy Chong's death is obviously fake, it is true that the actor was diagnosed with rectal cancer and that he recently underwent an operation. Last updated: 20 December 2015 Originally published: 20 December 2015 Featured Image: Twitter",
  "Last Updated": "",
  "Credibility": "false",
  "URL": "www.snopes.com/false-tommy-chong-dead/",
  "Claim": "Actor Tommy Chong passed away in December 2015.",
  "Tags": "fake;death hoax;dead;rip;tommy chong;",
  "Claim_ID": "false-tommy-chong-dead",
  "Google Results": [
    {
      "results": [
        {
          "domain": "www.snopes.com",
          "link": "http://www.snopes.com/false-tommy-chong-dead/",
          "link_type": "results"
        },
        {
          "domain": "dailyhaze.com",
          "link": "http://dailyhaze.com/no-tommy-chong-is-not-dead/",
          "link_type": "results"
        },
        {
          "domain": "en.mediamass.net",
          "link": "http://en.mediamass.net/people/tommy-chong/deathhoax.html",
          "link_type": "results"
        },
        {
          "domain": "viraltimelapse.com",
          "link": "http://viraltimelapse.com/2015/12/16/tommy-chong-dead/",
          "link_type": "results"
        },
        {
          "domain": "www.people.com",
          "link": "http://www.people.com/article/tommy-chong-high-spirits-despite-cancer-diagnosis",
          "link_type": "results"
        },
        {
          "domain": "twitter.com",
          "link": "https://twitter.com/tommychong/status/678334411998269441",
          "link_type": "results"
        },
        {
          "domain": "en.wikipedia.org",
          "link": "https://en.wikipedia.org/wiki/Tommy_Chong",
          "link_type": "results"
        },
        {
          "domain": "www.growery.org",
          "link": "https://www.growery.org/forums/showflat.php/Number/665423",
          "link_type": "results"
        },
        {
          "domain": "www.imdb.com",
          "link": "http://www.imdb.com/name/nm0001045/",
          "link_type": "results"
        },
        {
          "domain": "www.facebook.com",
          "link": "https://www.facebook.com/snopes/posts/743386789139176",
          "link_type": "results"
        }
      ]
    },
    {
      "results": [
        {
          "domain": "www.celebstoner.com",
          "link": "http://www.celebstoner.com/news/celebstoner-news/2015/03/28/rock-star-deaths/",
          "link_type": "results"
        },
        {
          "domain": "www.celebstoner.com",
          "link": "http://www.celebstoner.com/news/celebstoner-news/2015/12/26/celebstoner-of-the-year-tommy-chong/",
          "link_type": "results"
        },
        {
          "domain": "thefw.com",
          "link": "http://thefw.com/ferngully-the-last-rainforest-then-and-now/",
          "link_type": "results"
        },
        {
          "domain": "dishnation.com",
          "link": "http://dishnation.com/tommy-chong-is-almost-legal/",
          "link_type": "results"
        },
        {
          "domain": "hoax.trendolizer.com",
          "link": "http://hoax.trendolizer.com/2015/12/false-tommy-chong-is-dead.html",
          "link_type": "results"
        },
        {
          "domain": "flipboard.com",
          "link": "https://flipboard.com/topic/tommychong",
          "link_type": "results"
        },
        {
          "domain": "cheechandchongfan.blogspot.com",
          "link": "http://cheechandchongfan.blogspot.com/",
          "link_type": "results"
        },
        {
          "domain": "www.dailymail.co.uk",
          "link": "http://www.dailymail.co.uk/tvshowbiz/article-2157389/Tommy-Chong-claims-beat-cancer-using-cannabis.html",
          "link_type": "results"
        },
        {
          "domain": "upvoted.com",
          "link": "https://upvoted.com/2015/12/23/tommy-chong-talks-smoking-with-john-lennon-snoop-dogg-and-moses-in-reddit-ama/",
          "link_type": "results"
        },
        {
          "domain": "www.deathlist.net",
          "link": "http://www.deathlist.net/forums/index.php?showtopic=8520",
          "link_type": "results"
        }
      ]
    },
    {
      "results": [
        {
          "domain": "m.facebook.com",
          "link": "https://m.facebook.com/snopes/posts/743386789139176?comment_tracking=%7B%22tn%22%3A%22O%22%7D",
          "link_type": "results"
        },
        {
          "domain": "www.reddit.com",
          "link": "https://www.reddit.com/r/IAmA/comments/3xvxn1/hey_man_im_tommy_chong_12_of_cheech_chong/",
          "link_type": "results"
        },
        {
          "domain": "www.interviewcelebrity.com",
          "link": "https://www.interviewcelebrity.com/interview/2015/12/tommy-chong.html",
          "link_type": "results"
        },
        {
          "domain": "www.cancerresearch.org",
          "link": "http://www.cancerresearch.org/news-publications/our-blog/january-2014/celebrities-and-cancer-in-2013-the-power-of-fame-to-raise-awareness",
          "link_type": "results"
        },
        {
          "domain": "www.ibtimes.com",
          "link": "http://www.ibtimes.com/tommy-chong-diagnosed-cancer-cheech-chong-star-treating-disease-medical-marijuana-1971374",
          "link_type": "results"
        },
        {
          "domain": "www.usatoday.com",
          "link": "http://www.usatoday.com/story/life/tv/2015/06/17/tommy-chong-says-he-has-cancer-again/28864861/",
          "link_type": "results"
        },
        {
          "domain": "omgwtf.click",
          "link": "http://omgwtf.click/post/3xvxn1/Hey_man,_I'm_Tommy_Chong,_1/2_of_Cheech_&_Chong_&_77-year-old_actor,_director,_activist,_musician,_who_also_occasionally_smokes_a_little_bit_of_pot...AMA!",
          "link_type": "results"
        },
        {
          "domain": "screencrush.com",
          "link": "http://screencrush.com/half-baked-then-and-now-done/",
          "link_type": "results"
        },
        {
          "domain": "www.inquisitr.com",
          "link": "http://www.inquisitr.com/2180971/cancer-diagnosis-tommy-chongs-marijuana-cure-proven-by-science/",
          "link_type": "results"
        },
        {
          "domain": "www.contactmusic.com",
          "link": "http://www.contactmusic.com/tommy-chong/news",
          "link_type": "results"
        }
      ]
    }
  ]
}