{
  "Origins": "",
  "Fact Check": "",
  "Description": "",
  "Originally Published": "",
  "Referred Links": "http://gardenfrugal.com/2013/04/11/select-bell-pepper-depending/;http://blogs.kcrw.com/goodfood/2013/04/ask-evan-is-it-true-that-you-can-tell-the-gender-of-a-bell-pepper-by-counting-the-number-of-bumps-on-the-bottom/;https://books.google.com/books?id=cjHCoMQNkcgC&pg=PA862&lpg=PA862&dq=Pepper+flowers+are+complete+and+perfect,+that+is+they+have+a+calyx,+corolla+and+male+and+female+sex+organs.+The+flowers+are+protogynous,+but+readily+self-pollinate.&source=bl&ots=u-Yn8s4GV-&sig=P1a4d7A0tfJjqeKv54CRowD0Vww&hl=en&sa=X&ei=uiXZVNyAMsOSyASMpIGoBw&ved=0CCAQ6AEwAA#v=onepage&q=Pepper%20flowers%20are%20complete%20and%20perfect%2C%20that%20is%20they%20have%20a%20calyx%2C%20corolla%20and%20male%20and%20female%20sex%20organs.%20The%20flowers%20are%20protogynous%2C%20but%20readily%20self-pollinate.&f=false;https://www.pinterest.com/search/pins/?q=bell%20pepper%20gender&term_meta%5B%5D=bell%7Ctyped&term_meta%5B%5D=pepper%7Ctyped&term_meta%5B%5D=gender%7Ctyped;",
  "Example": "",
  "Last Updated": "",
  "Credibility": "true",
  "URL": "www.snopes.com/food/ingredient/bellpepper.asp",
  "Claim": "The gender of a bell pepper can be identified by counting its lobes.",
  "Claim_ID": "food_ingredient_bellpepper",
  "Tags": "",
  "Google Results": [
    {
      "results": [
        {
          "domain": "www.snopes.com",
          "link": "http://www.snopes.com/food/ingredient/bellpepper.asp",
          "link_type": "results"
        },
        {
          "domain": "www.examiner.com",
          "link": "http://www.examiner.com/article/sexing-peppers-can-you-really-read-their-lobes",
          "link_type": "results"
        },
        {
          "domain": "www.thatrecipe.com",
          "link": "http://www.thatrecipe.com/blog/2013/04/17/roastedpeppers/",
          "link_type": "results"
        },
        {
          "domain": "m.facebook.com",
          "link": "https://m.facebook.com/snopes/posts/594823417328848?comment_tracking=%7B%22tn%22%3A%22O%22%7D",
          "link_type": "results"
        },
        {
          "domain": "www.facebook.com",
          "link": "https://www.facebook.com/snopes/posts/594823417328848",
          "link_type": "results"
        },
        {
          "domain": "uk.pinterest.com",
          "link": "https://uk.pinterest.com/pin/501025527272254352/",
          "link_type": "results"
        },
        {
          "domain": "twitter.com",
          "link": "https://twitter.com/snopes/status/564924989531766785",
          "link_type": "results"
        },
        {
          "domain": "hoax.trendolizer.com",
          "link": "http://hoax.trendolizer.com/2015/02/gender-pepper.html",
          "link_type": "results"
        },
        {
          "domain": "hoax.trendolizer.com",
          "link": "http://hoax.trendolizer.com/trend/Bell%20Pepper",
          "link_type": "results"
        }
      ]
    },
    {
      "results": [
        {
          "domain": "skeptics.stackexchange.com",
          "link": "http://skeptics.stackexchange.com/questions/15527/does-the-number-of-lobes-on-a-green-pepper-indicate-any-specific-culinary-traits",
          "link_type": "results"
        },
        {
          "domain": "kkcb.com",
          "link": "http://kkcb.com/are-there-male-and-female-peppers-and-does-it-really-make-a-difference-in-taste/",
          "link_type": "results"
        },
        {
          "domain": "www.sarahkoszyk.com",
          "link": "http://www.sarahkoszyk.com/5-tips-to-pick-the-best-produce-when-grocery-shopping/",
          "link_type": "results"
        },
        {
          "domain": "en.wikipedia.org",
          "link": "https://en.wikipedia.org/wiki/Wikipedia:Reference_desk/Archives/Science/2014_May_1",
          "link_type": "results"
        },
        {
          "domain": "www.indietech.my.id",
          "link": "http://www.indietech.my.id/tips/how-to-tell-a-male-bell-pepper-from-a-female-bell-pepper-/",
          "link_type": "results"
        },
        {
          "domain": "www.playbearglen.com",
          "link": "http://www.playbearglen.com/bell-bottoms-how-to-make.shtml",
          "link_type": "results"
        },
        {
          "domain": "resepibu.xyz",
          "link": "http://resepibu.xyz/no-one-can-eat-quail-for-30-days-snopes-com.html",
          "link_type": "results"
        },
        {
          "domain": "ocj.com",
          "link": "http://ocj.com/2015/10/peppers-pack-a-punch-with-nutrition/",
          "link_type": "results"
        },
        {
          "domain": "camelopardid2.rssing.com",
          "link": "http://camelopardid2.rssing.com/chan-1192507/all_p134.html",
          "link_type": "results"
        },
        {
          "domain": "www.encyclopedia.com",
          "link": "http://www.encyclopedia.com/topic/Taste_and_Smell.aspx",
          "link_type": "results"
        }
      ]
    },
    {
      "results": [
        {
          "domain": "www.aafp.org",
          "link": "http://www.aafp.org/afp/2000/0115/p427.html",
          "link_type": "results"
        },
        {
          "domain": "patient.info",
          "link": "http://patient.info/forums/discuss/turp-experience-and-questions-226239",
          "link_type": "results"
        },
        {
          "domain": "eviticulture.org",
          "link": "http://eviticulture.org/glossary-of-grape-terms/",
          "link_type": "results"
        },
        {
          "domain": "www.plantingscience.org",
          "link": "http://www.plantingscience.org/index.php?module=pagesetter&func=viewpub&tid=2&pid=6559",
          "link_type": "results"
        },
        {
          "domain": "helloreverb.com",
          "link": "https://helloreverb.com/share/interest/David%20Karp%20(pomologist)",
          "link_type": "results"
        },
        {
          "domain": "onlinelibrary.wiley.com",
          "link": "http://onlinelibrary.wiley.com/doi/10.1046/j.0016-8025.2001.00807.x/pdf",
          "link_type": "results"
        },
        {
          "domain": "brain.oxfordjournals.org",
          "link": "http://brain.oxfordjournals.org/content/136/2/601",
          "link_type": "results"
        },
        {
          "domain": "www.dailymail.co.uk",
          "link": "http://www.dailymail.co.uk/femail/article-2996362/Why-teenagers-say-hate-mood-swings-drive-parents-crazy-new-book-leading-neuroscientist-reveals-s-not-child-s-fault-s-way-brains-wired.html",
          "link_type": "results"
        },
        {
          "domain": "dl.acm.org",
          "link": "http://dl.acm.org/citation.cfm?id=2504175",
          "link_type": "results"
        }
      ]
    }
  ]
}