{
  "Origins": "Whether or not this essay was actually written by a policeman (or accurately reflects the public image of the cop on the beat), the glurgirific coda has been made up for added poignancy. According to both the Virginia State Police and the National Law Enforcement Officers Memorial office, there is no record of a Mitchell Brown having served with the Virginia State Police, much less having been killed in the line of duty.",
  "Fact Check": "",
  "Description": "In December 1999, Bill Johnson of the Denver Rocky Mountain News ran the piece in his column, attributing it to Trooper Mitchell Brown of the Virginia State Police. He printed a retraction a couple of days later when it turned out there was no such officer with that law enforcement agency. Mr. Johnson had received the piece from a police friend of his who in turn had gotten it in e-mail. Mr. Johnson didn't originate \"Lousy Cop\" but was responsible for disseminating it to an even larger audience. The item was indeed written by someone in law enforcement. It appeared under the byline of Frank Hibbs and James Hibbs in the August 1986 issue of Police Product News , its authors identified as \"patrol officers in the Midwest.\"",
  "Originally Published": "",
  "Referred Links": "",
  "Example": "[Collected on the Internet, 2000] THE GREAT POLICE OFFICER Well, Mr. Citizen, it seems you've figured me out. I seem to fit neatly into the category where you've placed me. I'm stereotyped, standardized, characterized, classified, grouped, and always typical. Unfortunately, the reverse is true . . . I can never figure you out. From birth you teach your children that I'm the bogeyman, then you're shocked when they identify with my traditional enemy . . . the criminal! You accuse me of coddling criminals . . . until I catch your kids doing wrong. You may take an hour for lunch and several coffee breaks each day, but point me out as a loafer for having one cup. You pride yourself on your manners, but think nothing of disrupting my meals with your troubles. You raise hell with the guy who cuts you off in traffic, but let me catch you doing the same thing and I'm picking on you. You know all the traffic laws . . . but you've never gotten a single ticket you deserve. You shout \"foul\" if you observe me driving fast to a call, but raise the roof if I take more than ten seconds to respond to your complaint. You call it part of my job if someone strikes me, but call it police brutality if I strike back. You wouldn't think of telling your dentist how to pull a tooth or your doctor how to take out an appendix, yet your always willing give me pointers on the law. You talk to me in a manner that would get you a bloody nose from anyone else, but expect me to take it without batting an eye. You yell something's got to be done to fight crime, but you can't be bothered to get involved. You have no use for me at all, but of course it's OK if I change a flat for your wife, deliver your child in the back of the patrol car, or perhaps save your son's life with mouth to mouth breathing, or work many hours overtime looking for your lost daughter. So, Mr. Citizen, you can stand there on your soapbox and rant and rave about the way I do my work, calling me every name in the book, but never stop to think that your property, family, or maybe even your life depends on me or one of my buddies. Yes, Mr. Citizen, it's me . . . the lousy cop! The author of this article was Trooper Mitchell Brown of the Virginia State Police. He was killed in the line of duty two months after writing the article.",
  "Last Updated": "25 April 2008",
  "Credibility": "false",
  "URL": "www.snopes.com/glurge/police.asp",
  "Claim": "A Virginia State Trooper expresses his frustration with the public treatment of policemen two months before being killed in the line of duty.",
  "Claim_ID": "glurge_police",
  "Tags": "",
  "Google Results": [
    {
      "results": [
        {
          "domain": "www.snopes.com",
          "link": "http://www.snopes.com/glurge/police.asp",
          "link_type": "results"
        },
        {
          "domain": "www.snopes.com",
          "link": "http://www.snopes.com/glurge/glurge.asp",
          "link_type": "results"
        },
        {
          "domain": "www.theatlantic.com",
          "link": "http://www.theatlantic.com/national/archive/2014/12/police-gun-shooting-training-ferguson/383681/",
          "link_type": "results"
        },
        {
          "domain": "www.bayarearidersforum.com",
          "link": "http://www.bayarearidersforum.com/forums/showthread.php?t=132900",
          "link_type": "results"
        },
        {
          "domain": "www.fbi.gov",
          "link": "https://www.fbi.gov/news/speeches/hard-truths-law-enforcement-and-race",
          "link_type": "results"
        },
        {
          "domain": "www.dailymail.co.uk",
          "link": "http://www.dailymail.co.uk/news/article-3103703/New-Jersey-state-trooper-24-killed-injured-highway-crash-cruiser-struck-DEER-veered-tree.html",
          "link_type": "results"
        },
        {
          "domain": "www.dailymail.co.uk",
          "link": "http://www.dailymail.co.uk/news/article-2831222/Brazilian-police-killed-11-000-people-five-years-rate-six-day-safety-group-reveals.html",
          "link_type": "results"
        },
        {
          "domain": "www.dailymail.co.uk",
          "link": "http://www.dailymail.co.uk/news/article-3263694/The-moment-Indiana-State-Police-trooper-tells-woman-meth-teeth-routine-traffic-stop.html",
          "link_type": "results"
        },
        {
          "domain": "en.wikipedia.org",
          "link": "https://en.wikipedia.org/wiki/Assata_Shakur",
          "link_type": "results"
        },
        {
          "domain": "en.wikipedia.org",
          "link": "https://en.wikipedia.org/wiki/Presidency_of_Abraham_Lincoln",
          "link_type": "results"
        }
      ]
    },
    {
      "results": [
        {
          "domain": "www.dailymail.co.uk",
          "link": "http://www.dailymail.co.uk/news/article-2185266/Jonathan-Schmidt--Please-dont-shoot-Police-release-shocking-video-officer-pleading-gunman-Jerry-Lard-fatal-roadside-shooting.html",
          "link_type": "results"
        },
        {
          "domain": "www.dailymail.co.uk",
          "link": "http://www.dailymail.co.uk/news/article-3296330/Police-Kentucky-fugitive-dies-shootout-manhunt.html",
          "link_type": "results"
        },
        {
          "domain": "www.giftfromwithin.org",
          "link": "http://www.giftfromwithin.org/html/Police-Stress-Management.html",
          "link_type": "results"
        },
        {
          "domain": "www.copblock.org",
          "link": "http://www.copblock.org/5475/when-should-you-shoot-a-cop/",
          "link_type": "results"
        },
        {
          "domain": "jimfishertruecrime.blogspot.com",
          "link": "http://jimfishertruecrime.blogspot.com/2012/01/police-involved-shootings-2011-annual.html",
          "link_type": "results"
        },
        {
          "domain": "www.bloomberg.com",
          "link": "http://www.bloomberg.com/news/2014-09-30/death-on-highway-leaves-trucker-angry-at-widower-and-god.html",
          "link_type": "results"
        },
        {
          "domain": "chicago.cbslocal.com",
          "link": "http://chicago.cbslocal.com/tag/arrest/feed/",
          "link_type": "results"
        },
        {
          "domain": "wtkr.com",
          "link": "http://wtkr.com/2015/04/09/virginia-beach-police-investigating-forceful-viral-video-arrest/",
          "link_type": "results"
        },
        {
          "domain": "",
          "link": "/aclk?sa=L&ai=C6W0rXfikVoX_BIHUpgOAobngAc6w9JgIxpu5-pwCoYGx4gEIAxABKAJg5QOQAQLIAQGqBCRP0IVofPm2sJaWfP3mO0aEsccKrmwyf6q6OVFPLnonhZWQAC2AB66x6jyQBwOoB6a-G9gHAQ&sig=AOD64_1jI1w54YBcRME0gAVW4Q1fCsVPDQ&clui=0&q=&ved=0ahUKEwix4uT168LKAhUDkIMKHavtDpU4ChDRDAhV&adurl=http://us.when.com/vertical%3Fq%3Dvirginia%2520state%2520trooper%26type%3Dcontent%26s_pt%3Daolsem%26s_it%3Dcontent%26s_chn%3D1",
          "link_type": "ads_main"
        },
        {
          "domain": "",
          "link": "/aclk?sa=L&ai=CFkAtXfikVoX_BIHUpgOAobngAfzssLAE_JHu-4sBrPmCn_MBCAMQAigCYOUDkAECyAEBqgQkT9C1umXjh4Gur7U3GARpSQ8dbc-4ZFCNtUVNrL9iJ4Xfim48gAfc1qsskAcDqAemvhvYBwE&sig=AOD64_2Q5WPTI19yz092nC8Zel0DKickNA&clui=2&q=&ved=0ahUKEwix4uT168LKAhUDkIMKHavtDpU4ChDRDAhb&adurl=http://us.wow.com/search%3Fs_pt%3Daolsem%26s_it%3Daolsem%26s_chn%3D57%26q%3Dkilled%2520state%2520trooper%2520virginia",
          "link_type": "ads_main"
        }
      ]
    },
    {
      "results": [
        {
          "domain": "www.mintpressnews.com",
          "link": "http://www.mintpressnews.com/video-belligerent-cop-loses-it-on-man-for-exercising-his-rights/196836/",
          "link_type": "results"
        },
        {
          "domain": "www.readthehook.com",
          "link": "http://www.readthehook.com/85048/cover-riddled-what-happens-after-police-shootings",
          "link_type": "results"
        },
        {
          "domain": "www.historynet.com",
          "link": "http://www.historynet.com/black-history",
          "link_type": "results"
        },
        {
          "domain": "www.whitehouse.gov",
          "link": "https://www.whitehouse.gov/the-press-office/2015/10/27/remarks-president-122nd-annual-iacp-conference",
          "link_type": "results"
        },
        {
          "domain": "people.smu.edu",
          "link": "http://people.smu.edu/rhalperi/updates.html",
          "link_type": "results"
        },
        {
          "domain": "www.policemag.com",
          "link": "http://www.policemag.com/channel/patrol/articles/2012/09/sovereign-citizens-a-clear-and-present-danger.aspx",
          "link_type": "results"
        },
        {
          "domain": "www.redstate.com",
          "link": "http://www.redstate.com/2015/09/14/police-refusal-accept-criticism-causes-spike-crime/",
          "link_type": "results"
        }
      ]
    }
  ]
}