{
  "Origins": "Often glurge is long on inspiration but short on truth, so it is refreshing to encounter a tale that reports the facts with little (if any) embellishment.",
  "Fact Check": "",
  "Description": "The text that now circulates in e-mail was drawn from former Governor of Arkansas Mike Huckabee's 2 March 2007 address to the Conservative Political Action Conference in Washington, DC. That speech recounted events from the first day of classes in Fall 2005 for students enrolled in Martha Cothren 's military history class at Joe T. Robinson High School in Little Rock, Arkansas: As described in the narrative, Martha Cothren's classroom was indeed devoid of desks on that first day of instruction, with the missing furniture borne in at the end of the day by a group of veterans. Each vet carried a desk and set it down as the teacher gave her lesson on the cost of things taken for granted and the debt owed to those in the armed forces. * I talked to Martha Cothren about that day and also about her military history class. This daughter of a World War II POW regularly has veterans visit her classroom it's one of the ways she teaches her course on the history of World War II and the Vietnam War. Her class didn't yet have a textbook (she was busy writing one), so she used less typical methods of imparting knowledge about those events to her students. Part and parcel of what she teaches is an appreciation for members of the armed forces. In May 2005, she and her class organized a Vietnam Veterans Recognition Week, including an official \"Thank You Ceremony\" held in the Joe T. Robinson High School auditorium. Veterans from World War II and the Korean War also attended, as did people from all walks of life, to honor those who had served. During that week, students videotaped veterans as they recounted their war memories, thus preserving their stories for later generations. Cothren and her students have sent numerous care packages to U.S. military personnel serving in Iraq and Afghanistan. They also write letters to soldiers in those theaters, sending off 1,200 missives in 2005-2006. In 2006 the Veterans of Foreign Wars named Martha Cothren their \"Teacher of the Year.\" Barbara \"head of the class\" Mikkelson * (Some correspondents who identified themselves as former students at Joe T. Robinson High School who were present in Martha Cothren's class that day have maintained that the account given by Governor Huckabee was somewhat embellished: they say the number of veterans who visited their class was not as high as stated, and those veterans were not in uniform.) Sightings: Former Arkansas governor Mike Huckabee referenced this story at the 2008 Republican National Convention.",
  "Originally Published": "",
  "Referred Links": "https://www.facebook.com/martha.cothren/about;",
  "Example": "[Collected via e-mail, March 2007] In September of 2005, a social studies schoolteacher from Arkansas did something not to be forgotten. On the first day of school, with permission of the school superintendent, the principal, and the building supervisor, she took all of the desks out of the classroom. The kids came into first period, they walked in; there were no desks. They obviously looked around and said, \"Where's our desks?\" The teacher said, \"You can't have a desk until you tell me how you earn them.\" They thought, \"Well, maybe it's our grades.\" \"No,\" she said. \"Maybe it's our behavior.\" And she told them, \"No, it's not even your behavior.\" And so they came and went in the first period, still no desks in the classroom. Second period, same thing. Third period. By early afternoon television news crews had gathered in the class to find out about this crazy teacher who had taken all the desks out of the classroom. The last period of the day, the instructor gathered her class. They were at this time sitting on the floor around the sides of the room. She said, \"Throughout the day no one has really understood how you earn the desks that sit in this classroom ordinarily. Now I'm going to tellyou.\" She went over to the door of her classroom and opened it, and as she did 27 U.S. veterans, wearing their uniforms, walked into that classroom, each one carrying a school desk. And they placed those school desks in rows, and then they stood along the wall. By the time they had finished placing the desks, those kids for the first time I think perhaps in their lives understood how they earned those desks. Their teacher said, \"You don't have to earn those desks. These guys did it for you. They put them out there for you, but it's up to you to sit here responsibly, to learn, to be good students and good citizens, because they paid a price for you to have that desk, and don't ever forget it.\"",
  "Last Updated": "17 March 2015",
  "Credibility": "true",
  "URL": "www.snopes.com/glurge/nodesks.asp",
  "Claim": "A teacher imparted a lesson in the value of freedom by having veterans return her students' desks.",
  "Claim_ID": "glurge_nodesks",
  "Tags": "",
  "Google Results": [
    {
      "results": [
        {
          "domain": "www.snopes.com",
          "link": "http://www.snopes.com/glurge/nodesks.asp",
          "link_type": "results"
        },
        {
          "domain": "www.facebook.com",
          "link": "https://www.facebook.com/snopes/posts/649429405201582",
          "link_type": "results"
        },
        {
          "domain": "www.facebook.com",
          "link": "https://www.facebook.com/snopes/posts/616034445207745",
          "link_type": "results"
        },
        {
          "domain": "digitalmindsoft.org",
          "link": "http://digitalmindsoft.org/a-lesson-in-freedom-veterans-return-students-desks.html",
          "link_type": "results"
        },
        {
          "domain": "www.pinterest.com",
          "link": "https://www.pinterest.com/pin/271834527481757614/",
          "link_type": "results"
        },
        {
          "domain": "www.pinterest.com",
          "link": "https://www.pinterest.com/pin/512425263825641757/",
          "link_type": "results"
        },
        {
          "domain": "community.hadit.com",
          "link": "http://community.hadit.com/topic/64308-how-do-you-earn-a-desk/",
          "link_type": "results"
        },
        {
          "domain": "www.memefun.top",
          "link": "http://www.memefun.top/veterans-day-freedom-meme-meme",
          "link_type": "results"
        },
        {
          "domain": "peninsulalighthouse.wordpress.com",
          "link": "https://peninsulalighthouse.wordpress.com/2010/03/31/myth-blaster-martha-cothren-and-the-lesson-to-her-students/",
          "link_type": "results"
        }
      ]
    },
    {
      "results": [
        {
          "domain": "www.sjpba.net",
          "link": "http://www.sjpba.net/Farsider/080813.htm",
          "link_type": "results"
        },
        {
          "domain": "www.iranian95.gq",
          "link": "http://www.iranian95.gq/c/Foreign+Desks/",
          "link_type": "results"
        },
        {
          "domain": "thepeoplescube.com",
          "link": "http://thepeoplescube.com/current-truth/letters-to-the-cube-from-a-soldier-serving-in-iraq-t1414.html",
          "link_type": "results"
        },
        {
          "domain": "www.ascd.org",
          "link": "http://www.ascd.org/publications/educational_leadership/dec10/vol68/num04/The_Flexible_Teacher.aspx",
          "link_type": "results"
        },
        {
          "domain": "schoolsofthought.blogs.cnn.com",
          "link": "http://schoolsofthought.blogs.cnn.com/2012/09/05/my-view-advice-to-a-new-teacher/",
          "link_type": "results"
        },
        {
          "domain": "www.thedailyriff.com",
          "link": "http://www.thedailyriff.com/articles/21-things-that-will-become-obsolete-in-education-by-2020-474.php",
          "link_type": "results"
        },
        {
          "domain": "www.brooklyn.cuny.edu",
          "link": "http://www.brooklyn.cuny.edu/bc/spotlite/news/120704.htm",
          "link_type": "results"
        },
        {
          "domain": "www.googleadservices.com",
          "link": "http://www.googleadservices.com/pagead/aclk?sa=L&ai=CzvXEDHijVrj0CYiipgO57qrQBZyI-JsC1LWrtSXMrecqCAMQAWDlg4CAlBaQAQKgAZy43eIDyAEBqgQoT9CZsg-cxHIOxkAHiEXgpLuxDELSQ-dNn3AwlL9ABU99bdKR81vRH4gGAYAHzMeiHZAHA6gHpr4b2AcB&ohost=www.google.com.mx&cid=CAASJORoLT2z9tBAxzvWuRXG3BgByRjoQg-IMBjwh3xpkOpfD-BXWw&sig=AOD64_2ZZLkOZg868oHh-iaSNQF1k-x0kQ&clui=0&q=&ved=0ahUKEwjEgpu0_b_KAhVHuYMKHTO0CQw4ChDRDAhZ&adurl=http://www.crscience.org/educators/foreducators",
          "link_type": "ads_main"
        }
      ]
    },
    {
      "results": [
        {
          "domain": "highered.mheducation.com",
          "link": "http://highered.mheducation.com/sites/0073378755/student_view0/profiles_in_education.html",
          "link_type": "results"
        },
        {
          "domain": "www.goftavard.gq",
          "link": "http://www.goftavard.gq/tag/Foreign+Desks/",
          "link_type": "results"
        },
        {
          "domain": "blog.ed.gov",
          "link": "http://blog.ed.gov/2013/11/",
          "link_type": "results"
        },
        {
          "domain": "issuu.com",
          "link": "http://issuu.com/holtonarmsschool/docs/november_2014-_final",
          "link_type": "results"
        },
        {
          "domain": "www.newyorker.com",
          "link": "http://www.newyorker.com/magazine/2014/12/01/quiet-german",
          "link_type": "results"
        },
        {
          "domain": "www.lib.berkeley.edu",
          "link": "http://www.lib.berkeley.edu/MRC/disabilitymovies.html",
          "link_type": "results"
        },
        {
          "domain": "www.googleadservices.com",
          "link": "http://www.googleadservices.com/pagead/aclk?sa=L&ai=CYfh0DXijVqfeMpCGpgPc6onABYCv6tYH2NDd89MCzK3nKggDEAFg5YOAgJQWkAEDoAGA-sHRA8gBAaoEKE_QJAwzNO22v76IlVqREzOAUqKzvFdeGXtLoNBPgTXpZCpriKRKRkeIBgGAB-iFvi6QBwOoB6a-G9gHAQ&ohost=www.google.com.mx&cid=CAASJORocWtf7Ky3pmIEhEYFaUY-4gLxFBsy0ACIJLZWoRCfXBYMVg&sig=AOD64_1tX_x9RAmyWWfIHUhZV_7jtZqgYQ&clui=0&q=&ved=0ahUKEwjOtYG1_b_KAhXjs4MKHZa0Bcc4FBDRDAha&adurl=http://www.amle.org/Shop/AMLEeBooks.aspx",
          "link_type": "ads_main"
        }
      ]
    }
  ]
}