{
  "Origins": "",
  "Fact Check": "",
  "Description": "",
  "Originally Published": "",
  "Referred Links": "https://web.archive.org/web/19990202172819/http://www.fastcompany.com/online/01/frog.html;",
  "Example": "[Collected via Facebook, January 2016] Origin:Sometimes apocryphal quotes are put into the mouths of famous persons to lend credence to (or denigrate) the idea those words express. And sometimes apocryphal quotes are put into the mouths of historical figures as a shorthand form of expressing what those people thought and did. The Adolf Hitler quotation displayed above about \"how to control a people\" combines elements of both those purposes but fails for being doubly false. According to this item, the infamous Nazi leader once proclaimed that: The best way to take control over a people and control them utterly is to take a little of their freedom at a time, to erode their rights by a thousand tiny and almost imperceptible reductions. In this way the people will not see those rights and freedoms being removed until past the point at which those changes can be reversed. There is no evidence that Adolf Hitler ever said or wrote anything like this, even allowing for the vagaries of translation from German to English. This quotation is often cited as having come from Mein Kampf, the autobiography and political polemic written by Hitler during his during stay in Landsberg prison, but no such passage appears in that work. In fact, this quotation appears to have been virtually non-existent until 2014, when it was used as the heading to Chapter 11 of Willfully Ignorant, a novel by Pat Miller set in Nazi-era Germany. (That book also mistakenly cited Mein Kampf as the source of the quotation.) Aside from the fact that this quotation does not reflect something Hitler ever said or wrote, it's also false if simply considered as a shorthand version of what Hitler thought and/or did. These words reflect a misperception that Hitler's political maneuvers on his way to seizing dictatorial control over Germany were akin to the legend of the boiled frog, that Hitler supposedly made a series of small, gradual changes in German law and government that chipped away at the rights of the citizenry over an extended period of time, avoiding any single large changes that might provoke resistance from the people until it was too late for them to effectively oppose him. In fact, this is the historical opposite of what happened. Once he gained a position of political authority in Germany, Hitler quickly headed down the road of consolidating power by making very large changes in a short period of time. Adolf Hitler was appointed Chancellor of Germany by Paul von Hindenburg on 30 January 1933. Within a month, Hitler used the occurrence of a fire at the Reichstag building (the assembly location of the German Parliament) as an excuse to urge von Hindenburg to issue the Reichstag Fire Decree (the \"Presidential Order for the Protection of People and State\") which suspended of civil rights, banned the left-wing press, and authorized the mass arrest of communists and socialists (a move that also allowed the Nazi party to assume a majority in the Reichstag by taking the seats of arrested communist delegates). Before another month had passed, the Nazi-majority Reichstag passed the Enabling Act, which gave the German Cabinet (i.e., Chancellor Hitler) the power to enact laws without the involvement of the the Reichstag. The combination of the Reichstag Fire Decree and the Enabling Act effectively transformed Hitler's government into a legal dictatorship within two months of his appointment as chancellor. These actions were not \"imperceptible reductions\" in freedom and rights they were a massive change in the established order implemented in a very short period of time. Within another few weeks, Jewish businesses were openly attacked by the SA (the Nazi Party's paramilitary organization, commonly known as \"brown shirts\" or \"storm troopers\") and a \"Law for the Restoration of the Professional Civil Service\" was passed that banned all Jews, non-Germans, and political opponents from public service. A month later, trade unions were banned. Within another few months, all political parties other than the Nazi Party were banned. All of this took place within the six-month period after Hitler was appointed to the chancellor's office, not \"imperceptibly.\" Last updated: 11 January 2016 Originally published: 11 January 2016",
  "Last Updated": "",
  "Credibility": "false",
  "URL": "www.snopes.com/hitler-control-quote/",
  "Claim": "Adolf Hitler said that the best way to control a people is to \"take a little of their freedom at a time.\"",
  "Tags": "",
  "Claim_ID": "hitler-control-quote",
  "Google Results": [
    {
      "results": [
        {
          "domain": "www.goodreads.com",
          "link": "http://www.goodreads.com/quotes/877774-the-best-way-to-take-control-over-a-people-and",
          "link_type": "results"
        },
        {
          "domain": "en.wikiquote.org",
          "link": "https://en.wikiquote.org/wiki/Talk:Adolf_Hitler",
          "link_type": "results"
        },
        {
          "domain": "www.facebook.com",
          "link": "https://www.facebook.com/bernhard.guenther/posts/10205257661548674",
          "link_type": "results"
        },
        {
          "domain": "www.snopes.com",
          "link": "http://www.snopes.com/hitler-control-quote/",
          "link_type": "results"
        },
        {
          "domain": "www.bbc.com",
          "link": "http://www.bbc.com/news/election-2015-england-32451500",
          "link_type": "results"
        },
        {
          "domain": "www.targetofopportunity.com",
          "link": "http://www.targetofopportunity.com/political_quotes_misc.htm",
          "link_type": "results"
        },
        {
          "domain": "endtimesprophecyreport.com",
          "link": "http://endtimesprophecyreport.com/2014/09/05/propaganda-the-big-lie-and-adolf-hitler-20-hitler-quotes-on-propaganda/",
          "link_type": "results"
        },
        {
          "domain": "www.issuepedia.org",
          "link": "http://www.issuepedia.org/Adolf_Hitler",
          "link_type": "results"
        },
        {
          "domain": "careandwashingofthebrain.blogspot.com",
          "link": "http://careandwashingofthebrain.blogspot.com/2013/12/the-terrifying-future-of-united-states.html",
          "link_type": "results"
        },
        {
          "domain": "www.reddit.com",
          "link": "https://www.reddit.com/r/quotes/comments/36rea8/the_best_way_to_take_control_over_a_people_and/",
          "link_type": "results"
        }
      ]
    },
    {
      "results": [
        {
          "domain": "theprepperproject.com",
          "link": "http://theprepperproject.com/tyrants-blueprint/",
          "link_type": "results"
        },
        {
          "domain": "thefreedomcycle.blogspot.com",
          "link": "http://thefreedomcycle.blogspot.com/",
          "link_type": "results"
        },
        {
          "domain": "www.dailykos.com",
          "link": "http://www.dailykos.com/story/2013/6/28/1219333/-Confronting-The-Clear-And-Present-Danger-of-The-For-Profit-Surveillance-State",
          "link_type": "results"
        },
        {
          "domain": "www.newgrounds.com",
          "link": "http://www.newgrounds.com/bbs/topic/1341792",
          "link_type": "results"
        },
        {
          "domain": "books.google.com.mx",
          "link": "https://books.google.com.mx/books?id=rMGJCgAAQBAJ&pg=PT97&lpg=PT97&dq=Adolf+Hitler+said+that+the+best+way+to+control+a+people+is+to+%22take+a+little+of+their+freedom+at+a+time.%22&source=bl&ots=74pfzfGAlp&sig=a5-twHFgejUy0tNIrEJG6Xxah2k&hl=en&sa=X&ved=0ahUKEwj15I2YhMXKAhVCnIMKHTZ5DwA4ChDoAQgzMAQ",
          "link_type": "results"
        },
        {
          "domain": "kindle.amazon.com",
          "link": "https://kindle.amazon.com/work/grid-down-perceptions-reality-perception-ebook/B00IA2YYMU/B00I9IQTN2",
          "link_type": "results"
        },
        {
          "domain": "www.techsite.io",
          "link": "http://www.techsite.io/p/137081",
          "link_type": "results"
        },
        {
          "domain": "www.eyeopening.info",
          "link": "http://www.eyeopening.info/2014/01/19/terrifying-future-united-states",
          "link_type": "results"
        },
        {
          "domain": "books.google.com.mx",
          "link": "https://books.google.com.mx/books?id=C9enAgAAQBAJ&pg=PA77&lpg=PA77&dq=Adolf+Hitler+said+that+the+best+way+to+control+a+people+is+to+%22take+a+little+of+their+freedom+at+a+time.%22&source=bl&ots=sEhxlC1IKP&sig=v0VUPPkAvXlAykd3vBN9oFhR7GI&hl=en&sa=X&ved=0ahUKEwj15I2YhMXKAhVCnIMKHTZ5DwA4ChDoAQhHMAg",
          "link_type": "results"
        },
        {
          "domain": "www.grumpyoldsod.com",
          "link": "http://www.grumpyoldsod.com/",
          "link_type": "results"
        }
      ]
    },
    {
      "results": [
        {
          "domain": "www.yourelection15.co.uk",
          "link": "http://www.yourelection15.co.uk/news/04/24/ukip-candidate-quoted-hitler-at-hustings/",
          "link_type": "results"
        },
        {
          "domain": "www.dailyecho.co.uk",
          "link": "http://www.dailyecho.co.uk/news/12912298.UKIP_candidate_under_fire_after_comparing_the_EU_to_Adolf_Hitler_at_Southampton_meeting/",
          "link_type": "results"
        },
        {
          "domain": "www.nowtheendbegins.com",
          "link": "http://www.nowtheendbegins.com/scarily-touch-obama-wanders-aimlessly-global-conflicts-spin-control/",
          "link_type": "results"
        },
        {
          "domain": "www.pinterest.com",
          "link": "https://www.pinterest.com/pin/417849671655204331/",
          "link_type": "results"
        },
        {
          "domain": "www.thedailysheeple.com",
          "link": "http://www.thedailysheeple.com/erosion-of-our-civil-liberties-highlights-those-who-will-resist-when-society-breaks-down_062013",
          "link_type": "results"
        },
        {
          "domain": "www.lighthousetrailsresearch.com",
          "link": "http://www.lighthousetrailsresearch.com/blog/?tag=remembering-the-holocaust",
          "link_type": "results"
        },
        {
          "domain": "www.lighthousetrailsresearch.com",
          "link": "http://www.lighthousetrailsresearch.com/blog/?cat=13",
          "link_type": "results"
        },
        {
          "domain": "flipboard.com",
          "link": "https://flipboard.com/topic/adolfhitler/i-like-jews-about-as-much-as-hitler'%3A-son-of-former-fdny-head-rehired-after-resi/a-ceVs9oBmR5W4faSKyJnEqQ%3Aa%3A7880888-250f5c457c%2Frawstory.com",
          "link_type": "results"
        },
        {
          "domain": "thefifthcolumnnews.com",
          "link": "http://thefifthcolumnnews.com/2015/12/erosion-of-rights-ohio-statehouse/",
          "link_type": "results"
        },
        {
          "domain": "progressiveconversation.com",
          "link": "http://progressiveconversation.com/2015/11/10/democracy-the-genie-is-out-of-the-bottle/",
          "link_type": "results"
        }
      ]
    }
  ]
}