{
  "Origins": "Those of us who set forth on our first trick-or-treating expeditions four or five decades ago don't need to see any statistics to know that the Halloween-related retail business has grown tremendously during that period. Way back when, many retailers didn't carry much more in the way of Halloween supplies than some candy, boxes of costumes, and a few cardboard bats and skeletons for decorating windows and doors, and that sort of merchandise generally didn't appear on store shelves until at least the latter part of September. Now, however, Halloween generates an estimated $5 billion a year in retail sales in the U.S., with some stores stocking aisles of Halloween-related merchandise as early as July.The National Retail Federation (NRF) estimates that nearly two-thirds of Americans now celebrate Halloween in a manner that involves retail purchases, spending an average of $60 each a third of that amount going towards the purchase of all-important candy.",
  "Fact Check": "",
  "Description": "Any discussion of booming seasonal retail sales inevitably prompts comparisons to the preeminent binge time for consumer spending, the mall-stuffing Christmas holiday season, leading to the legend that Halloween has now worked its way up to the #2 spot on the holiday sales charts, just behind Christmas. However, according to the NRF, Halloween's $5 billion in retail sales place it no higher than sixth among holiday sales leaders, behind the following: Winter holidays (Christmas): $457.4 billion Mother's Day: $13.80 billion Valentine's Day: $13.70 billion Easter: $12.63 billion Father's Day: $9.01 billion It's easy to see why people might get the impression that Halloween sales have crept up just behind those of Christmas, as those occasions are the centers of our two longest, most \"visible\" holiday seasons: Halloween engenders home displays that rival or surpass those of the winter holidays in elaborateness (if not yet in ubiquity), and Halloween is the only celebration that prompts widespread public wearing of distinctive, highly noticeable apparel. However, one quality of most higher sales-spurring holidays that Halloween so far lacks is the custom of celebrants' giving pricey gifts to others unless Halloween evolves into an occasion for giving on a scale considerably greater than handing out a bit of candy to bands of trick-or-treaters, it may not surpass occasions such as Mother's Day and Valentine's Day and approach the #2 slot in retail sales anytime soon.",
  "Originally Published": "",
  "Referred Links": "",
  "Example": "[Newport News, 2006] Urban legend has it that more money is spent on Halloween than any holiday besides Christmas.",
  "Last Updated": "29 October 2006",
  "Credibility": "false",
  "URL": "www.snopes.com/holidays/halloween/spending.asp",
  "Claim": "Halloween is the second-biggest U.S. holiday in terms of retail sales.",
  "Claim_ID": "holidays_halloween_spending",
  "Tags": "",
  "Google Results": [
    {
      "results": [
        {
          "domain": "www.meetcrg.com",
          "link": "http://www.meetcrg.com/is-halloween-really-the-second-largest-us-holiday/",
          "link_type": "results"
        },
        {
          "domain": "nrf.com",
          "link": "https://nrf.com/news/the-long-and-short-of-americas-consumer-holidays",
          "link_type": "results"
        },
        {
          "domain": "www.snopes.com",
          "link": "http://www.snopes.com/holidays/halloween/spending.asp",
          "link_type": "results"
        },
        {
          "domain": "abcnews.go.com",
          "link": "http://abcnews.go.com/GMA/Business/story?id=2617781",
          "link_type": "results"
        },
        {
          "domain": "blogs.wsj.com",
          "link": "http://blogs.wsj.com/numbers/ranking-holiday-spending-do-we-buy-more-on-halloween-or-fathers-day-1826/",
          "link_type": "results"
        },
        {
          "domain": "www.woai.com",
          "link": "http://www.woai.com/articles/woai-local-news-sponsored-by-five-119078/halloween-slowly-becoming-second-biggest-holiday-14048727",
          "link_type": "results"
        },
        {
          "domain": "www.theatlantic.com",
          "link": "http://www.theatlantic.com/business/archive/2014/10/wait-americans-spend-how-much-on-halloween/381631/",
          "link_type": "results"
        },
        {
          "domain": "www.thisismoney.co.uk",
          "link": "http://www.thisismoney.co.uk/money/news/article-3286170/Halloween-overtakes-Valentine-s-Day-biggest-retail-event.html",
          "link_type": "results"
        },
        {
          "domain": "books.google.com.mx",
          "link": "https://books.google.com.mx/books?id=hpFxjEsZLUwC&pg=PA79&lpg=PA79&dq=Halloween+is+the+second-biggest+U.S.+holiday+in+terms+of+retail+sales.&source=bl&ots=epNo1CbzSf&sig=e_g_peeZ-5EK4ghQbVDIX9JwS9Y&hl=en&sa=X&ved=0ahUKEwi9kpzM0r_KAhVLuIMKHYW0B08Q6AEIUjAI",
          "link_type": "results"
        },
        {
          "domain": "www.cnbc.com",
          "link": "http://www.cnbc.com/2011/03/31/The-Biggest-Holidays-for-Spending.html",
          "link_type": "results"
        },
        {
          "domain": "",
          "link": "/aclk?sa=l&ai=CEmYYJ0ujVqDBL4yKpgPy3I2gDZGklsUH0fqNst0C-aqeqAQIABABYOUDoAHfgpTZA8gBAaoEKU_Qx6nYuFKVQIB4Ruu4MzGL3kwM2TutxzLKpGUz5MsLAdcfAnxfaWd_gAeJ_esmkAcDqAemvhvYBwE&sig=AOD64_1PdKapBGjPnHQ5d-HGYVFiZ7qqjQ&clui=0&q=&ved=0ahUKEwi9kpzM0r_KAhVLuIMKHYW0B08Q0QwIGA&adurl=http://m.VisitTheUSA.mx/",
          "link_type": "ads_main"
        }
      ]
    },
    {
      "results": [
        {
          "domain": "www.ibtimes.co.uk",
          "link": "http://www.ibtimes.co.uk/halloween-now-uks-third-biggest-retail-event-after-christmas-easter-1525477",
          "link_type": "results"
        },
        {
          "domain": "www.thestar.com",
          "link": "http://www.thestar.com/life/2012/10/12/halloween_ranks_second_only_to_christmas_for_spending_poll_finds.html",
          "link_type": "results"
        },
        {
          "domain": "www.lexisnexis.com",
          "link": "http://www.lexisnexis.com/lextalk/work-life-balance/f/6/t/2561.aspx",
          "link_type": "results"
        },
        {
          "domain": "www.consumeraffairs.com",
          "link": "http://www.consumeraffairs.com/holiday-spending",
          "link_type": "results"
        },
        {
          "domain": "www.walesonline.co.uk",
          "link": "http://www.walesonline.co.uk/news/wales-news/halloween-now-uks-third-highest-1808060",
          "link_type": "results"
        },
        {
          "domain": "www.practicalecommerce.com",
          "link": "http://www.practicalecommerce.com/articles/92465-4-Predictions-for-2015-Holiday-Shopping-Season",
          "link_type": "results"
        },
        {
          "domain": "www.lgrmag.com",
          "link": "http://www.lgrmag.com/halloween-sales-surge",
          "link_type": "results"
        },
        {
          "domain": "bizshifts-trends.com",
          "link": "http://bizshifts-trends.com/2014/10/26/halloweens-scary-sales-mega-business-10-billion-tricks-treats-costumes-parties-season-pop-stores/",
          "link_type": "results"
        },
        {
          "domain": "www.usatoday.com",
          "link": "http://www.usatoday.com/story/money/business/2012/10/24/halloween-adults-costumes-elvira-mistress-of-the-dark/1593177/",
          "link_type": "results"
        },
        {
          "domain": "",
          "link": "/aclk?sa=l&ai=ChErhKkujVsCtE4fgpAOI0IeYCoet_NMHl63alLkC2KXEuVEIABABYOUDkAECoAH9-PT5A8gBAaoEKE_QCvG_FPN3Cru_NnY9vuC-lcwQ5WSmu_wL0hF35myRGzYmPnYo9lWAB-uGiwaQBwOoB6a-G9gHAQ&sig=AOD64_0GVpmJI7DY6bo8dxf1ANvZbCwvBQ&clui=0&q=&ved=0ahUKEwj2kbbN0r_KAhWivIMKHXOkCWU4ChDRDAgY&adurl=http://download.predictivetechnologies.com/apt_index_retail-november_2015/",
          "link_type": "ads_main"
        },
        {
          "domain": "",
          "link": "/aclk?sa=l&ai=CHgY8KkujVsCtE4fgpAOI0IeYCpGklsUH0fqNst0C-aqeqAQIAxABYOUDkAECoAHfgpTZA8gBAaoEKE_QOsmaFPB3Cru_NnY9vuCQ5ZgS5WSmu_wL0hF35myRGzYmPjAs83WAB4n96yaQBwOoB6a-G9gHAQ&sig=AOD64_012YNOaon91YqTB0aT6DgZHedgvw&clui=4&q=&ved=0ahUKEwj2kbbN0r_KAhWivIMKHXOkCWU4ChDRDAhi&adurl=http://m.VisitTheUSA.mx/",
          "link_type": "ads_main"
        }
      ]
    },
    {
      "results": [
        {
          "domain": "business.time.com",
          "link": "http://business.time.com/2011/09/29/now-thats-creepy-americans-will-blow-7-billion-on-halloween/",
          "link_type": "results"
        },
        {
          "domain": "www.csmonitor.com",
          "link": "http://www.csmonitor.com/Technology/Tech-Culture/2012/1031/Happy-Halloween!-Wait-Americans-spend-how-much-on-candy",
          "link_type": "results"
        },
        {
          "domain": "www.prnewswire.com",
          "link": "http://www.prnewswire.com/news-releases/backgrounder---halloween-industry-76950287.html",
          "link_type": "results"
        },
        {
          "domain": "www.investopedia.com",
          "link": "http://www.investopedia.com/financial-edge/1012/why-the-halloween-industry-is-worth-8b.aspx",
          "link_type": "results"
        },
        {
          "domain": "www1.planetretail.net",
          "link": "http://www1.planetretail.net/Halloween-2014-whos-got-the-creeps-thank-you",
          "link_type": "results"
        },
        {
          "domain": "search.aibing.cc",
          "link": "http://search.aibing.cc/On+which+holiday+do+people+spend+more+money+than+Halloween.shtml",
          "link_type": "results"
        },
        {
          "domain": "www.womansday.com",
          "link": "http://www.womansday.com/life/g485/15-fascinating-halloween-facts-124464/",
          "link_type": "results"
        },
        {
          "domain": "news.google.com",
          "link": "http://news.google.com/newspapers?nid=1842&dat=20071031&id=dE4gAAAAIBAJ&sjid=LccEAAAAIBAJ&pg=2674,3952775",
          "link_type": "results"
        },
        {
          "domain": "www.sfgate.com",
          "link": "http://www.sfgate.com/business/article/Halloween-Is-Becoming-Big-Treat-for-Retailers-2824372.php",
          "link_type": "results"
        },
        {
          "domain": "www.georgiaretail.org",
          "link": "http://www.georgiaretail.org/index.php/retail-news/itemlist/tag/Holiday",
          "link_type": "results"
        },
        {
          "domain": "",
          "link": "/aclk?sa=l&ai=Ckqy9K0ujVtmeOobtpAOqxLv4Coet_NMHl63alLkC2KXEuVEIAxABYOUDkAEDoAH9-PT5A8gBAaoEKE_Q2Z3DEbGxMurzstOHLvNUZYD2Ir2DaZ52W3Vre78LVR5WXG6OKSKAB-uGiwaQBwOoB6a-G9gHAQ&sig=AOD64_0kmpg-cpIlCeLKQ-mPCV59QSlT6A&clui=0&q=&ved=0ahUKEwiz7JrO0r_KAhUlkIMKHfldCYs4FBDRDAhQ&adurl=http://download.predictivetechnologies.com/apt_index_retail-november_2015/",
          "link_type": "ads_main"
        }
      ]
    }
  ]
}