{
  "Origins": "Every year since 1980, between 7 December (the eve of the Feast of the Immaculate Conception) through 10 January, Italy's Mount Ingino (near the town of Gubbio) is home to what is billed as \"the world's largest Christmas tree display.\" As pictured above, several hundred colored lights and 40,000 feet (about 7.5 miles) of cabling are used to create an illuminated outline of an ornamented fir tree along a slope of Mount Ingino, a display that is approximately 1,300 feet tall and 2,600 feet across at its widest point. The tree (whose base is said to be almost as wide as the town itself) stretches from the \"last stone houses of Gubbio\" up to the Basilica of Saint Ubaldo, which houses the 160-by-80-foot star that tops the tree.",
  "Fact Check": "",
  "Description": "The Biggest Christmas Tree (Bella umbria)",
  "Originally Published": "",
  "Referred Links": "http://www.bellaumbria.net/it/eventi/concerto-sotto-l-albero-2013/;http://www.alberodigubbio.com/Index.aspx?idnews=114;",
  "Example": "[Collected via e-mail, December 2009] I received an email with photos of \"Christmas trees from around the world.\" One photo of \"the world's largest Christmas tree display\" in particular looks very questionable:",
  "Last Updated": "19 December 2009",
  "Credibility": "true",
  "URL": "www.snopes.com/holidays/christmas/photos/largetree.asp",
  "Claim": "Photograph shows \"the world's largest Christmas tree display.\"",
  "Claim_ID": "holidays_christmas_photos_largetree",
  "Tags": "",
  "Google Results": [
    {
      "results": [
        {
          "domain": "www.snopes.com",
          "link": "http://www.snopes.com/holidays/christmas/photos/largetree.asp",
          "link_type": "results"
        },
        {
          "domain": "www.snopes.com",
          "link": "http://www.snopes.com/holidays/Christmas/Christmas.asp",
          "link_type": "results"
        },
        {
          "domain": "www.snopes.com",
          "link": "http://www.snopes.com/Holidays/christmas/photos/xmascard.asp",
          "link_type": "results"
        },
        {
          "domain": "www.snopes.com",
          "link": "http://www.snopes.com/search/?q=hillary%20fired%20from%20watergate%20committee&sort=relevance&order=desc&page=143",
          "link_type": "results"
        },
        {
          "domain": "imtbtw.blog.cz",
          "link": "http://imtbtw.blog.cz/1012/worlds-biggest-christmas-tree",
          "link_type": "results"
        },
        {
          "domain": "www.guy-sports.com",
          "link": "http://www.guy-sports.com/humor/christmas/christmas_tree_pictures.htm",
          "link_type": "results"
        },
        {
          "domain": "www.guy-sports.com",
          "link": "http://www.guy-sports.com/humor/christmas/large_artificial_xmas_trees.htm",
          "link_type": "results"
        },
        {
          "domain": "www.pinterest.com",
          "link": "https://www.pinterest.com/pin/187603140699360310/",
          "link_type": "results"
        },
        {
          "domain": "www.pinterest.com",
          "link": "https://www.pinterest.com/thedaw/christmas-lights/",
          "link_type": "results"
        },
        {
          "domain": "readysettrek.com",
          "link": "http://readysettrek.com/christmas-trees-of-the-world/",
          "link_type": "results"
        }
      ]
    },
    {
      "results": [
        {
          "domain": "www.justinkrause.co.uk",
          "link": "http://www.justinkrause.co.uk/christmas-trees-around-the-world/",
          "link_type": "results"
        },
        {
          "domain": "intothebardo.wordpress.com",
          "link": "https://intothebardo.wordpress.com/portfolio/some-early-seasonal-cheer/",
          "link_type": "results"
        },
        {
          "domain": "www.pinterest.com",
          "link": "https://www.pinterest.com/KateIsRising/christmas-lights/",
          "link_type": "results"
        },
        {
          "domain": "www.ashley-spencer.com",
          "link": "http://www.ashley-spencer.com/ArtIsEverywhere/2008/12/christmas-trees/",
          "link_type": "results"
        },
        {
          "domain": "articles.mercola.com",
          "link": "http://articles.mercola.com/sites/articles/archive/2008/12/25/it-s-a-wonderful-life.aspx",
          "link_type": "results"
        },
        {
          "domain": "www.ipreferparis.net",
          "link": "http://www.ipreferparis.net/holidays/page/9/",
          "link_type": "results"
        },
        {
          "domain": "www.facebook.com",
          "link": "https://www.facebook.com/grandsonsofitalybr/",
          "link_type": "results"
        },
        {
          "domain": "www.clevelandpeople.com",
          "link": "http://www.clevelandpeople.com/",
          "link_type": "results"
        },
        {
          "domain": "www.datehookup.com",
          "link": "http://www.datehookup.com/Thread-1289165-601.htm",
          "link_type": "results"
        },
        {
          "domain": "www.educationalservice.net",
          "link": "http://www.educationalservice.net/special/special-001/20091106_xmas-tree.php",
          "link_type": "results"
        }
      ]
    },
    {
      "results": [
        {
          "domain": "godpoliticsbaseball.blogspot.com",
          "link": "http://godpoliticsbaseball.blogspot.com/2011/12/o-christmas-trees.html",
          "link_type": "results"
        },
        {
          "domain": "www.fourwinds10.net",
          "link": "http://www.fourwinds10.net/siterun_data/spiritual/pictures/news.php?q=1229287110",
          "link_type": "results"
        },
        {
          "domain": "www.ipernity.com",
          "link": "http://www.ipernity.com/doc/55829/3668529",
          "link_type": "results"
        },
        {
          "domain": "dolcebellezza.net",
          "link": "http://dolcebellezza.net/2008/12/22/christmas-tree-oh-christmas-tree/",
          "link_type": "results"
        },
        {
          "domain": "andjohsemail.blogspot.com",
          "link": "http://andjohsemail.blogspot.com/2011/12/christmas-trees-around-world.html",
          "link_type": "results"
        },
        {
          "domain": "decorbychristine.com",
          "link": "http://decorbychristine.com/tag/christmas-trees/",
          "link_type": "results"
        },
        {
          "domain": "mybirdie.ca",
          "link": "http://mybirdie.ca/files/archive-06-december-2009.php",
          "link_type": "results"
        },
        {
          "domain": "themessthatgreenspanmade.blogspot.com",
          "link": "http://themessthatgreenspanmade.blogspot.com/2008/12/christmas-trees-round-world.html",
          "link_type": "results"
        },
        {
          "domain": "blushingrosetoo.blogspot.com",
          "link": "http://blushingrosetoo.blogspot.com/2011/12/arlington-cemetery-christmas-around.html",
          "link_type": "results"
        }
      ]
    }
  ]
}