{
  "Origins": "Tales of insects; living and growing and nesting inside the human body prompt some of the most visceral responses of all the types of horror legends. We can read about people being killed in all sorts of gruesome ways almost with equanimity, it seems, but the thought of creepy-crawlies inside our bodies sends shivers up and down our spines. (Just think how repulsed most people are by the sight of maggots, even when they're feeding on flesh that's already dead.)",
  "Fact Check": "",
  "Description": "And if bugs are going to turn our own corporeal residences into homes for themselves, they could scarcely choose a more revulsion-inducing site than an eyeball the location of the most important and vulnerable of our senses. Chilling as they are, the photos accompanying this item, at least, are real. They were taken from a July 2000 article appearing in the Archives of Ophthalmology (a journal published the American Medical Association) that describes and illustrates the removal of a human botfly larva from the eye of a 5-year-old by in Honduras by an Air Force mobile ophthalmic surgical team. As summarized by the article: A 5-year-old boy with inferior orbital swelling and an erythematous mass arising from the inferior cul-de-sac of his right eye was seen by an Air Force Mobile Ophthalmic Surgical Team working in a rural area of the Republic of Honduras. The respiratory pore of a late-stage larva of the human botfly (Dermatobia hominis) was located in the anterior orbit. The larva was gently removed under general anesthesia through a small incision in the conjunctiva Botflies (such as the one featured in these photos, the human botfly , or Dermatobia hominis , commonly found from central Mexico through to Central America and South America) are one of a number of insect species that lay their eggs on the exterior of other living creatures (usually mosquitoes or flies); when the eggs hatch, the larvae burrow into their \"hosts\" to feed (breathing through the small burrow holes) until they emerge to pupate into mature adult botflies. Generally, a female botfly's choosing a human host for her young poses no great threat to the human, and the infestation can be eliminated via a simple surgical procedure, as the cited article notes: Covering a larva's burrow hole with some type of ointment or fatty substance will generally remedy the problem; if not, a simple surgical procedure Also, as noted in the article, a botfly in the eye is far from a common occurrence, \"no previous case to our knowledge of orbital invasion hav[ing] been reported.\" Although the implication that some have taken from the Internet text accompanying this message that getting \"bad dust\" in one's eye and rubbing the eye might somehow cause the type of problem shown here is wrong, the gist of the message is correct: one should not dismiss a persistent swelling and itching of the eye as merely \"I've got something in the eye\"; it should be checked by a doctor as soon as possible. Additional information: Anterior Orbital Myiasis Caused by Human Botfly (Archives of Ophthalmology)",
  "Originally Published": "",
  "Referred Links": "http://archopht.ama-assn.org/cgi/content/short/118/7/1002;http://www.cals.ncsu.edu/course/ent591k/torsalo.html;",
  "Example": "[Collected on the Internet, 2002] Subject: Fw: Careful with dust!!! Its just like from an alien movie be very careful when u get caught with dust...as following pics will show effects of bad dust to a person. While he was walking he felt an eye irritation, thinking that it was just regualr dust, he started to rub his eye, in an effort to remove the dust.... then his eyes got really red, and he went and bought some eye drops from a pharmacy....few days passed n his eyes were still red and seems a little swollen. Again he dismissed it as the constant rubbing and that it will go away. The days go by the swelling of his eye got worse, redder and bigger.... till he decided to go and see a doctor for a check up. The doctor immediately wanted an operation, being afraid of a tumor growth or cyst. At the operation, what was thought to be a growth or cyst, actually turned out to be a live worm..... what was thought initially to be just mere dust actually was an insect's egg......because of that, my friends, if u do get caught in dust, and the pain persists, pls go see a doctor immediately...... thank you....",
  "Last Updated": "1 November 2006",
  "Credibility": "true",
  "URL": "www.snopes.com/horrors/insects/wormeye.asp",
  "Claim": "The larva of a human botfly was removed from a child's eye.",
  "Claim_ID": "horrors_insects_wormeye",
  "Tags": "",
  "Google Results": [
    {
      "results": [
        {
          "domain": "www.snopes.com",
          "link": "http://www.snopes.com/horrors/insects/wormeye.asp",
          "link_type": "results"
        },
        {
          "domain": "www.iflscience.com",
          "link": "http://www.iflscience.com/health-and-medicine/nsfl-botfly-removal-5-year-old%E2%80%99s-eye",
          "link_type": "results"
        },
        {
          "domain": "www.medicaldaily.com",
          "link": "http://www.medicaldaily.com/pulse/doctors-use-basil-leaves-remove-suspected-botfly-larvae-boys-left-eye-after-month-337004",
          "link_type": "results"
        },
        {
          "domain": "www.youtube.com",
          "link": "https://www.youtube.com/watch?v=QLFzYGKtnt4",
          "link_type": "results"
        },
        {
          "domain": "www.youtube.com",
          "link": "https://www.youtube.com/watch?v=4rLsrfjzp64",
          "link_type": "results"
        },
        {
          "domain": "www.pinterest.com",
          "link": "https://www.pinterest.com/pin/574420127449073367/",
          "link_type": "results"
        },
        {
          "domain": "es.pinterest.com",
          "link": "https://es.pinterest.com/pin/355925176776748841/",
          "link_type": "results"
        },
        {
          "domain": "www.howardforums.com",
          "link": "http://www.howardforums.com/showthread.php/75522-Larva-of-a-human-botfly-being-removed-from-child-s-eye",
          "link_type": "results"
        },
        {
          "domain": "www.cycleforums.com",
          "link": "http://www.cycleforums.com/forums/304-darkside/83240-disturbing-larva-human-botfly-removed-childs-eye.html",
          "link_type": "results"
        }
      ]
    },
    {
      "results": [
        {
          "domain": "www.ibtimes.co.uk",
          "link": "http://www.ibtimes.co.uk/peru-doctors-use-basil-coax-worm-out-boys-eye-after-month-long-stay-1504538",
          "link_type": "results"
        },
        {
          "domain": "ambergriscaye.com",
          "link": "http://ambergriscaye.com/pages/town/botfly.html",
          "link_type": "results"
        },
        {
          "domain": "ambergriscaye.com",
          "link": "http://ambergriscaye.com/pages/town/botfly2.html",
          "link_type": "results"
        },
        {
          "domain": "www.ncbi.nlm.nih.gov",
          "link": "http://www.ncbi.nlm.nih.gov/pmc/articles/PMC2539025/",
          "link_type": "results"
        },
        {
          "domain": "www.electroherbalism.com",
          "link": "http://www.electroherbalism.com/Naturopathy/MiscAltHealthTopics/Parasites/Parasite_Pictures_and_videos.htm",
          "link_type": "results"
        },
        {
          "domain": "books.google.com.mx",
          "link": "https://books.google.com.mx/books?id=vZxqM6cuQI4C&pg=PA678&lpg=PA678&dq=The+larva+of+a+human+botfly+was+removed+from+a+child's+eye.&source=bl&ots=xx-OQkWzoE&sig=1ozgfwDwCk_OHGKizko2PxKgOl0&hl=en&sa=X&ved=0ahUKEwiGvt7M5MTKAhVEl4MKHUfzBsA4ChDoAQg7MAU",
          "link_type": "results"
        },
        {
          "domain": "davidcoveney.com",
          "link": "http://davidcoveney.com/50/giving-birth-to-a-baby-botfly/",
          "link_type": "results"
        },
        {
          "domain": "video.nationalgeographic.com",
          "link": "http://video.nationalgeographic.com/video/weirdest-botfly",
          "link_type": "results"
        },
        {
          "domain": "en.wikipedia.org",
          "link": "https://en.wikipedia.org/wiki/Cephenemyia_ulrichii",
          "link_type": "results"
        },
        {
          "domain": "www.funisforassholes.com",
          "link": "http://www.funisforassholes.com/2012/09/parasite-extracted-from-childs-eye.html",
          "link_type": "results"
        }
      ]
    },
    {
      "results": [
        {
          "domain": "cmr.asm.org",
          "link": "http://cmr.asm.org/content/25/1/79.full",
          "link_type": "results"
        },
        {
          "domain": "abcnews.go.com",
          "link": "http://abcnews.go.com/Health/Wellness/worm-eats-mans-retina-terrible-parasites/story?id=11700175",
          "link_type": "results"
        },
        {
          "domain": "freedownloadmp3.band",
          "link": "http://freedownloadmp3.band/Removing-Botfly-Larva-from-eye-in-humans-Botfly-extraction-compilation(jVW3vz_k3Lc)",
          "link_type": "results"
        },
        {
          "domain": "cid.oxfordjournals.org",
          "link": "http://cid.oxfordjournals.org/content/35/3/336.full",
          "link_type": "results"
        },
        {
          "domain": "tubeplus.pk",
          "link": "http://tubeplus.pk/watch/jVW3vz_k3Lc",
          "link_type": "results"
        },
        {
          "domain": "esbuzz.net",
          "link": "http://esbuzz.net/trends/video/biggest-botfly-larvae-ever-in-humans-botfly-removal-from-chin",
          "link_type": "results"
        },
        {
          "domain": "www.thelocal.se",
          "link": "http://www.thelocal.se/20110504/33578",
          "link_type": "results"
        },
        {
          "domain": "www.nature.com",
          "link": "http://www.nature.com/eye/journal/v20/n9/full/6702120a.html",
          "link_type": "results"
        },
        {
          "domain": "www.aiohow.com",
          "link": "http://www.aiohow.com/songs/worm-like-creature-removed-from-eye.html",
          "link_type": "results"
        },
        {
          "domain": "www.videoparades.com",
          "link": "http://www.videoparades.com/list/bot+fly+removal+videos/",
          "link_type": "results"
        }
      ]
    }
  ]
}