{
  "Origins": "Just when you thought danger couldn't possibly be lurking anywhere else, up pops a warning about poison-saturated deposit envelopes.",
  "Fact Check": "",
  "Description": "The above warning began circulating on the Internet in June 1999. It's just as false as the strychnine on payphones scare, another 1999 hoax about dangerous substances deliberately left on public machines. There are no such envelopes, and there hasn't been any such death. When asked about the e-mailed warning, Sunnybrook and Women's College Health and Sciences Centre said it is not connected with the note and has no Dr. Elliot on staff. \"It's a hoax,\" said Kathleen Harte, manager of communications for Toronto Public Health. \"We have no such person on staff. The public health department doesn't have a crime unit. There is no death to our knowledge that occurred. If somebody had died of cyanide poisoning we would have heard about this.\" The Canadian Bankers Association said it doubts anyone took the e-mailed warning seriously. \"I think people are smarter than that,\" said CBA spokesman Bliss Baker. I think the CBA is charming in its naivete. In July 1999, the original text of this bit of scarelore was altered to indicate the poisoning had taken place at a Bank of America ATM and that the letter writer had just heard about this \"at 3:45 p.m. on KDIA radio station.\" This version is every bit as false as the previous one. Barbara \"may I have the envelope please?\" Mikkelson",
  "Originally Published": "",
  "Referred Links": "",
  "Example": "[Collected on the Internet, 1999] Please read: Whenever you go to an automatic teller machine to make deposits, make sure you don't lick the deposit envelopes. A customer died after licking an envelope at a teller machine at Yonge & Eglinton. According to the police, Dr. Elliot at the Women's college hospital found traces of cyanide in the lady's mouth and digestive system and police traced the fatal poison to the glue on the envelope she deposited that day. They then did an inspection of other envelopes from other teller machines in the area and found six more. The glue is described as colourless and odourless. They suspect some sickco is targeting this particular bank and has been putting the envelopes beside machines at different locations. A spokesperson from the bank said their hands are tied unless they take away the deposit function from all machines. So watch out, and please forward this message to the people you care about . . . Thanks Kimberly Clarkson Crime unit, Department for Public Health 416-563-9905",
  "Last Updated": "2 September 2006",
  "Credibility": "false",
  "URL": "www.snopes.com/horrors/poison/envelope.asp",
  "Claim": "People have been killed by cyanide-laced ATM deposit envelopes.",
  "Claim_ID": "horrors_poison_envelope",
  "Tags": "",
  "Google Results": [
    {
      "results": [
        {
          "domain": "www.snopes.com",
          "link": "http://www.snopes.com/horrors/poison/envelope.asp",
          "link_type": "results"
        },
        {
          "domain": "www.southcoasttoday.com",
          "link": "http://www.southcoasttoday.com/article/20010619/LIFE/306199966",
          "link_type": "results"
        },
        {
          "domain": "getdetails.com",
          "link": "http://getdetails.com/commentary/full/urbanlegends.html",
          "link_type": "results"
        },
        {
          "domain": "www.breakpoint.org",
          "link": "http://www.breakpoint.org/bpcommentaries/entry/13/12691",
          "link_type": "results"
        },
        {
          "domain": "www.authorstream.com",
          "link": "http://www.authorstream.com/Presentation/Cubemiddle-12959-Fallacy-Journal-News-Reports-ppt-powerpoint/",
          "link_type": "results"
        },
        {
          "domain": "www.godlikeproductions.com",
          "link": "http://www.godlikeproductions.com/forum1/message117441/pg1",
          "link_type": "results"
        },
        {
          "domain": "www.sodahead.com",
          "link": "http://www.sodahead.com/united-states/which-is-your-favorite-e-mail-urban-legend/question-77964/",
          "link_type": "results"
        },
        {
          "domain": "www.nyx.net",
          "link": "http://www.nyx.net/~anwong/hoax.html",
          "link_type": "results"
        },
        {
          "domain": "",
          "link": "/aclk?sa=l&ai=CZZ7t07-iVoXaOY-GpgPfhrdg9-eFrAfnhI_8rAKU-NaGAggDEAFg5YOAgKgWoAGW_sf5A8gBAakCAjw1dO60fj6qBCRP0PgFwXRDSHvbNYhnKM_RL44OXU2Tx6KkF4hhmv69KoD7an-AB6-FikSQBwOoB6a-G9gHAQ&sig=AOD64_0uoZtRSJ6yzCr6Le2A6KXr3O-fgw&clui=0&q=&ved=0ahUKEwjzuLzczb7KAhXGkoMKHepyBWsQ0QwITQ&adurl=http://www.zapmeta.ws/ws%3Fq%3Datm%2520deposit%2520envelopes%26asid%3Dws_gc3_06%26mt%3Db%26nw%3Dg%26de%3Dc%26ap%3D1o1",
          "link_type": "ads_main"
        }
      ]
    },
    {
      "results": [
        {
          "domain": "www.quackwatch.com",
          "link": "http://www.quackwatch.com/04ConsumerEducation/urbanlegends.html",
          "link_type": "results"
        },
        {
          "domain": "nurm.blogspot.com",
          "link": "http://nurm.blogspot.com/2002_04_07_archive.html",
          "link_type": "results"
        },
        {
          "domain": "pullmanusa.net",
          "link": "http://pullmanusa.net/macwizard/fs%26h/mwlegends.html",
          "link_type": "results"
        },
        {
          "domain": "www.findthepower.net",
          "link": "http://www.findthepower.net/CP/IL/PostNewABC2_I.php?pagenr=18&SeeAlso=FEAR&Topic=&Subtop=&Thes=&IL=ON&ES=&EN=&CEC=&RB1=&Rad1=&WildCard1=&WW1=",
          "link_type": "results"
        },
        {
          "domain": "www.puertorico.com",
          "link": "http://www.puertorico.com/forums/politics/12701-urban-legends.html",
          "link_type": "results"
        },
        {
          "domain": "nitawriter.wordpress.com",
          "link": "https://nitawriter.wordpress.com/page/72/",
          "link_type": "results"
        },
        {
          "domain": "www.harvestnet.org",
          "link": "http://www.harvestnet.org/forum-email/virusinfo.htm",
          "link_type": "results"
        },
        {
          "domain": "en.wikipedia.org",
          "link": "https://en.wikipedia.org/wiki/Formaldehyde",
          "link_type": "results"
        },
        {
          "domain": "whotalking.com",
          "link": "http://whotalking.com/flickr/%23cyanide",
          "link_type": "results"
        }
      ]
    },
    {
      "results": [
        {
          "domain": "www.jbslemmer.com",
          "link": "http://www.jbslemmer.com/hoaxurbanal.htm",
          "link_type": "results"
        },
        {
          "domain": "www.dailymail.co.uk",
          "link": "http://www.dailymail.co.uk/news/article-2551309/Philip-Seymour-Hoffman-kicked-family-home-using-heroin-house-How-tragic-star-split-wife-drug-spiral-images-slumped-unconscious-flight-three-days-death-emerge.html",
          "link_type": "results"
        },
        {
          "domain": "gapersblock.com",
          "link": "http://gapersblock.com/merge/archives/In%20the%20News/",
          "link_type": "results"
        },
        {
          "domain": "studpress.hse.ru",
          "link": "http://studpress.hse.ru/new/1263",
          "link_type": "results"
        },
        {
          "domain": "www.tinact.ro",
          "link": "http://www.tinact.ro/detaliu-calendar/IDevent/107",
          "link_type": "results"
        },
        {
          "domain": "i.dujour.com",
          "link": "http://i.dujour.com/winter2014/",
          "link_type": "results"
        },
        {
          "domain": "grepcode.com",
          "link": "http://grepcode.com/file/repo1.maven.org/maven2/eu.tekul/szxcvbn_2.8.2/0.1/english.txt",
          "link_type": "results"
        },
        {
          "domain": "sites.google.com",
          "link": "https://sites.google.com/site/bioterrorbible/plots-patsies/bio-terror-plots-patsies-2012",
          "link_type": "results"
        },
        {
          "domain": "web.mit.edu",
          "link": "http://web.mit.edu/kenta/www/three/hcvoyrtv/random-text.pl",
          "link_type": "results"
        }
      ]
    }
  ]
}