{
  "Origins": "The claim that McDonald's is the world's largest purchaser of cow eyeballs shares roots with many other \"beware of fast food\" legends; in this particular case the sentiment is of the \"huge fast food corporations only care about profits, so they'll put anything they can (legally) get away with in their food to save money\" variety. Similar expressions of this anxiety have resulted in widespread tales about McDonald's making hamburgers from worm meat , using chicken feathers in their shakes, and even purchasing food supplies from a company named \"100% Beef\" so that they can put any old dreck in their burgers while still legitimately advertising that they use \"100% Beef products.\"",
  "Fact Check": "",
  "Description": "We don't know what the going rate for cow eyeballs is, but we suspect that just like worms they're too expensive to be practical as an alternative to real beef for a restaurant chain looking to save on their food costs. You'd think they'd be dirt cheap, because after all, who the heck would want cow eyeballs ? They actually do have other uses, however many schools purchase them for students to dissect in biology labs, for example. Whatever the market price of cow eyeballs, the idea of using them as filler in beef (or even in place of beef) just isn't practical. The wholesale price of beef for companies who purchase as much of it as McDonald's does is already very low, and the amount of \"eyeball meat\" available per cow is miniscule compared to the amount of \"real\" beef produced per animal. If you really have your doubts about this one, check out the ingredient lists on the McDonald's web site. All of their hamburgers are made from \"100% beef patties\"; furthermore, they define \"beef patty\" as being \"100% pure USDA inspected beef; no additives, no fillers, no extenders.\" This means exactly what it says. When the USDA grades beef, it grades beef ; it doesn't allow beef marketers to use the word as if it merely meant \"cow parts.\" Some versions of this rumor posit that the cow eyes are used only as hamburger filler, or to make beef patties stick together better, or as tenderizer, or as thickener in milk shakes. Still, one has to wonder what the (presumably more expensive) alternative to cow eyeballs is, and what all the other fast food chains who can't get cow eyes (because McDonald's has cornered the market) use instead, and why competitors' products don't cost significantly more (or are noticeably inferior) as a result. If you really don't want to eat at McDonald's, it's not hard to come up with a few legitimate reasons not to. The lack of beef in their beef isn't one of them, though.",
  "Originally Published": "",
  "Referred Links": "http://www.ams.usda.gov/AMSv1.0/ams.fetchTemplateData.do?template=TemplateN&navID=GradingCertificationandVerfication&leftNav=GradingCertificationandVerfication&page=LSMeatGradingGradingServices&description=Meat%20Grading%20and%20Certification%20Services;http://nutrition.mcdonalds.com/getnutrition/ingredientslist.pdf;",
  "Example": "[Collected on the Internet, 1999] A few weeks ago I was watching \"Politically Incorrect\" with Bill Maher on TV and one of the guests made a remark in a quite serious voice that the Billion dollar fast food chain McDonald's, is the largest purchaser of cow eyeballs. Now I've hear about Burger King using camel meat and stuff, but this one was new to me. And the fact that Mcdonald's doesn't have an email address to contact them nor a toll free number doesn't give me much reassurance on the matter.",
  "Last Updated": "5 April 2015",
  "Credibility": "false",
  "URL": "www.snopes.com/horrors/food/coweyes.asp",
  "Claim": "The McDonald's restaurant chain is the world's largest purchaser of cow eyeballs.",
  "Claim_ID": "horrors_food_coweyes",
  "Tags": "",
  "Google Results": [
    {
      "results": [
        {
          "domain": "www.snopes.com",
          "link": "http://www.snopes.com/horrors/food/coweyes.asp",
          "link_type": "results"
        },
        {
          "domain": "urbanlegends.about.com",
          "link": "http://urbanlegends.about.com/od/fooddrink/a/mcdonalds_cow_eyeballs.htm",
          "link_type": "results"
        },
        {
          "domain": "www.sandiegoreader.com",
          "link": "http://www.sandiegoreader.com/news/2000/may/25/mcdonalds-really-largest-purchaser-cow-eyeballs/",
          "link_type": "results"
        },
        {
          "domain": "bodytransformationinsider.com",
          "link": "http://bodytransformationinsider.com/access/mcdonalds-100-beef/",
          "link_type": "results"
        },
        {
          "domain": "books.google.com.mx",
          "link": "https://books.google.com.mx/books?id=JAFn75GXW1AC&pg=PA79&lpg=PA79&dq=The+McDonald's+restaurant+chain+is+the+world's+largest+purchaser+of+cow+eyeballs.&source=bl&ots=4F2MwklsZw&sig=RAv6EO1QgaAd6wjQ7wJqpF-OsB8&hl=en&sa=X&ved=0ahUKEwjV8t_a0b_KAhUmx4MKHU6ZBSYQ6AEINjAE",
          "link_type": "results"
        },
        {
          "domain": "www.facebook.com",
          "link": "https://www.facebook.com/snopes/posts/627078924103297",
          "link_type": "results"
        },
        {
          "domain": "www.stateofnature.org",
          "link": "http://www.stateofnature.org/?p=5601",
          "link_type": "results"
        },
        {
          "domain": "twitter.com",
          "link": "https://twitter.com/snopes/status/584827535244075009",
          "link_type": "results"
        },
        {
          "domain": "twitter.com",
          "link": "https://twitter.com/snopes/status/584814149827301377",
          "link_type": "results"
        },
        {
          "domain": "arstechnica.com",
          "link": "http://arstechnica.com/civis/viewtopic.php?f=23&t=645556",
          "link_type": "results"
        },
        {
          "domain": "",
          "link": "/aclk?sa=L&ai=CSonZOUqjVt2vMZCGpgPc6onABemykL4G-emVj5wCj5HnjBwIAxABYOWDgICoFsgBAaoEJ0_QXQ3Ti9aBMD0eloXPMVJG3iJ3KEDL8xTjdxCjlpHmCXzuP5toT4AHqaCqOZAHA6gHpr4b2AcB&sig=AOD64_1SLa3kz4D34ZPmOQ_pBdIujnS-kA&clui=0&q=&ved=0ahUKEwjV8t_a0b_KAhUmx4MKHU6ZBSYQ0QwIWA&adurl=http://stuccu.com/s/Mcdonalds%2BCow%2BEyeballs-MbSLsTI-Buy-Exclusive-Deals-70-OFF-Save-Big-Lowest-Price-On-Mcdonalds-Cow-Eyeballs-Best-In-Stock-Fast-Free-Shipping%3Fmt%3Db%26keyword%3Dmcdonalds%2520cow%2520eyeballs%26ap%3D1o1%26cid%3D76347612129%26caid%3D556cc95db1b1c61c145c8d1e%26netid%3D1%26network%3Dg%26aaid%3D556cc95db1b1c61c145c8d20",
          "link_type": "ads_main"
        }
      ]
    },
    {
      "results": [
        {
          "domain": "tribes.tribe.net",
          "link": "http://tribes.tribe.net/kitchenmyths/thread/137befca-5b22-489d-a282-b15bc99d7662",
          "link_type": "results"
        },
        {
          "domain": "www.bodybuildingday.org",
          "link": "http://www.bodybuildingday.org/it-turns-out-mcdonalds-uses-real-beef-after-all-6626802/",
          "link_type": "results"
        },
        {
          "domain": "www.greenbiz.com",
          "link": "http://www.greenbiz.com/blog/2014/01/07/inside-mcdonalds-quest-sustainable-beef",
          "link_type": "results"
        },
        {
          "domain": "www.abovetopsecret.com",
          "link": "http://www.abovetopsecret.com/forum/thread69626/pg1",
          "link_type": "results"
        },
        {
          "domain": "hoax.trendolizer.com",
          "link": "http://hoax.trendolizer.com/trend/restaurant%20chain",
          "link_type": "results"
        },
        {
          "domain": "hoax.trendolizer.com",
          "link": "http://hoax.trendolizer.com/trend/chase",
          "link_type": "results"
        },
        {
          "domain": "hoax.trendolizer.com",
          "link": "http://hoax.trendolizer.com/2015/04/the-eyes-of-texas.html",
          "link_type": "results"
        },
        {
          "domain": "groups.google.com",
          "link": "https://groups.google.com/d/topic/alt.tv.pol-incorrect/pRh7LHp7b5c",
          "link_type": "results"
        },
        {
          "domain": "www.zdnet.com",
          "link": "http://www.zdnet.com/article/how-mcdonalds-could-radically-change-the-beef-industry/",
          "link_type": "results"
        },
        {
          "domain": "totalnutrition.xyz",
          "link": "http://totalnutrition.xyz/mcdonalds-nutrition/mcdonalds-hamburger-nutrition-facts-label/",
          "link_type": "results"
        }
      ]
    },
    {
      "results": [
        {
          "domain": "www.script-o-rama.com",
          "link": "http://www.script-o-rama.com/movie_scripts/f/food-inc-script-transcript.html",
          "link_type": "results"
        },
        {
          "domain": "raven.theraider.net",
          "link": "http://raven.theraider.net/showthread.php?t=22568",
          "link_type": "results"
        },
        {
          "domain": "www.pbs.org",
          "link": "http://www.pbs.org/wgbh/pages/frontline/shows/meat/interviews/schlosser.html",
          "link_type": "results"
        },
        {
          "domain": "www.goodreads.com",
          "link": "https://www.goodreads.com/author_blog_posts/3571775-horse-meat-horse-sh-t",
          "link_type": "results"
        },
        {
          "domain": "www.sourcewatch.org",
          "link": "http://www.sourcewatch.org/index.php/McDonald's",
          "link_type": "results"
        },
        {
          "domain": "www.cnbc.com",
          "link": "http://www.cnbc.com/2015/03/04/mcdonalds-to-ax-chicken-with-human-antibiotics-milk-hormone.html",
          "link_type": "results"
        },
        {
          "domain": "www.faqla.com",
          "link": "http://www.faqla.com/ask/did-mcdonalds-used-to-use-kangaroo-meat-in-their-hamburgers-1161057/",
          "link_type": "results"
        },
        {
          "domain": "www.imdb.com",
          "link": "http://www.imdb.com/title/tt1286537/reviews",
          "link_type": "results"
        }
      ]
    }
  ]
}