{
  "Origins": "",
  "Fact Check": "",
  "Description": "",
  "Originally Published": "",
  "Referred Links": "http://web.archive.org/web/20000614091102/http://members.aol.com/teenfocus/shannon.html;",
  "Example": "",
  "Last Updated": "",
  "Credibility": "true",
  "URL": "www.snopes.com/horrors/parental/shannon.asp",
  "Claim": "A policeman stalks a young girl on the Internet to show her how easily even the most innocuous information can be used to find someone in real life.",
  "Claim_ID": "horrors_parental_shannon",
  "Tags": "",
  "Google Results": [
    {
      "results": [
        {
          "domain": "www.snopes.com",
          "link": "http://www.snopes.com/horrors/parental/shannon.asp",
          "link_type": "results"
        },
        {
          "domain": "en.wikipedia.org",
          "link": "https://en.wikipedia.org/wiki/Cyberstalking",
          "link_type": "results"
        },
        {
          "domain": "shirt.woot.com",
          "link": "http://shirt.woot.com/forums/viewpost.aspx?postid=118493",
          "link_type": "results"
        },
        {
          "domain": "nakedsecurity.sophos.com",
          "link": "https://nakedsecurity.sophos.com/2013/02/25/talking-angela-iphone-app-scare/",
          "link_type": "results"
        },
        {
          "domain": "lizditz.typepad.com",
          "link": "http://lizditz.typepad.com/i_speak_of_dreams/2005/12/schools_blogs_x_1.html",
          "link_type": "results"
        },
        {
          "domain": "www.surfnetkids.com",
          "link": "http://www.surfnetkids.com/tech/2673/talking-angela-app-safe/",
          "link_type": "results"
        },
        {
          "domain": "jezebel.com",
          "link": "http://jezebel.com/the-cops-dont-care-about-violent-online-threats-what-d-1682577343",
          "link_type": "results"
        },
        {
          "domain": "thoughtcatalog.com",
          "link": "http://thoughtcatalog.com/joshua-goldberg/2014/12/when-social-justice-warriors-attack-one-tumblr-users-experience/",
          "link_type": "results"
        },
        {
          "domain": "topdocumentaryfilms.com",
          "link": "http://topdocumentaryfilms.com/catch-predator/",
          "link_type": "results"
        },
        {
          "domain": "www.kidpower.org",
          "link": "https://www.kidpower.org/library/article/stalking/",
          "link_type": "results"
        }
      ]
    },
    {
      "results": [
        {
          "domain": "robertlindsay.wordpress.com",
          "link": "https://robertlindsay.wordpress.com/2009/01/14/the-narcissistic-sociopath-a-type/",
          "link_type": "results"
        },
        {
          "domain": "theinternetoffendsme.wordpress.com",
          "link": "https://theinternetoffendsme.wordpress.com/2013/04/09/the-real-story-behind-facebook-moderation-and-your-petty-reports/",
          "link_type": "results"
        },
        {
          "domain": "www.asecurelife.com",
          "link": "http://www.asecurelife.com/signs-of-a-stalker/",
          "link_type": "results"
        },
        {
          "domain": "www.psmag.com",
          "link": "http://www.psmag.com/health-and-behavior/women-arent-welcome-internet-72170",
          "link_type": "results"
        },
        {
          "domain": "www.lawstuff.org.au",
          "link": "http://www.lawstuff.org.au/nt_law/topics/article7/article7",
          "link_type": "results"
        },
        {
          "domain": "www.majorleaguedating.com",
          "link": "http://www.majorleaguedating.com/deal-with-crazy-psycho-women/",
          "link_type": "results"
        },
        {
          "domain": "www.justice.gc.ca",
          "link": "http://www.justice.gc.ca/eng/rp-pr/cj-jp/fv-vf/har/part2.html",
          "link_type": "results"
        },
        {
          "domain": "indianapolis.citymomsblog.com",
          "link": "http://indianapolis.citymomsblog.com/kids/toddlers/my-son-was-a-victim-of-baby-role-play/",
          "link_type": "results"
        },
        {
          "domain": "www.allenbwest.com",
          "link": "http://www.allenbwest.com/2014/12/quite-possibly-racist-article-will-ever-read/",
          "link_type": "results"
        },
        {
          "domain": "www.techdirt.com",
          "link": "https://www.techdirt.com/articles/20140415/10291426923/police-chief-not-wanting-to-talk-to-police-officers-is-odd.shtml",
          "link_type": "results"
        }
      ]
    },
    {
      "results": [
        {
          "domain": "www.judiciaryreport.com",
          "link": "http://www.judiciaryreport.com/",
          "link_type": "results"
        },
        {
          "domain": "www.dvmen.org",
          "link": "http://www.dvmen.org/dv-45.htm",
          "link_type": "results"
        },
        {
          "domain": "whatever.scalzi.com",
          "link": "http://whatever.scalzi.com/2012/08/09/an-incomplete-guide-to-not-creeping/",
          "link_type": "results"
        },
        {
          "domain": "www.letsget.com",
          "link": "http://www.letsget.com/html/directory/web_safety/web_safety.html",
          "link_type": "results"
        },
        {
          "domain": "jamigold.com",
          "link": "http://jamigold.com/2014/01/tell-me-when-real-life-stalking-isnt-sexy/",
          "link_type": "results"
        },
        {
          "domain": "www.askamanager.org",
          "link": "http://www.askamanager.org/2012/03/i-think-my-coworker-may-be-stalking-me.html",
          "link_type": "results"
        },
        {
          "domain": "www.continuingedcourses.net",
          "link": "http://www.continuingedcourses.net/active/courses/course050.php",
          "link_type": "results"
        },
        {
          "domain": "www.dailydot.com",
          "link": "http://www.dailydot.com/technology/tracking-partner-relationships-app/",
          "link_type": "results"
        },
        {
          "domain": "www.clarkprosecutor.org",
          "link": "http://www.clarkprosecutor.org/html/death/US/wuornos805.htm",
          "link_type": "results"
        },
        {
          "domain": "nationalreport.net",
          "link": "http://nationalreport.net/gang-stalking-exposed-account-perpitrator-part-3-4/",
          "link_type": "results"
        }
      ]
    }
  ]
}