{
  "Origins": "Although a startling number of workmen were killed in the construction of Hoover Dam (1931-36), none are entombed in the structure. The myth of the concrete pour too important to halt to fish out a mere body is just that, a myth.",
  "Fact Check": "",
  "Description": "(Agreement on the exact body count is hard to come by. The most common figure given is an official count of 96 and an unofficial one of 112.) At first blush it might appear reasonable that a dead man would have been left where he fell on a project this big, but structural integrity of the dam had to be maintained at all costs if it was to withstand pressure later. Engineers would not have permitted even a 4-inch block of wood to be left in a pour, much less anything as large as a workman, because of the danger of creating a weak spot in the structure. The dam contains 4,400,000 cubic yards of concrete. It was poured in sections of roughly a thousand cubic yards at a time, each of these slabs being allowed to set before the next was added. The 'cold joints' created by this sectioning were very deliberately factored into the engineering plans of the structure. Each segment took hours to pour, with the wet concrete arriving in buckets containing roughly eight yards of concrete each. Had someone lost his footing and fallen into the pour, he'd have easily righted himself or, if injured, been easily pulled from the wet mass by others. Another famous engineering marvel of a bygone time is often rumored to have workmen buried in it. 27 men died during the construction of the Brooklyn Bridge (1870-1883), but none ended up becoming part of the structure. Possibly rumors about bodies left in Hoover Dam originated with memories of a Montana dam construction tragedy being attributed to the larger, more famous structure in Nevada. Rumors do tend to migrate towards the most recognizable entry in any field, so it can be postulated that gruesome facts about the fatal slide at the Fort Peck Dam were later recalled as having to do with the Hoover Dam. Both dams are, after all, in the same part of the country and were built around the same time. The Fort Peck Dam was erected in Montana between 1934 and 1940, and was at the time of its constuction the largest earth-filled dam in the world. On 22 September 1938, a section of the dam broke loose and slid into the lake below. Eight workers were buried in the debris, and only two of the bodies were recovered, leaving six forever entombed within the mass of the structure. Barbara \"dammed shame\" Mikkelson",
  "Originally Published": "",
  "Referred Links": "http://www.fortpeckdam.com/historypages/?p=13;http://www.usbr.gov/dataweb/dams/hoover_fatalities_table.htm;",
  "Example": "",
  "Last Updated": "18 January 2007",
  "Credibility": "false",
  "URL": "www.snopes.com/horrors/freakish/hoover.asp",
  "Claim": "Bodies of workmen are entombed in Hoover Dam.",
  "Claim_ID": "horrors_freakish_hoover",
  "Tags": "",
  "Google Results": [
    {
      "results": [
        {
          "domain": "io9.com",
          "link": "http://io9.com/5893183/who-is-buried-in-the-hoover-dam",
          "link_type": "results"
        },
        {
          "domain": "www.snopes.com",
          "link": "http://www.snopes.com/horrors/freakish/hoover.asp",
          "link_type": "results"
        },
        {
          "domain": "www.usbr.gov",
          "link": "http://www.usbr.gov/lc/hooverdam/history/essays/fatal.html",
          "link_type": "results"
        },
        {
          "domain": "www.awesomestories.com",
          "link": "https://www.awesomestories.com/asset/view/Hoover-Dam-Building-the-Dam",
          "link_type": "results"
        },
        {
          "domain": "www.freerepublic.com",
          "link": "http://www.freerepublic.com/focus/chat/2866403/posts",
          "link_type": "results"
        },
        {
          "domain": "www.c-span.org",
          "link": "http://www.c-span.org/video/?314294-4/workers-buried-hoover-dam",
          "link_type": "results"
        },
        {
          "domain": "en.wikipedia.org",
          "link": "https://en.wikipedia.org/wiki/Hoover_Dam",
          "link_type": "results"
        },
        {
          "domain": "www.usbr.gov",
          "link": "http://www.usbr.gov/lc/hooverdam/faqs/damfaqs.html",
          "link_type": "results"
        },
        {
          "domain": "blogs.rgj.com",
          "link": "http://blogs.rgj.com/factchecker/2013/10/26/a-look-at-nevada-myths-hoover-dam-deaths-union-gold-501-jeans-origin/",
          "link_type": "results"
        }
      ]
    },
    {
      "results": [
        {
          "domain": "blogcritics.org",
          "link": "http://blogcritics.org/q-are-there-people-buried-in/",
          "link_type": "results"
        },
        {
          "domain": "answers.yahoo.com",
          "link": "https://answers.yahoo.com/question/index?qid=20070316141005AAlbAGp",
          "link_type": "results"
        },
        {
          "domain": "boards.straightdope.com",
          "link": "http://boards.straightdope.com/sdmb/showthread.php?t=244011",
          "link_type": "results"
        },
        {
          "domain": "www.reviewjournal.com",
          "link": "http://www.reviewjournal.com/trending/silver-state/knowing-vegas-are-there-really-bodies-the-cement-hoover-dam",
          "link_type": "results"
        },
        {
          "domain": "www.madsci.org",
          "link": "http://www.madsci.org/posts/archives/2003-06/1056022940.Gb.r.html",
          "link_type": "results"
        },
        {
          "domain": "books.google.com.mx",
          "link": "https://books.google.com.mx/books?id=iczSBcAUC5oC&pg=PA175&lpg=PA175&dq=Bodies+of+workmen+are+entombed+in+Hoover+Dam.&source=bl&ots=hXF2j4JysL&sig=yHqarLsRkM6-a8SzeV8NyVuLLuU&hl=en&sa=X&ved=0ahUKEwj_hsWm8srKAhVFFT4KHZSIBdg4ChDoAQg8MAU",
          "link_type": "results"
        },
        {
          "domain": "podbay.fm",
          "link": "http://podbay.fm/show/913802849/e/1432780694?autostart=1",
          "link_type": "results"
        },
        {
          "domain": "news.google.com",
          "link": "http://news.google.com/newspapers?nid=1053&dat=19990826&id=ikslAAAAIBAJ&sjid=wBQGAAAAIBAJ&pg=1755,374647",
          "link_type": "results"
        },
        {
          "domain": "books.google.com.mx",
          "link": "https://books.google.com.mx/books?id=VB6EBAAAQBAJ&pg=PA221&lpg=PA221&dq=Bodies+of+workmen+are+entombed+in+Hoover+Dam.&source=bl&ots=1_KOn-pPRv&sig=nLTQHph-j4abB6b8_FTyzBs_RwY&hl=en&sa=X&ved=0ahUKEwj_hsWm8srKAhVFFT4KHZSIBdg4ChDoAQhGMAg",
          "link_type": "results"
        },
        {
          "domain": "gizmodo.com",
          "link": "http://gizmodo.com/10-of-historys-deadliest-construction-projects-1588099877",
          "link_type": "results"
        }
      ]
    },
    {
      "results": [
        {
          "domain": "books.google.com.mx",
          "link": "https://books.google.com.mx/books?id=SYeEmU2aW9EC&pg=PA106&lpg=PA106&dq=Bodies+of+workmen+are+entombed+in+Hoover+Dam.&source=bl&ots=_fn1yEGY5G&sig=yPhJ3_L1wdKh3IroIJ5z1VoZD5k&hl=en&sa=X&ved=0ahUKEwju6Z6n8srKAhXEyT4KHXQ_CQ84FBDoAQgZMAA",
          "link_type": "results"
        },
        {
          "domain": "io9.gizmodo.com",
          "link": "http://io9.gizmodo.com/5893183/who-is-buried-in-the-hoover-dam/1450037682",
          "link_type": "results"
        },
        {
          "domain": "www.history.com",
          "link": "http://www.history.com/news/history-lists/7-things-you-might-not-know-about-the-hoover-dam",
          "link_type": "results"
        },
        {
          "domain": "mashable.com",
          "link": "http://mashable.com/2015/09/11/hoover-dam-construction/",
          "link_type": "results"
        },
        {
          "domain": "listosaur.com",
          "link": "http://listosaur.com/history/10-deadliest-construction-projects-u-s-history/",
          "link_type": "results"
        },
        {
          "domain": "moviepilot.com",
          "link": "http://moviepilot.com/posts/2898863",
          "link_type": "results"
        },
        {
          "domain": "forum.forteantimes.com",
          "link": "http://forum.forteantimes.com/index.php?threads/entombed-in-motorway-concrete.1454/",
          "link_type": "results"
        },
        {
          "domain": "books.google.com.mx",
          "link": "https://books.google.com.mx/books?id=7OwMYhKa3BwC&pg=PA76&lpg=PA76&dq=Bodies+of+workmen+are+entombed+in+Hoover+Dam.&source=bl&ots=bV5N9x57H4&sig=1epbjgeOJ_O1hBeJ6bTvXNB4LDs&hl=en&sa=X&ved=0ahUKEwju6Z6n8srKAhXEyT4KHXQ_CQ84FBDoAQhDMAc",
          "link_type": "results"
        },
        {
          "domain": "books.google.com.mx",
          "link": "https://books.google.com.mx/books?id=6fbeAAAAQBAJ&pg=PA97&lpg=PA97&dq=Bodies+of+workmen+are+entombed+in+Hoover+Dam.&source=bl&ots=IX42T-BYuZ&sig=uJwh4OcZ7_V9uLiFm6e3wWFpjcc&hl=en&sa=X&ved=0ahUKEwju6Z6n8srKAhXEyT4KHXQ_CQ84FBDoAQhMMAk",
          "link_type": "results"
        }
      ]
    }
  ]
}