{
  "Origins": "In 1934 a particularly vicious rumor campaign aimed at disrupting sales of Chesterfield cigarettes went into effect. Up and down the Atlantic seaboard, then all across the U.S., the whispered tale was heard: \"A leper has been found working in the Chesterfield cigarette factory in Richmond, Virginia.\"",
  "Fact Check": "",
  "Description": "Fear of contracting leprosy through smoking product handled by a leper kept customers at bay. Liggett and Myers (the tobacco company which produced Chesterfields, among other brands), fought back by getting the mayor and the Board of Health of Richmond to issue an official statement that Chesterfield factories had been investigated and nothing had been found to support this rumor. The city officials said they could \"state with authority the malicious, malignant, underhanded and unfounded rumors pertaining to public health now being circulated ... are without the slightest foundation in fact and are lies made from whole cloth.\" The announcement did little to slow the spread of the rumor. Like the work of the broom-wielding sweeper who follows the elephant, denials even ones issuing from disinterested official sources don't change the impression left by what the elephant dropped. Liggett and Myers also offered $1,000 rewards to the first 25 people who furnished them with satisfactory evidence as to who was spreading this tale. Though the company proved unsuccessful in tracing the story to its source, they did determine that the rumor appeared to be the work of professional rumormongers hired by their business competitors. Rumors about contaminated workers and cigarette factories had been around before becoming attached to Chesterfield; Liggett and Myers were merely the latest stop on this wandering leper of lore's schedule. The company tried to duke it out with whoever was behind these tales, but that proved an exercise in boxing at shadows. Their statement that \"We do not object to legitimate competition, but cowardly attacks of this sort have no place in American business or American life\" fell on unlistening ears. The leper rumor wasn't the only image attack Liggett and Myers had to do battle with. Around the same time the \"leper\" rumor was circulating, the firm was combating false whispers that it had contributed more than half a million dollars to Adolf Hitler. They'd done no such thing, but the angered reaction raised in those who heard this rumor ran unchecked. Fear needs an outlet, and this rumor gave those concerned about Hitler's growing power a target for their apprehension: The untruth about Chesterfield's contributing to aid the Nazis at a time when many people lived in constant dread of Hitler's triumphs not only aroused a desire for revenge which resulted in fall-off of sales, but gave the gullible dupe personal satisfaction by providing him with a means for venting his own inner emotions. Condemning Chesterfield makers, spreading the rumor, and no longer buying the cigarettes became as pleasurable to the credulous as loosening the laces of a tight shoe or unfastening a belt buckle after a heavy dinner. It now became possible to manifest hatred for nazism, to take action against a frightening enemy by moving against an individual commercial group. The opportunity was far too delicious for the frustrated to pause and make conscious inquiries into the matter of fact and truth. Times change, but human nature doesn't. The same urge to strike a blow at a large evil by delivering one on the chin to a corporation reputed to be in league with it also drove a rumor about Procter & Gamble as well as a whole host of false claims about Osama bin Laden's business holdings in the aftermath of the 9/11 terrorist attacks. Those looking to stand up for their country or take a whack at Satanism are oddly comforted by using large companies as their personal punching bags. That the rumors are baseless doesn't matter; having a target to direct outrage at does. Barbara \"deviled by a rumor\" Mikkelson",
  "Originally Published": "",
  "Referred Links": "",
  "Example": "",
  "Last Updated": "9 May 2009",
  "Credibility": "false",
  "URL": "www.snopes.com/horrors/food/chesterfield.asp",
  "Claim": "A leper was found working in a Chesterfield cigarette factory.",
  "Claim_ID": "horrors_food_chesterfield",
  "Tags": "",
  "Google Results": [
    {
      "results": [
        {
          "domain": "hoaxes.org",
          "link": "http://hoaxes.org/archive/permalink/the_chesterfield_leper",
          "link_type": "results"
        },
        {
          "domain": "www.snopes.com",
          "link": "http://www.snopes.com/horrors/food/chesterfield.asp",
          "link_type": "results"
        },
        {
          "domain": "books.google.com.mx",
          "link": "https://books.google.com.mx/books?id=YS9NAAAAQBAJ&pg=PA95&lpg=PA95&dq=A+leper+was+found+working+in+a+Chesterfield+cigarette+factory.&source=bl&ots=iMfv_EGIj4&sig=IgMFGJHTvABL1_1PCJGjIZnSX_c&hl=en&sa=X&ved=0ahUKEwjs0Nvl0cLKAhUDyYMKHXbXAqcQ6AEILjAC",
          "link_type": "results"
        },
        {
          "domain": "books.google.com.mx",
          "link": "https://books.google.com.mx/books?id=zJypXrE2xqAC&pg=PA193&lpg=PA193&dq=A+leper+was+found+working+in+a+Chesterfield+cigarette+factory.&source=bl&ots=vIlcULC821&sig=QZiD1IzxHRbAvue0i7y9INeZZyg&hl=en&sa=X&ved=0ahUKEwjs0Nvl0cLKAhUDyYMKHXbXAqcQ6AEIMTAD",
          "link_type": "results"
        },
        {
          "domain": "nuttyfacts.blogspot.com",
          "link": "http://nuttyfacts.blogspot.com/2013/10/chesterfield.html",
          "link_type": "results"
        },
        {
          "domain": "www.panicd.com",
          "link": "http://www.panicd.com/encyclopedia/the-chesterfield-leper.html",
          "link_type": "results"
        },
        {
          "domain": "books.google.com.mx",
          "link": "https://books.google.com.mx/books?id=hTMhAgAAQBAJ&pg=PT59&lpg=PT59&dq=A+leper+was+found+working+in+a+Chesterfield+cigarette+factory.&source=bl&ots=6dD8Kikpfz&sig=dLeXJxqWFQrrMPVqsNNPeXAn01c&hl=en&sa=X&ved=0ahUKEwjs0Nvl0cLKAhUDyYMKHXbXAqcQ6AEIPzAG",
          "link_type": "results"
        },
        {
          "domain": "listverse.com",
          "link": "http://listverse.com/2013/10/16/10-more-obscure-hoaxes-from-history/",
          "link_type": "results"
        },
        {
          "domain": "news.google.com",
          "link": "http://news.google.com/newspapers?nid=1913&dat=19481113&id=qaU0AAAAIBAJ&sjid=8mYFAAAAIBAJ&pg=2001,4392033",
          "link_type": "results"
        },
        {
          "domain": "www.thefedoralounge.com",
          "link": "http://www.thefedoralounge.com/threads/war-of-the-worlds-and-other-hoaxes-of-the-golden-era.42555/",
          "link_type": "results"
        },
        {
          "domain": "",
          "link": "/aclk?sa=L&ai=CqyMa-NykVum9AYKFpQOb6J_YD8Ll27kDwqiG3Fa3gOAiCAAQAWDlg4CAqBbIAQGqBCdP0MFAgxp9Yq-tELIbm5tAMaOkIdMXbbaRrYdvgATPlxQQ3oi97xaAB9LFpCmQBwOoB6a-G9gHAQ&sig=AOD64_3crrk0u8gp-faGEsbFXlawgq2c2g&clui=0&q=&ved=0ahUKEwjs0Nvl0cLKAhUDyYMKHXbXAqcQ0QwIGA&adurl=http://hopeforhansens.org/facts-resources/education/",
          "link_type": "ads_main"
        }
      ]
    },
    {
      "results": [
        {
          "domain": "www.reddit.com",
          "link": "https://www.reddit.com/r/Cigarettes/comments/1jtzvp/does_anybody_here_smoke_chesterfield_cigarettes/",
          "link_type": "results"
        },
        {
          "domain": "discountcigarettestore.jimdo.com",
          "link": "http://discountcigarettestore.jimdo.com/2013/03/29/is-it-is-itlegal-to-buy-cigarettes-online-in-canada/",
          "link_type": "results"
        },
        {
          "domain": "dianaaleman.wordpress.com",
          "link": "https://dianaaleman.wordpress.com/category/uncategorized/",
          "link_type": "results"
        },
        {
          "domain": "top10.press",
          "link": "http://top10.press/author/misspham/page/32/",
          "link_type": "results"
        },
        {
          "domain": "theloonies.org.uk",
          "link": "http://theloonies.org.uk/1997.04/0021.html",
          "link_type": "results"
        },
        {
          "domain": "books.google.com.mx",
          "link": "https://books.google.com.mx/books?id=Gud6brQI-PgC&pg=PA150&lpg=PA150&dq=A+leper+was+found+working+in+a+Chesterfield+cigarette+factory.&source=bl&ots=EqvMb7dKuh&sig=pLDKOXvD7thEPdNAZvLD2ApNf9o&hl=en&sa=X&ved=0ahUKEwiO4Ozm0cLKAhWGvIMKHf6iB8g4ChDoAQhSMA0",
          "link_type": "results"
        },
        {
          "domain": "sipwinstonred.weebly.com",
          "link": "http://sipwinstonred.weebly.com/blog/chesterfield-cigarettes-online",
          "link_type": "results"
        },
        {
          "domain": "",
          "link": "/aclk?sa=L&ai=CK3vM-tykVvDFGYWJpQO37IKACcLl27kDwqiG3Fa3gOAiCAMQASgCYOWDgICoFpABAsgBAaoEJ0_QcA2K4ssI4zJe2oBpgfRyiocbLxpGN3Q1RzTrBHbO4iYSttzhTIAH0sWkKZAHA6gHpr4b2AcB&sig=AOD64_2a8zwmUurXetVOqv-yn1iYZFTwmw&clui=0&q=&ved=0ahUKEwiO4Ozm0cLKAhWGvIMKHf6iB8g4ChDRDAhZ&adurl=http://hopeforhansens.org/facts-resources/education/",
          "link_type": "ads_main"
        },
        {
          "domain": "",
          "link": "/aclk?sa=L&ai=CssnI-tykVvDFGYWJpQO37IKACaHR1wqtyP7DjgLg-6fOSAgDEAIoAmDlg4CAqBaQAQLIAQGqBClP0GBv2OLICOMyXtqAaYH0VceOdi8aRjd0NUc06wR2zmJGFuQg6Zeym4AH7dz9ApAHA6gHpr4b2AcB&sig=AOD64_2albmpWIfwzGPbc6G2zutZtU1Yfg&clui=1&q=&ved=0ahUKEwiO4Ozm0cLKAhWGvIMKHf6iB8g4ChDRDAhe&adurl=http://www.outreachasia.org",
          "link_type": "ads_main"
        }
      ]
    },
    {
      "results": [
        {
          "domain": "www.supercigarettesshop.com",
          "link": "http://www.supercigarettesshop.com/cheap-chesterfield-cigarettes/",
          "link_type": "results"
        },
        {
          "domain": "forum.opencarry.org",
          "link": "http://forum.opencarry.org/forums/showthread.php?70498-Clarification-of-OC-while-in-a-car",
          "link_type": "results"
        },
        {
          "domain": "www.stumbleupon.com",
          "link": "http://www.stumbleupon.com/content/2Uy6rw",
          "link_type": "results"
        },
        {
          "domain": "dizargekab46.soup.io",
          "link": "http://dizargekab46.soup.io/since/385020084?newer=1",
          "link_type": "results"
        },
        {
          "domain": "archive.tobacco.org",
          "link": "http://archive.tobacco.org/History/Tobacco_History.html",
          "link_type": "results"
        },
        {
          "domain": "cuso.xlx.pl",
          "link": "http://cuso.xlx.pl/rHYirh.html",
          "link_type": "results"
        },
        {
          "domain": "www.bikehub.co.za",
          "link": "http://www.bikehub.co.za/forum/topic/145386-is-this-a-hoax-or-not/page-3",
          "link_type": "results"
        },
        {
          "domain": "www.localhistories.org",
          "link": "http://www.localhistories.org/nottingham.html",
          "link_type": "results"
        },
        {
          "domain": "eucheapcigs.com",
          "link": "http://eucheapcigs.com/l3/chesterfield.html",
          "link_type": "results"
        }
      ]
    }
  ]
}