{
  "Origins": "This picture of a distended snake is another image that regularly makes the rounds of the Internet every few months or so, each time with a backstory updated to reflect a different geographic locale. This photo has been claimed to depict a serpent that ate a man in Qujing, China , in August 2012; gobbled up another person in Jakarta, Indonesia , in January 2013; swallowed a man whole in Panama in February 2013; swallowed a woman near Durban North, South Africa , in June 2013; then made its way to Pasir Gudang, Malaysia , to gulp down a 4-year-old child in October 2013, all before slithering off to India to chow down on a drunken man outside a liquor store in Attappadi, India, in November 2013.",
  "Fact Check": "",
  "Description": "We don't yet know the specific origins of this image, nor exactly what might have created the bloated condition of the snake (presumably the serpent is distended from having consumed something relatively large, animal or otherwise), but clearly this one reptile sometimes identified as a boa constrictor rather than a python has not been traveling the world and hopping across continents in search of human prey to feast upon. Most likely the pictured snake had recently eaten a mid-sized animal such as a pig. (The reticulated python is native to Southeast Asia and thus isn't found in countries such as South Africa, while the boa constrictor inhabits the Americas and the Caribbean and not Asia. And although either species is capable of killing human beings, no documented case of such a snake killing and ingesting a whole adult human being has ever been recorded.)",
  "Originally Published": "",
  "Referred Links": "http://en.wikipedia.org/wiki/Boa_constrictor;http://en.wikipedia.org/wiki/Python_reticulatus;http://mforum.cari.com.my/portal.asp?mod=view&aid=5029;http://thenigeriatoday.net/giant-snake-swallows-woman-in-south-africa-see-photo/;http://www.panama-guide.com/article.asp/20130221185332676;http://vina-pages.blogspot.com/2013/01/ular-phyton-di-kelapa-gading-hoax.html;http://news.163.com/12/0831/07/8A7HC45S00014AED.html;",
  "Example": "[Collected via Facebook, December 2013] A python ate a person who was drunk and lying beside the liquor shop. News from Attapady, Kerala.",
  "Last Updated": "11 April 2014",
  "Credibility": "false",
  "URL": "www.snopes.com/horrors/animals/anaconda.asp",
  "Claim": "Photograph shows a python that ate a drunken man in India.",
  "Claim_ID": "horrors_animals_anaconda",
  "Tags": "",
  "Google Results": [
    {
      "results": [
        {
          "domain": "www.snopes.com",
          "link": "http://www.snopes.com/photos/animals/pythoneatsman.asp",
          "link_type": "results"
        },
        {
          "domain": "www.ibtimes.co.uk",
          "link": "http://www.ibtimes.co.uk/python-eats-drunk-man-india-hoax-twitter-526218",
          "link_type": "results"
        },
        {
          "domain": "www.facebook.com",
          "link": "https://www.facebook.com/snopes/posts/421481221329736",
          "link_type": "results"
        },
        {
          "domain": "www.youtube.com",
          "link": "https://www.youtube.com/watch?v=ReMpef_Y_Fg",
          "link_type": "results"
        },
        {
          "domain": "www.huffingtonpost.co.uk",
          "link": "http://www.huffingtonpost.co.uk/2013/11/29/python-swallow-drunk-man-india-hoax_n_4358858.html",
          "link_type": "results"
        },
        {
          "domain": "www.buzzfeed.com",
          "link": "http://www.buzzfeed.com/adriancarrasquillo/so-a-python-didnt-actually-eat-a-drunk-guy-in-india",
          "link_type": "results"
        },
        {
          "domain": "www.dailymail.co.uk",
          "link": "http://www.dailymail.co.uk/news/article-2515164/Photograph-python-snake-appears-eaten-human.html",
          "link_type": "results"
        },
        {
          "domain": "www.hoax-slayer.com",
          "link": "http://www.hoax-slayer.com/giant-snake-swallows-woman.shtml",
          "link_type": "results"
        },
        {
          "domain": "twitter.com",
          "link": "https://twitter.com/snopes/status/408343434986938368",
          "link_type": "results"
        },
        {
          "domain": "www.inquisitr.com",
          "link": "http://www.inquisitr.com/1184275/python-eats-drunk-man-in-india-snake-photo-a-real-threat-despite-issues/",
          "link_type": "results"
        }
      ]
    },
    {
      "results": [
        {
          "domain": "www.express.co.uk",
          "link": "http://www.express.co.uk/news/weird/445914/Twitter-goes-into-meltdown-for-image-of-python-that-ate-a-drunk-person",
          "link_type": "results"
        },
        {
          "domain": "www.quora.com",
          "link": "https://www.quora.com/Is-the-story-about-a-Python-ate-passed-out-drunkard-true-or-hoax",
          "link_type": "results"
        },
        {
          "domain": "www.theepochtimes.com",
          "link": "http://www.theepochtimes.com/n3/378897-python-eats-drunk-man-in-india-a-hoax-goes-viral-anyway/",
          "link_type": "results"
        },
        {
          "domain": "lordsofthedrinks.com",
          "link": "http://lordsofthedrinks.com/2013/11/27/python-eats-drunk-man-in-india/",
          "link_type": "results"
        },
        {
          "domain": "www.thedrinksbusiness.com",
          "link": "http://www.thedrinksbusiness.com/2013/11/python-ate-drunken-man-in-india-or-did-it/",
          "link_type": "results"
        },
        {
          "domain": "tvaraj.com",
          "link": "http://tvaraj.com/2014/10/25/fake-stories-of-snake-swallowing-humans/",
          "link_type": "results"
        },
        {
          "domain": "www.dramafever.com",
          "link": "http://www.dramafever.com/news/anaconda-swallows-drunk-sleeping-man-outside-liquor-store/",
          "link_type": "results"
        },
        {
          "domain": "doubtfulnews.com",
          "link": "http://doubtfulnews.com/2013/12/snake-eats-drunk-person-another-one-of-those-perfect-storm-viral-hoaxes/",
          "link_type": "results"
        },
        {
          "domain": "www.dailystar.co.uk",
          "link": "http://www.dailystar.co.uk/news/latest-news/353169/WHAT-DID-THIS-PYTHON-EAT-Shocking-photo-sparks-rumour-snake-ate-human",
          "link_type": "results"
        },
        {
          "domain": "lunaticoutpost.com",
          "link": "http://lunaticoutpost.com/archive/index.php?thread-372236-2.html",
          "link_type": "results"
        }
      ]
    },
    {
      "results": [
        {
          "domain": "www.jonjonesmusic.com",
          "link": "http://www.jonjonesmusic.com/man-eaten-by-giant-snake.html",
          "link_type": "results"
        },
        {
          "domain": "www.scoopwhoop.com",
          "link": "http://www.scoopwhoop.com/inothernews/indian-internet-hoaxes/",
          "link_type": "results"
        },
        {
          "domain": "www.pinterest.com",
          "link": "https://www.pinterest.com/pin/56576539042772929/",
          "link_type": "results"
        },
        {
          "domain": "www.indiatimes.com",
          "link": "http://www.indiatimes.com/culture/10-internet-hoaxes-that-made-fools-out-of-all-of-us-228588.html",
          "link_type": "results"
        },
        {
          "domain": "indiatoday.intoday.in",
          "link": "http://indiatoday.intoday.in/story/viral-story-of-drunk-man-eaten-by-python-in-india---is-fake/1/327021.html",
          "link_type": "results"
        },
        {
          "domain": "vulcanpost.com",
          "link": "https://vulcanpost.com/2437/huge-python-eats-man-latest-hoax-on-internet-be-careful-with-what-you-read/",
          "link_type": "results"
        },
        {
          "domain": "topekasnews.com",
          "link": "http://topekasnews.com/python-eats-passed-drunk-guy-india/",
          "link_type": "results"
        },
        {
          "domain": "www.234pulse.com",
          "link": "http://www.234pulse.com/2015/12/amazing-photographs-of-the-terrifying-moment-a-carpet-python-swallows-a-king-parrot-whole-while-hanging-from-the-roof-of-a-womans-home/",
          "link_type": "results"
        },
        {
          "domain": "lockerdome.com",
          "link": "https://lockerdome.com/wafflesatnoon/7219858647687188",
          "link_type": "results"
        },
        {
          "domain": "www.mirror.co.uk",
          "link": "http://www.mirror.co.uk/news/weird-news/amazing-photograph-shows-moment-two-4842118",
          "link_type": "results"
        }
      ]
    }
  ]
}