{
  "Origins": "We began seeing this dire warning about checking the contents of one's tea kettle in August 2013. At that time, the type of spider that supposedly caused the deaths of six people was not specified, but later iterations of the hoax included three photos of brown recluse spiders perched on coins (to give viewers a better sense of their size) while the text of the warning identified the displayed arachnids as violin spiders.",
  "Fact Check": "",
  "Description": "Violin spiders are native to South Africa and are closely related to the brown recluse spiders of North America. The bite of either is a horrific thing to endure, and searches on the web will quickly turn up a myriad of photos of gruesome injuries resulting from such attacks. However, that the venom of both sorts of spiders can cause nasty injuries when injected into unwitting victims does not mean that either of these arachnids is poisonous. Spiders are venomous, not poisonous, which means for their venom to have a deleterious effect, it has to enter the bloodstream or the lymphatic system of the victim, which would not happen were someone to drink water in which a venomous (even a highly venomous) spider had been stewed to death. Moreover, such a toxin would be exceedingly unlikely to survive with much potency after having been diluted with enough water to brew tea for six people and then boiled thoroughly on top of that. Barbara \"rolling in the steep\" Mikkelson",
  "Originally Published": "",
  "Referred Links": "",
  "Example": "[Collected via e-mail, February 2014] If you slept with water in the kettle don't use it the next day. Please, ensure u re-rinse your kettle before using it in the morning. A family of 6 was found dead and a research was made that a deadly spider was found inside the kettle of which they drank tea from. Please, help and broadcast to all your contacts. This is serious guys, life can be taken by something so small.",
  "Last Updated": "20 March 2014",
  "Credibility": "false",
  "URL": "www.snopes.com/horrors/insects/kettle.asp",
  "Claim": "A family perished after drinking tea from a kettle in which a deadly spider had died.",
  "Claim_ID": "horrors_insects_kettle",
  "Tags": "",
  "Google Results": [
    {
      "results": [
        {
          "domain": "www.snopes.com",
          "link": "http://www.snopes.com/horrors/insects/kettle.asp",
          "link_type": "results"
        },
        {
          "domain": "www.facebook.com",
          "link": "https://www.facebook.com/snopes/posts/224635541069601",
          "link_type": "results"
        },
        {
          "domain": "www.useditem.org",
          "link": "http://www.useditem.org/hoax-new-spider-in-us-that-kills-5345339/",
          "link_type": "results"
        },
        {
          "domain": "groups.google.com",
          "link": "https://groups.google.com/d/topic/christiansunchained/8ahrakmXlB4",
          "link_type": "results"
        },
        {
          "domain": "camelopardid2.rssing.com",
          "link": "http://camelopardid2.rssing.com/chan-1192507/all_p73.html",
          "link_type": "results"
        },
        {
          "domain": "tongue-shaped.rssing.com",
          "link": "http://tongue-shaped.rssing.com/chan-1762436/all_p76.html",
          "link_type": "results"
        },
        {
          "domain": "m.delphiforums.com",
          "link": "http://m.delphiforums.com/newtish/messages/46433/239",
          "link_type": "results"
        },
        {
          "domain": "m.delphiforums.com",
          "link": "http://m.delphiforums.com/newtish/messages/46433/238",
          "link_type": "results"
        },
        {
          "domain": "m.delphiforums.com",
          "link": "http://m.delphiforums.com/newtish/messages/46433/236",
          "link_type": "results"
        },
        {
          "domain": "www.iranian95.ga",
          "link": "http://www.iranian95.ga/tag/lqp+79+Virus/",
          "link_type": "results"
        }
      ]
    },
    {
      "results": [
        {
          "domain": "www.sjpba.net",
          "link": "http://www.sjpba.net/Farsider/032714.htm",
          "link_type": "results"
        },
        {
          "domain": "www.goftavard.gq",
          "link": "http://www.goftavard.gq/c/lqp+79+Virus/",
          "link_type": "results"
        },
        {
          "domain": "www.eldritchpress.org",
          "link": "http://www.eldritchpress.org/nh/sg05.html",
          "link_type": "results"
        },
        {
          "domain": "adventuretime.wikia.com",
          "link": "http://adventuretime.wikia.com/wiki/Flame_Princess",
          "link_type": "results"
        },
        {
          "domain": "digital.library.upenn.edu",
          "link": "http://digital.library.upenn.edu/women/sheil/persia/persia.html",
          "link_type": "results"
        },
        {
          "domain": "pankmagazine.com",
          "link": "http://pankmagazine.com/piece/the-oath/",
          "link_type": "results"
        },
        {
          "domain": "www.sequoyalitmag.com",
          "link": "http://www.sequoyalitmag.com/#!poetry-2014/c51v",
          "link_type": "results"
        },
        {
          "domain": "www.travelsandtrunks.com",
          "link": "http://www.travelsandtrunks.com/post/131268888069/mae-hong-son-trek-our-group-for-a-three-day-eco",
          "link_type": "results"
        },
        {
          "domain": "recorderstandard.com",
          "link": "http://recorderstandard.com/2016/01/the-electric-tea-kettle-gets-a-makeover/",
          "link_type": "results"
        }
      ]
    },
    {
      "results": [
        {
          "domain": "mascarareview.com",
          "link": "http://mascarareview.com/tag/issue-nine-may-2011/page/2/",
          "link_type": "results"
        },
        {
          "domain": "www.roerich.org",
          "link": "http://www.roerich.org/roerich-writings-altai-himalaya.php",
          "link_type": "results"
        },
        {
          "domain": "quantumbiologist.wordpress.com",
          "link": "https://quantumbiologist.wordpress.com/tag/cryptozoology/feed/",
          "link_type": "results"
        },
        {
          "domain": "andthenweallhadtea.blogspot.com",
          "link": "http://andthenweallhadtea.blogspot.com/2014/09/is-it-gone-yet.html",
          "link_type": "results"
        },
        {
          "domain": "samlib.ru",
          "link": "http://samlib.ru/a/as_w/moon-3.shtml",
          "link_type": "results"
        },
        {
          "domain": "forum.paradoxplaza.com",
          "link": "https://forum.paradoxplaza.com/forum/index.php?threads/forum-game-phoenix-reign-crown-of-temeria.886212/page-2",
          "link_type": "results"
        },
        {
          "domain": "societyofmossandlace.com",
          "link": "http://societyofmossandlace.com/tag/magic/",
          "link_type": "results"
        },
        {
          "domain": "www.christiebooks.com",
          "link": "http://www.christiebooks.com/ChristieBooksWP/2014/05/adventures-in-bukhara-tales-of-khoja-nasreddin-by-leonid-solovyev-part-2/",
          "link_type": "results"
        },
        {
          "domain": "severbronny.com",
          "link": "http://severbronny.com/preview/",
          "link_type": "results"
        }
      ]
    }
  ]
}