{
  "Origins": "",
  "Fact Check": "",
  "Description": "",
  "Originally Published": "",
  "Referred Links": "",
  "Example": "",
  "Last Updated": "",
  "Credibility": "true",
  "URL": "www.snopes.com/horrors/freakish/onstage.asp",
  "Claim": "Several actors have kicked the bucket in front of an audience.",
  "Claim_ID": "horrors_freakish_onstage",
  "Tags": "",
  "Google Results": [
    {
      "results": [
        {
          "domain": "www.snopes.com",
          "link": "http://www.snopes.com/horrors/freakish/onstage.asp",
          "link_type": "results"
        },
        {
          "domain": "www.bukuhp.com",
          "link": "http://www.bukuhp.com/sports-legends-that-have-died",
          "link_type": "results"
        },
        {
          "domain": "en.wikipedia.org",
          "link": "https://en.wikipedia.org/wiki/Dead_Parrot_sketch",
          "link_type": "results"
        },
        {
          "domain": "alt.obituaries.narkive.com",
          "link": "http://alt.obituaries.narkive.com/S5loVzep/has-anyone-died-in-front-of-a-studio-audience",
          "link_type": "results"
        },
        {
          "domain": "books.google.com.mx",
          "link": "https://books.google.com.mx/books?id=JmfUAwAAQBAJ&pg=PA69&lpg=PA69&dq=Several+actors+have+kicked+the+bucket+in+front+of+an+audience.&source=bl&ots=p5gekzNbr4&sig=m57c-zug8Ehm2q0PMv62S8QACQc&hl=en&sa=X&ved=0ahUKEwi4wcz--L7KAhWhvIMKHUbRABIQ6AEIMDAE",
          "link_type": "results"
        },
        {
          "domain": "www.imdb.com",
          "link": "http://www.imdb.com/title/tt0164181/trivia",
          "link_type": "results"
        },
        {
          "domain": "www.telegraph.co.uk",
          "link": "http://www.telegraph.co.uk/culture/tvandradio/11671172/tfi-friday-live.html",
          "link_type": "results"
        },
        {
          "domain": "www.telegraph.co.uk",
          "link": "http://www.telegraph.co.uk/culture/film/film-news/10062098/Jack-Nicholson-is-still-the-king-of-acting-for-me.html",
          "link_type": "results"
        },
        {
          "domain": "books.google.com.mx",
          "link": "https://books.google.com.mx/books?id=oKlLCAAAQBAJ&pg=PT164&lpg=PT164&dq=Several+actors+have+kicked+the+bucket+in+front+of+an+audience.&source=bl&ots=eVDzl27bpn&sig=zeque77WT5dLEdJaz2fjeMCxnco&hl=en&sa=X&ved=0ahUKEwi4wcz--L7KAhWhvIMKHUbRABIQ6AEIRDAI",
          "link_type": "results"
        }
      ]
    },
    {
      "results": [
        {
          "domain": "books.google.com.mx",
          "link": "https://books.google.com.mx/books?id=2CoEAAAAMBAJ&pg=PA28&lpg=PA28&dq=Several+actors+have+kicked+the+bucket+in+front+of+an+audience.&source=bl&ots=jjPYOdApvK&sig=THOkbvnp3uuWU9WpPVJ5u_JlMss&hl=en&sa=X&ved=0ahUKEwj9lcmA-b7KAhXIlYMKHRyzAZg4ChDoAQgZMAA",
          "link_type": "results"
        },
        {
          "domain": "www.conversations.org",
          "link": "http://www.conversations.org/story.php?sid=219",
          "link_type": "results"
        },
        {
          "domain": "www.thesource4ym.com",
          "link": "http://www.thesource4ym.com/games/upfront.asp",
          "link_type": "results"
        },
        {
          "domain": "owenoakeshott.com",
          "link": "http://owenoakeshott.com/",
          "link_type": "results"
        },
        {
          "domain": "www.goodmagic.com",
          "link": "http://www.goodmagic.com/carny/c_a.htm",
          "link_type": "results"
        },
        {
          "domain": "www.rottentomatoes.com",
          "link": "http://www.rottentomatoes.com/m/last_vegas_2013/reviews/?type=user",
          "link_type": "results"
        },
        {
          "domain": "www.ideasbychuck.com",
          "link": "http://www.ideasbychuck.com/2008/08/bucket-list-tv-show.html",
          "link_type": "results"
        },
        {
          "domain": "books.google.com.mx",
          "link": "https://books.google.com.mx/books?id=uTqyCQAAQBAJ&pg=PA52&lpg=PA52&dq=Several+actors+have+kicked+the+bucket+in+front+of+an+audience.&source=bl&ots=qsU3wUBNU_&sig=QN-zXMy4ydFoLsE157LqQzVqZ3I&hl=en&sa=X&ved=0ahUKEwj9lcmA-b7KAhXIlYMKHRyzAZg4ChDoAQhDMAg",
          "link_type": "results"
        },
        {
          "domain": "www.nytimes.com",
          "link": "http://www.nytimes.com/2013/12/01/theater/stacy-keach-recalls-his-own-favorite-death-scenes.html",
          "link_type": "results"
        }
      ]
    },
    {
      "results": [
        {
          "domain": "www.dailymail.co.uk",
          "link": "http://www.dailymail.co.uk/news/article-2525695/Acrobat-breaks-neck-live-camera-trying-break-world-record-jumping-panes-glass-appeals-100-000-recovery-money.html",
          "link_type": "results"
        },
        {
          "domain": "www.palmspringslife.com",
          "link": "http://www.palmspringslife.com/Palm-Springs-Life/December-2013/The-Last-Goodbye/",
          "link_type": "results"
        },
        {
          "domain": "beabetterblogger.com",
          "link": "http://beabetterblogger.com/overcoming-fears/",
          "link_type": "results"
        },
        {
          "domain": "2012books.lardbucket.org",
          "link": "http://2012books.lardbucket.org/books/a-primer-on-communication-studies/s09-preparing-a-speech.html",
          "link_type": "results"
        },
        {
          "domain": "www.jesus-is-savior.com",
          "link": "http://www.jesus-is-savior.com/Evils%20in%20America/marilyn_manson-the_truth.htm",
          "link_type": "results"
        },
        {
          "domain": "performing.artshub.com.au",
          "link": "http://performing.artshub.com.au/news-article/reviews/performing-arts/reuben-liversidge/oedipus-schmoedipus-247967",
          "link_type": "results"
        },
        {
          "domain": "books.google.com.mx",
          "link": "https://books.google.com.mx/books?id=c8c_DGdQIXUC&pg=PA51&lpg=PA51&dq=Several+actors+have+kicked+the+bucket+in+front+of+an+audience.&source=bl&ots=AtW9BqCwRd&sig=BgQcuiX68t0tIwLKrhQevNNzcEE&hl=en&sa=X&ved=0ahUKEwj59MKB-b7KAhUiv4MKHUOSDcE4FBDoAQg9MAY",
          "link_type": "results"
        },
        {
          "domain": "books.google.com.mx",
          "link": "https://books.google.com.mx/books?id=1xTUO7zStYQC&pg=PA346&lpg=PA346&dq=Several+actors+have+kicked+the+bucket+in+front+of+an+audience.&source=bl&ots=sF5CgbS6Wz&sig=DIQ9U0L_f0S5wjAwt0IFXXMMydc&hl=en&sa=X&ved=0ahUKEwj59MKB-b7KAhUiv4MKHUOSDcE4FBDoAQhAMAc",
          "link_type": "results"
        },
        {
          "domain": "books.google.com.mx",
          "link": "https://books.google.com.mx/books?id=BLXjdltdDh4C&pg=PT158&lpg=PT158&dq=Several+actors+have+kicked+the+bucket+in+front+of+an+audience.&source=bl&ots=6QFLjw6pDc&sig=LyaZOVmn3rxpjt9VU-RPWuoCfZM&hl=en&sa=X&ved=0ahUKEwj59MKB-b7KAhUiv4MKHUOSDcE4FBDoAQhCMAg",
          "link_type": "results"
        },
        {
          "domain": "www.oakleafcomedy.com",
          "link": "http://www.oakleafcomedy.com/alumni-bios.html",
          "link_type": "results"
        }
      ]
    }
  ]
}