{
  "Origins": "In August 1996 this story was included in a \"Darwin Awards\" mailing, marking its first appearance on the Internet. No attribution to a specific news source from which this account might have been harvested was given, but the date of the unfortunate sleeper's demise was pegged as 25 March 1993. The story has since circulated on numerous \"dumb deaths\" lists, sometimes with a specious \"Bloomberg News\" tag attached.",
  "Fact Check": "",
  "Description": "Disabuse yourself of any notion that such a death occurred. Not only don't any bona fide news accounts detailing this bucket-kicking exist, but it isn't even really plausible that someone would die in such a situation gas expelled from the body may be noisome, but it isn't \"poisonous.\" (As for the room's filling up with bodily emissions that somehow \"used up all the oxygen\" and resulted in the sleeper's dying of suffocation instead of poisoning, the volume of air that would have to be replaced for this scenario to be real is simply way too great.) In other words, this was all just a made-up story. That it circulates as a \"This is true!\" shocker shouldn't be taken as proof of anything other than the sender's gullibility. From a folklorist's point of view, a far better tale is the venerable \" Fart in the Dark \" legend. In that story, the gaseous emissions of the victim don't kill her, though she fervently wishes they had (anything to be spared the embarrassment of the moment!). Barbara \"gas masked\" Mikkelson",
  "Originally Published": "",
  "Referred Links": "",
  "Example": "[Collected on the Internet, 1997] A terrible diet and room with no ventilation are being blamed for the death of a man who was killed by his own gas. There was no mark on his body but an autopsy showed large amounts of methane gas in his system. His diet had consisted primarily of beans and cabbage (and a couple of other things). It was just the right combination of foods. It appears that the man died in his sleep from breathing the poisonous cloud that was hanging over his bed. Had he been outside or had his windows been opened, it wouldn't have been fatal, but the man was shut up in his near airtight bedroom. According to the article, \"He was a big man with a huge capacity for creating 'this deadly gas.'\" Three of the rescuers got sick and one was hospitalized.",
  "Last Updated": "17 March 2007",
  "Credibility": "false",
  "URL": "www.snopes.com/humor/follies/methane.asp",
  "Claim": "Man dies in his sleep from breathing in his own farts.",
  "Claim_ID": "humor_follies_methane",
  "Tags": "",
  "Google Results": [
    {
      "results": [
        {
          "domain": "www.abxzone.com",
          "link": "http://www.abxzone.com/forums/showthread.php?t=8632",
          "link_type": "results"
        },
        {
          "domain": "www.snopes.com",
          "link": "http://www.snopes.com/humor/follies/methane.asp",
          "link_type": "results"
        },
        {
          "domain": "www.ign.com",
          "link": "http://www.ign.com/boards/threads/fat-man-farts-himself-to-death.452745968/",
          "link_type": "results"
        },
        {
          "domain": "www.darwinawards.com",
          "link": "http://www.darwinawards.com/legends/legends1998-12.html",
          "link_type": "results"
        },
        {
          "domain": "skeptics.stackexchange.com",
          "link": "http://skeptics.stackexchange.com/questions/8528/can-you-die-from-breathing-your-own-farts",
          "link_type": "results"
        },
        {
          "domain": "forums.officer.com",
          "link": "http://forums.officer.com/t1093/",
          "link_type": "results"
        },
        {
          "domain": "www.sandiegoreader.com",
          "link": "http://www.sandiegoreader.com/news/2002/nov/14/fart-kills-man-film-11/",
          "link_type": "results"
        },
        {
          "domain": "www.vice.com",
          "link": "http://www.vice.com/read/can-you-kill-someone-with-farts-971",
          "link_type": "results"
        },
        {
          "domain": "www.mmo-champion.com",
          "link": "http://www.mmo-champion.com/threads/1240085-Died-from-inhaling-own-fart",
          "link_type": "results"
        },
        {
          "domain": "www.disease-treatment.com",
          "link": "http://www.disease-treatment.com/showthread.php?t=127929",
          "link_type": "results"
        }
      ]
    },
    {
      "results": [
        {
          "domain": "books.google.com.mx",
          "link": "https://books.google.com.mx/books?id=sXJWMf77j54C&pg=PA4&lpg=PA4&dq=Man+dies+in+his+sleep+from+breathing+in+his+own+farts.&source=bl&ots=1sH6qMIXqm&sig=ieP_yOik7ktBGLjBoMeNyiDUugU&hl=en&sa=X&ved=0ahUKEwiq3OOBisDKAhXklIMKHbGvBsg4ChDoAQgZMAA",
          "link_type": "results"
        },
        {
          "domain": "boards.straightdope.com",
          "link": "http://boards.straightdope.com/sdmb/archive/index.php/t-280638.html",
          "link_type": "results"
        },
        {
          "domain": "hoaxes.org",
          "link": "http://hoaxes.org/forums/viewthread/4317/",
          "link_type": "results"
        },
        {
          "domain": "books.google.com.mx",
          "link": "https://books.google.com.mx/books?id=vRAs2CM-tQUC&pg=PA84&lpg=PA84&dq=Man+dies+in+his+sleep+from+breathing+in+his+own+farts.&source=bl&ots=5KHQgAQZTQ&sig=lRsW4tdDot7uSS4ylRp9-bH9-ic&hl=en&sa=X&ved=0ahUKEwiq3OOBisDKAhXklIMKHbGvBsg4ChDoAQgqMAM",
          "link_type": "results"
        },
        {
          "domain": "www.godlikeproductions.com",
          "link": "http://www.godlikeproductions.com/forum1/message2430857/pg2",
          "link_type": "results"
        },
        {
          "domain": "books.google.com.mx",
          "link": "https://books.google.com.mx/books?id=K6Bg7yg1iWsC&pg=PT190&lpg=PT190&dq=Man+dies+in+his+sleep+from+breathing+in+his+own+farts.&source=bl&ots=FTbtZf3GIn&sig=WHFc8viaxegV0nwb_Llvfhaic58&hl=en&sa=X&ved=0ahUKEwiq3OOBisDKAhXklIMKHbGvBsg4ChDoAQgzMAU",
          "link_type": "results"
        },
        {
          "domain": "www.facebook.com",
          "link": "https://www.facebook.com/permalink.php?id=111262218919282&story_fbid=423657434346424",
          "link_type": "results"
        },
        {
          "domain": "www.ronsonwriter.com",
          "link": "http://www.ronsonwriter.com/content/view/69/9/",
          "link_type": "results"
        },
        {
          "domain": "books.google.com.mx",
          "link": "https://books.google.com.mx/books?id=owq1rhAHxfwC&pg=PA285&lpg=PA285&dq=Man+dies+in+his+sleep+from+breathing+in+his+own+farts.&source=bl&ots=Fz93QqgyoW&sig=6Kmc4z9fjShRXcsePEG4SOm4SgU&hl=en&sa=X&ved=0ahUKEwiq3OOBisDKAhXklIMKHbGvBsg4ChDoAQhDMAg",
          "link_type": "results"
        },
        {
          "domain": "www.heptune.com",
          "link": "http://www.heptune.com/farts.html",
          "link_type": "results"
        }
      ]
    },
    {
      "results": [
        {
          "domain": "sci.rutgers.edu",
          "link": "http://sci.rutgers.edu/forum/showthread.php?28789-FACTS-ON-FARTS-)",
          "link_type": "results"
        },
        {
          "domain": "lunaticoutpost.com",
          "link": "https://lunaticoutpost.com/Topic-breathtarians-could-they-possibly?pid=6150657",
          "link_type": "results"
        },
        {
          "domain": "en.wikipedia.org",
          "link": "https://en.wikipedia.org/wiki/1000_Ways_to_Die_(season_2)",
          "link_type": "results"
        },
        {
          "domain": "gizmodo.com",
          "link": "http://gizmodo.com/the-truth-about-your-flammable-farts-1717433313",
          "link_type": "results"
        },
        {
          "domain": "isitnormal.com",
          "link": "http://isitnormal.com/story/i-like-the-smell-of-my-own-farts-26174/",
          "link_type": "results"
        },
        {
          "domain": "www.cracked.com",
          "link": "http://www.cracked.com/article_16133_the-5-historical-figures-who-died-weirdest-deaths.html",
          "link_type": "results"
        },
        {
          "domain": "www.unexplained-mysteries.com",
          "link": "http://www.unexplained-mysteries.com/forum/index.php?showtopic=208477",
          "link_type": "results"
        },
        {
          "domain": "books.google.com.mx",
          "link": "https://books.google.com.mx/books?id=OCphBQAAQBAJ&pg=PT16&lpg=PT16&dq=Man+dies+in+his+sleep+from+breathing+in+his+own+farts.&source=bl&ots=nFZ0rbdRr8&sig=kOPlvNpAMnfXF4FZXovJ6kDtcfM&hl=en&sa=X&ved=0ahUKEwi15sSCisDKAhVsmoMKHfIkAA04FBDoAQhIMAc",
          "link_type": "results"
        },
        {
          "domain": "sfglobe.com",
          "link": "http://sfglobe.com/2015/03/12/this-sleeping-newborn-is-awakened-by-his-own-fart/",
          "link_type": "results"
        },
        {
          "domain": "www.forums.purebasic.com",
          "link": "http://www.forums.purebasic.com/english/viewtopic.php?f=17&t=59900",
          "link_type": "results"
        }
      ]
    }
  ]
}