{
  "Origins": "For as long as people have indulged their fantasies by imagining what they'd ask for if they were granted three wishes, smart alecks have suggested circumventing the rules by wishing for more wishes. The \"wish for more wishes\" motif is now such a common one that in the 1992 Disney animated film version of Aladdin , the wish-granting Genie whom the title character encounters specifically includes it among the list of requests he cannot grant: Rule number one: I can't kill anybody, so don't ask. Rule number two: I can't make anybody fall in love. Rule number three: I can't bring people back from the dead. Finally, no wishing for more wishes! This premise was the basis for a January 2008 spoof video produced by The Onion, a satirical publication. Entitled \"Child Bankrupts Make-A-Wish Foundation with Wish for Unlimited Wishes,\" the clip presents two hosts on the fictional morning television show today NOW! discussing the case of Chad Carter, a 8-year-old Boston boy suffering from leukemia who \"took advantage of some bureaucratic loophole\" in the charter of the Make-A-Wish Foundation to demand that the organization provide him with unlimited wishes. Chad's \"non-stop wish fulfillment\" has grown to include \"nine trips to Walt Disney World for himself and his family of five,\" \"a real live F-14 Tomcat (which had to be decommissioned from Afghanistan),\" and \"daily hot dog lunches with Yankee slugger Johnny Damon,\" with the result that Chad alone has cost the Make-A-Wish Foundation five times its annual budget.",
  "Fact Check": "",
  "Description": "It's all just a bit of whimsical fun, of course, but many readers have inquired of us whether the clip is real. Apparently the video is such a well-produced imitation of morning television programming that some viewers either didn't realize it originated with The Onion or were unfamiliar with the satirical nature of that source.",
  "Originally Published": "",
  "Referred Links": "http://www.theonion.com/content/video/child_bankrupts_make_a_wish_0;",
  "Example": "[Collected on the Internet, January 2008] There is a video circulating on myspace about the make a wish foundation and an 8 yr old boy named Chad Carter. the video is done on the set of the \"Today Now\" show (don't know if that's a real show or not) and claims that Make a wish is filing for bankruptcy due to a loophole in their contracts. The boy wished for unlimited wishes and is said to have made many extremely outrageous wishes including 9 trips to Disneyland.",
  "Last Updated": "31 January 2008",
  "Credibility": "false",
  "URL": "www.snopes.com/humor/iftrue/makeawish.asp",
  "Claim": "The Make-A-Wish Foundation is being driven into bankruptcy by a child who wished for unlimited wishes.",
  "Claim_ID": "humor_iftrue_makeawish",
  "Tags": "",
  "Google Results": [
    {
      "results": [
        {
          "domain": "",
          "link": "/aclk?sa=l&ai=CU2nUHeejVt23L4OJpQPamY24BpaXmMgH9svUvKsCusyNCwgDEAFg5YOAgKgWoAGKu6DXA8gBAaoEKk_QIlme34ksORPqX_EydabNdtQhlTavLW8ThlAxSkuDm85j77hmXjSQf4AH3sTfKJAHA6gHpr4b2AcB&sig=AOD64_3eIBEubn0g5OqgSu_aX1tcpXz2MA&clui=0&q=&ved=0ahUKEwjG6bWq58DKAhUsmYMKHYQXBroQ0QwIUA&adurl=http://www.makeawish.mx/index.php/en/donaciones/dona-tus-kilometros-millas",
          "link_type": "ads_main"
        },
        {
          "domain": "www.snopes.com",
          "link": "http://www.snopes.com/humor/iftrue/makeawish.asp",
          "link_type": "results"
        },
        {
          "domain": "www.slideshare.net",
          "link": "http://www.slideshare.net/Rozy65/itroundup19doc",
          "link_type": "results"
        },
        {
          "domain": "www.drugfree.org",
          "link": "http://www.drugfree.org/what-i-wish-i-had-done-differently-with-my-addicted-son/",
          "link_type": "results"
        },
        {
          "domain": "www.nowandfutures.com",
          "link": "http://www.nowandfutures.com/quotes.html",
          "link_type": "results"
        },
        {
          "domain": "xroads.virginia.edu",
          "link": "http://xroads.virginia.edu/~hyper/walden/Essays/life.html",
          "link_type": "results"
        },
        {
          "domain": "www.antipope.org",
          "link": "http://www.antipope.org/charlie/blog-static/2011/10/three-wishes.html",
          "link_type": "results"
        },
        {
          "domain": "www.gutenberg.org",
          "link": "http://www.gutenberg.org/files/18569/18569-h/18569-h.htm",
          "link_type": "results"
        },
        {
          "domain": "www.gutenberg.org",
          "link": "https://www.gutenberg.org/files/1260/1260-h/1260-h.htm",
          "link_type": "results"
        },
        {
          "domain": "users.dickinson.edu",
          "link": "http://users.dickinson.edu/~osborne/404_98/whitep.htm",
          "link_type": "results"
        }
      ]
    },
    {
      "results": [
        {
          "domain": "antimatrix.org",
          "link": "http://antimatrix.org/Convert/Books/Benjamin_Fulford/Benjamin_Fulford_Reports.html",
          "link_type": "results"
        },
        {
          "domain": "waitbutwhy.com",
          "link": "http://waitbutwhy.com/2015/01/artificial-intelligence-revolution-2.html",
          "link_type": "results"
        },
        {
          "domain": "www.encyclopedia.com",
          "link": "http://www.encyclopedia.com/topic/France.aspx",
          "link_type": "results"
        },
        {
          "domain": "realitybloger.wordpress.com",
          "link": "https://realitybloger.wordpress.com/",
          "link_type": "results"
        },
        {
          "domain": "www.ncbi.nlm.nih.gov",
          "link": "http://www.ncbi.nlm.nih.gov/pmc/articles/PMC2880439/",
          "link_type": "results"
        },
        {
          "domain": "en.wikipedia.org",
          "link": "https://en.wikipedia.org/wiki/List_of_EastEnders_two-hander_episodes",
          "link_type": "results"
        },
        {
          "domain": "www3.nd.edu",
          "link": "http://www3.nd.edu/~afreddos/courses/439/orthodoxy2-3.htm",
          "link_type": "results"
        },
        {
          "domain": "www.cs.brandeis.edu",
          "link": "http://www.cs.brandeis.edu/~arum/ling190/pres/anc/TheStory.txt",
          "link_type": "results"
        }
      ]
    },
    {
      "results": [
        {
          "domain": "thoughtinfection.com",
          "link": "http://thoughtinfection.com/",
          "link_type": "results"
        },
        {
          "domain": "thememorybank.co.uk",
          "link": "http://thememorybank.co.uk/book/chapter-6/",
          "link_type": "results"
        },
        {
          "domain": "www.realjewnews.com",
          "link": "http://www.realjewnews.com/?p=1073",
          "link_type": "results"
        },
        {
          "domain": "www.marxists.org",
          "link": "https://www.marxists.org/archive/james-clr/works/diamat/diamat47.htm",
          "link_type": "results"
        },
        {
          "domain": "psychclassics.yorku.ca",
          "link": "http://psychclassics.yorku.ca/Freud/Dreams/dreams5b.htm",
          "link_type": "results"
        },
        {
          "domain": "biblehub.com",
          "link": "http://biblehub.com/commentaries/illustrator/ecclesiastes/12.htm",
          "link_type": "results"
        },
        {
          "domain": "shiftwa.org",
          "link": "https://shiftwa.org/more-seattle-restaurants-close-doors-as-15-minimum-wage-approaches/",
          "link_type": "results"
        },
        {
          "domain": "www.phonemicchart.com",
          "link": "http://www.phonemicchart.com/transcribe/biglist.html",
          "link_type": "results"
        }
      ]
    }
  ]
}