{
  "Origins": "There's nothing subtle here, just an outrageously transparent attempt to scam people into divulging their credit card information by conning them into believing they've been charged $234.65 for some type of transaction associated with money laundering or child pornography. (The hook is that if the recipient falls for the scam, even if he selects \"No\" he still believes he has to type in his credit card information so the scammers will know which card not to charge.)",
  "Fact Check": "",
  "Description": "This \"laundry\" scam was originally spammed to many inboxes back in August 2003. It made another appearance in September 2003 with different contacts listed at the bottom: icq: 181184; admin@carderportal.com - Err0r32; icq: 106561; svs@paris.com - Fidel Since an earlier \"joe job\" directed at the web site DarkProfits was also amended to include the carderportal.com domain name in September 2003, the resurrection of this scam appears to be more of an attempt to cause trouble for the target domain than a real effort to collect credit card information. Some of these e-mails sport \"From\" lines that say they originated with DarkProfits.com, further underscoring this possibility. Either way, the best approach to this type of message is to simply delete it don't respond to it, and don't under any circumstances fill out the fields with valid credit card information. If you're truly concerned that unauthorized charges may have been placed on one of your credit cards, contact the credit card company directly.",
  "Originally Published": "",
  "Referred Links": "",
  "Example": "[Collected on the Internet, 2003] You credit card has been charged for $234.65 Important notice We have just charged your credit card for money laundry service in amount of $234.65 (because you are either child pornography webmaster or deal with dirty money, which require us to layndry them and then send to your checking account). If you feel this transaction was made by our mistake, please press \"No\". If you confirm this transaction, please press \"Yes\" and fill in the form below. Enter your credit card number here: Enter your credit card expiration date: Contacts: Phone: +5982 902 5627 Fax: +5982 902 3114 E-mail: support@fethard.biz ICQ: 156746629",
  "Last Updated": "6 January 2008",
  "Credibility": "false",
  "URL": "www.snopes.com/inboxer/scams/laundry.asp",
  "Claim": "Your credit card has been charged $234.65 for \"laundry service.\"",
  "Claim_ID": "inboxer_scams_laundry",
  "Tags": "",
  "Google Results": [
    {
      "results": [
        {
          "domain": "www.snopes.com",
          "link": "http://www.snopes.com/INBOXER/scams/laundry.asp",
          "link_type": "results"
        },
        {
          "domain": "books.google.com.mx",
          "link": "https://books.google.com.mx/books?id=Ljsdn7vckokC&pg=PA67&lpg=PA67&dq=Your+credit+card+has+been+charged+$234.65+for+%22laundry+service.%22&source=bl&ots=m8eCXStRNq&sig=_VFRjMtZvE_wXq7763hpx_RKFk8&hl=en&sa=X&ved=0ahUKEwjX99vI5cLKAhXpr4MKHZ2QAJUQ6AEIHDAB",
          "link_type": "results"
        },
        {
          "domain": "books.google.com.mx",
          "link": "https://books.google.com.mx/books?id=nbdWCgAAQBAJ&pg=PT83&lpg=PT83&dq=Your+credit+card+has+been+charged+$234.65+for+%22laundry+service.%22&source=bl&ots=Ev0ka76-D-&sig=4K7WHp3xZUiJRkEW8nNh3DXPbTQ&hl=en&sa=X&ved=0ahUKEwjX99vI5cLKAhXpr4MKHZ2QAJUQ6AEIHzAC",
          "link_type": "results"
        },
        {
          "domain": "books.google.com.mx",
          "link": "https://books.google.com.mx/books?id=A1qLNe6yd10C&pg=PT339&lpg=PT339&dq=Your+credit+card+has+been+charged+$234.65+for+%22laundry+service.%22&source=bl&ots=2SeGIBGPKa&sig=K8drLceEy1Qnbvd5yDnD9cVxpkA&hl=en&sa=X&ved=0ahUKEwjX99vI5cLKAhXpr4MKHZ2QAJUQ6AEIIjAD",
          "link_type": "results"
        },
        {
          "domain": "lists.gnu.org",
          "link": "https://lists.gnu.org/archive/html/bug-bayonne/2003-08/msg00000.html",
          "link_type": "results"
        },
        {
          "domain": "charged183.rssing.com",
          "link": "http://charged183.rssing.com/chan-5911929/all_p1.html",
          "link_type": "results"
        },
        {
          "domain": "www.worth1000.com",
          "link": "http://www.worth1000.com/discussions/7399/your-credit-card-has-been-charged-234-65",
          "link_type": "results"
        },
        {
          "domain": "forums.13x.com",
          "link": "http://forums.13x.com/index.php?threads/another-funny-spam-email.34431/",
          "link_type": "results"
        },
        {
          "domain": "tlug.ss.narkive.com",
          "link": "http://tlug.ss.narkive.com/5V55NvnH/re-you-credit-card-has-been-charged-for-234-65",
          "link_type": "results"
        },
        {
          "domain": "spamcop-list.news.spamcop.narkive.com",
          "link": "http://spamcop-list.news.spamcop.narkive.com/XCBygY1W/you-credit-card-has-been-charged-for-234-65",
          "link_type": "results"
        }
      ]
    },
    {
      "results": [
        {
          "domain": "www.forestexplorers.com",
          "link": "http://www.forestexplorers.com/worldofscam/scamletter7.shtml",
          "link_type": "results"
        },
        {
          "domain": "www.truthorfiction.com",
          "link": "https://www.truthorfiction.com/pornmail/",
          "link_type": "results"
        },
        {
          "domain": "gtalug.org",
          "link": "http://gtalug.org/pipermail/legacy/2003-October/001626.html",
          "link_type": "results"
        },
        {
          "domain": "www.scambusters.org",
          "link": "http://www.scambusters.org/phishing.html",
          "link_type": "results"
        },
        {
          "domain": "www.crime-research.org",
          "link": "http://www.crime-research.org/news/18.02.2004/44/",
          "link_type": "results"
        },
        {
          "domain": "www.prnewswire.com",
          "link": "http://www.prnewswire.com/news-releases/retired-master-forger-offers--four-tips-for-preventing-online-theft-of-your-identity-73023217.html",
          "link_type": "results"
        },
        {
          "domain": "www.dslreports.com",
          "link": "http://www.dslreports.com/forum/r8025096-CarderPortal-org-New-twist",
          "link_type": "results"
        },
        {
          "domain": "67-72chevytrucks.com",
          "link": "http://67-72chevytrucks.com/vboard//showthread.php?t=69610",
          "link_type": "results"
        },
        {
          "domain": "www.antispam-ev.de",
          "link": "https://www.antispam-ev.de/forum/showthread.php?3547-UCE-You-credit-card-has-been-charged-for-234-65",
          "link_type": "results"
        },
        {
          "domain": "www.accountantforums.com",
          "link": "http://www.accountantforums.com/threads/very-disturbing-email.122735/",
          "link_type": "results"
        },
        {
          "domain": "",
          "link": "/aclk?sa=L&ai=Cy44TtvGkVvmdE4uopgPV05nQDf3b9KMG3erZ82qRg9_dBAgDEAFg5YOAgKgWkAECyAEBqQI0wFq0Rh2yPqoEJ0_QQqHHjw8aeQxZYNXtG82btNP1baH7k1D3UuLgKtmuu1SorOQRnIAH_IdJkAcDqAemvhvYBwE&sig=AOD64_0Au1Bh_P9ZouBJZYoiimd-ApgolA&clui=0&q=&ved=0ahUKEwiS1OzJ5cLKAhWlmIMKHaN7AGI4ChDRDAhX&adurl=http://www.girbau.com/laundry-project/index/form/PrjAmida/m/3",
          "link_type": "ads_main"
        }
      ]
    },
    {
      "results": [
        {
          "domain": "www.digitalhome.ca",
          "link": "http://www.digitalhome.ca/forum/142-2003/8396-spam-day-you-credit-card-has-been-charged-$234-65-a.html",
          "link_type": "results"
        },
        {
          "domain": "www.offshorealert.com",
          "link": "http://www.offshorealert.com/ForumNewTopic.aspx?g=posts&t=36979",
          "link_type": "results"
        },
        {
          "domain": "www.theage.com.au",
          "link": "http://www.theage.com.au/articles/2003/11/01/1067597185972.html",
          "link_type": "results"
        },
        {
          "domain": "www.freerepublic.com",
          "link": "http://www.freerepublic.com/focus/f-news/965574/posts",
          "link_type": "results"
        },
        {
          "domain": "www.joewein.de",
          "link": "http://www.joewein.de/sw/spam-joejob-info.htm",
          "link_type": "results"
        },
        {
          "domain": "groups.google.com",
          "link": "https://groups.google.com/d/topic/news.admin.net-abuse.sightings/z_pfIowGwew",
          "link_type": "results"
        },
        {
          "domain": "www.hangdogs.com",
          "link": "http://www.hangdogs.com/hangdoggerel_803.htm",
          "link_type": "results"
        },
        {
          "domain": "www.electrical-contractor.net",
          "link": "http://www.electrical-contractor.net/forums/ubbthreads.php/topics/30299/Re_A_NEW_Twist.html",
          "link_type": "results"
        },
        {
          "domain": "ccutx.org",
          "link": "https://ccutx.org/resources/security/",
          "link_type": "results"
        },
        {
          "domain": "blog.nozell.com",
          "link": "http://blog.nozell.com/2003_08_01_archive.html",
          "link_type": "results"
        }
      ]
    }
  ]
}