{
  "Origins": "I don't know that this is news people really need to sit down for (even though it concerns my favorite kind of food Free!), but it is indeed true.",
  "Fact Check": "",
  "Description": "On Wednesday, June 20, 2001, the TOGO's sandwich chain will be giving away free sandwiches. The offer comes with a typical set of restrictions, however: You can't order any kind of sandwich you want you can only get a free California Club sandwich (on the west coast) or a free Hot Pastrami sandwich (on the east coast). Where TOGO's considers the dividing line between east and west to be isn't specified. The offer is only good for a few hours each day: 5 P.M. - 8 P.M. in the west and 11 A.M. - 3 P.M. in the east. The usual limitations apply: While suppplies last. Limit one sandwich per customer. Offer good at participating stores only.",
  "Originally Published": "",
  "Referred Links": "http://www.togosspeedlunch.com/togosonline;",
  "Example": "[Collected on the Internet, 2001] Are you sitting down? Good, because on Wednesday, June 20th Togo's is officially losing its mind. We're giving away a free sandwich to every customer. You heard right. It's our way of thanking loyal customers and welcoming new ones to Togo's. While we can't divulge all of our Free Sandwich secrets right now, we can tell you this: If you're in the Eastern half of the U.S. (including Chicago) you'll enjoy our famous Hot Pastrami. And if you're in the Western U.S, you'll get a chance to try our new California Club. Stay tuned for more details . . .",
  "Last Updated": "27 November 2007",
  "Credibility": "true",
  "URL": "www.snopes.com/inboxer/nothing/togos.asp",
  "Claim": "The TOGO's restaurant chain is giving away free sandwiches on Wednesday, 20 June 2001.",
  "Claim_ID": "inboxer_nothing_togos",
  "Tags": "",
  "Google Results": [
    {
      "results": [
        {
          "domain": "www.snopes.com",
          "link": "http://www.snopes.com/Inboxer/nothing/togos.asp",
          "link_type": "results"
        },
        {
          "domain": "www.snopes.com",
          "link": "http://www.snopes.com/inboxer/nothing/nothing.asp",
          "link_type": "results"
        },
        {
          "domain": "www.pinterest.com",
          "link": "https://www.pinterest.com/cinelease/cinelease-commercials-credit-list/",
          "link_type": "results"
        },
        {
          "domain": "www.dennys.com",
          "link": "https://www.dennys.com/",
          "link_type": "results"
        },
        {
          "domain": "www.facebook.com",
          "link": "https://www.facebook.com/applebees",
          "link_type": "results"
        },
        {
          "domain": "www.kosherdelight.com",
          "link": "http://www.kosherdelight.com/Bolivia_All_About_Bolivia.shtml",
          "link_type": "results"
        },
        {
          "domain": "en.wikipedia.org",
          "link": "https://en.wikipedia.org/wiki/Ben_%26_Jerry's",
          "link_type": "results"
        },
        {
          "domain": "www.restaurantnewsrelease.com",
          "link": "http://www.restaurantnewsrelease.com/tag/restaurant-franchise/page/135/",
          "link_type": "results"
        },
        {
          "domain": "www.restaurantnewsrelease.com",
          "link": "http://www.restaurantnewsrelease.com/tag/frozen-yogurt/",
          "link_type": "results"
        },
        {
          "domain": "www.themediadesk.com",
          "link": "http://www.themediadesk.com/files/urban.htm",
          "link_type": "results"
        }
      ]
    },
    {
      "results": [
        {
          "domain": "news.foodfacts.info",
          "link": "http://news.foodfacts.info/2006_10_01_archive.html",
          "link_type": "results"
        },
        {
          "domain": "www.chudenko.com.my",
          "link": "http://www.chudenko.com.my/indexs.asp?2gfu4tlbhf-102",
          "link_type": "results"
        },
        {
          "domain": "www.lonelyplanet.com",
          "link": "https://www.lonelyplanet.com/thorntree/forums/asia-north-east-asia/topics/north-east-asia-branch-frequently-asked-questions-thread",
          "link_type": "results"
        },
        {
          "domain": "www.bikernet.com",
          "link": "http://www.bikernet.com/pages/DAYTONA_BIKE_WEEK_KICK_OFF_PARTY_NEWS_FOR_Thursday_March_6_2014.aspx",
          "link_type": "results"
        },
        {
          "domain": "www.naples-marco-island-florida.com",
          "link": "http://www.naples-marco-island-florida.com/newsletter-sept1-7-2012.html",
          "link_type": "results"
        },
        {
          "domain": "www.iomguide.com",
          "link": "http://www.iomguide.com/news/general-news-archive.php",
          "link_type": "results"
        },
        {
          "domain": "www.locogringo.com",
          "link": "https://www.locogringo.com/tulum-photo-of-the-day-buy-local-at-tulum-fruit-markets/",
          "link_type": "results"
        },
        {
          "domain": "www.locogringo.com",
          "link": "https://www.locogringo.com/mission-possible",
          "link_type": "results"
        }
      ]
    },
    {
      "results": [
        {
          "domain": "www.journeyman.tv",
          "link": "http://www.journeyman.tv/?lid=4105&query=kid",
          "link_type": "results"
        },
        {
          "domain": "lists.washlaw.edu",
          "link": "http://lists.washlaw.edu/pipermail/deathpenalty/2012-June.txt",
          "link_type": "results"
        },
        {
          "domain": "mangroveactionproject.org",
          "link": "http://mangroveactionproject.org/category/events/page/26/",
          "link_type": "results"
        },
        {
          "domain": "buchananclan.org",
          "link": "http://buchananclan.org/thoughts_june2005.html",
          "link_type": "results"
        },
        {
          "domain": "quizlet.com",
          "link": "https://quizlet.com/10157182/religi0n-flash-cards/",
          "link_type": "results"
        },
        {
          "domain": "www.wikiwand.com",
          "link": "http://www.wikiwand.com/en/English_cuisine",
          "link_type": "results"
        },
        {
          "domain": "www.athomesukhothai.com",
          "link": "http://www.athomesukhothai.com/webboard_detail.php?goBord=&Topic=6",
          "link_type": "results"
        },
        {
          "domain": "www.calameo.com",
          "link": "http://www.calameo.com/books/002854260b66b9c86e4c0",
          "link_type": "results"
        }
      ]
    }
  ]
}