{
  "Origins": "In March 2014, the now-defunct Newshound web site published an article positing that a woman named Gemma Sheridan, who was lost in a storm in 2007 and had spent seven years on a deserted island, was finally rescued when the SOS sign she made on a beach was picked up by and spotted on Google Earth:",
  "Fact Check": "",
  "Description": "The story was easily spotted as nothing more than fake news, however, for a variety of reasons: First of all, the NewsHound web site is not a news site at all, and it has, in place of news, reproduced a number of other hoaxes and spoofs as if they were real news, such as long-debunked stories about a Chinese man suing his wife over giving birth to an ugly baby, Apple paying Microsoft [sic] a $1 billion debt all in nickels, and a planetary alignment causing gravity on Earth to be negated for five minutes. Second, the Newshound article's photograph of the SOS message supposedly created on a beach by the stranded woman is actually a cropped and enlarged version of a picture published by Amnesty International back in 2010 to accompany an article about destructive violence in southern Kyrgyzstan and was clearly (in its original context) not snapped on a deserted island: Additionally, portions of text from the Newshound story were lifted directly from a 2013 Daily Mail article about Ed Stafford, an Amazon explorer who survived by himself for 60 days on a remote island in the Pacific after volunteering to do so for a television documentary. Compare the following two passages, the first from the 2013 Daily Mail article and the second from the 2014 Newshound article: It was something I was thinking about as I nibbled away at the bark of a tree with a giant clam shell for 11 days just to build a shelter. It might have been bomb-proof and waterproof in the end and it's probably still standing but if I'd had a machete, just that one tool, I would have been able to build it in a few hours. It was two weeks before I managed to light a fire you'll be able to tell how happy that made me when you see the show. There were eight feral goats on the island, four adults and four kids. I saw them on day one and they seemed to taunt me by coming so close I could almost touch them. I made a bow and arrow. In films, the arrow leaves the bow at high velocity and brings down an animal in full flight but this just went twang and fell on the floor. And my spear wasn't sharp enough. For the first 2 weeks I stayed in a mock shelter i made from debris that washed ashore. I needed to find real shelter, I found a large tree that looked perfect. I nibbled away at the bark of a tree with a giant clam shell for 11 days just to build a shelter. It might have been bomb-proof and waterproof in the end and it's probably still standing but if I'd had a machete, just that one tool, I would have been able to build it in a few hours. It was four weeks before I managed to light a fire you have no idea how happy that made me. There were eight feral goats on the island, four adults and four kids. I saw them on day one and they seemed to taunt me by coming so close I could almost touch them. I made a bow and arrow, but this just went twang and fell on the floor. And my spear wasn't sharp enough. In August 2015 Linkbeef republished this story, simply changing a few of the details, such as switching the gender of the rescued castaway from female (Gemma Sheridan) to male (Adam Jones) and altering the length of the strandedness from seven to nine years.",
  "Originally Published": "",
  "Referred Links": "http://www.dailymail.co.uk/home/moslive/article-2289607/Amazon-explorer-Ed-Stafford-Stranded-He-survives-60-days-desert-island-Pacific.html;http://livewire.amnesty.org/2010/06/25/satellite-images-reveal-widespread-destruction-in-kyrgyzstan/;https://web.archive.org/web/20140319215602/http://news-hound.org/google-earth-finds-woman-trapped-on-deserted-island-for-7-years/;",
  "Example": "[Collected via e-mail, March 2014] Is it true that Google Earth helped locate a woman who had been stranded on an island for seven years?",
  "Last Updated": "28 September 2015",
  "Credibility": "false",
  "URL": "www.snopes.com/inboxer/hoaxes/googleearth.asp",
  "Claim": "Google Earth helped locate a woman who had been stranded on an island for seven years.",
  "Claim_ID": "inboxer_hoaxes_googleearth",
  "Tags": "",
  "Google Results": [
    {
      "results": [
        {
          "domain": "www.ibtimes.com",
          "link": "http://www.ibtimes.com/gemma-sheridan-story-real-why-google-earth-didnt-find-woman-trapped-island-7-years-photo-1562342",
          "link_type": "results"
        },
        {
          "domain": "www.ibtimes.com",
          "link": "http://www.ibtimes.com/meet-gemma-sheridan-real-life-inspiration-fake-story-about-google-earth-finding-woman-stranded",
          "link_type": "results"
        },
        {
          "domain": "www.snopes.com",
          "link": "http://www.snopes.com/inboxer/hoaxes/googleearth.asp",
          "link_type": "results"
        },
        {
          "domain": "www.independent.co.uk",
          "link": "http://www.independent.co.uk/news/weird-news/shipwreck-british-woman-saved-by-google-earth-there-s-something-fishy-about-story-of-gemma-sheridan-9205385.html",
          "link_type": "results"
        },
        {
          "domain": "www.idigitaltimes.com",
          "link": "http://www.idigitaltimes.com/google-earth-finds-woman-stranded-7-years-news-hound-story-minnesota-boys-sos-symbol-discovery-just",
          "link_type": "results"
        },
        {
          "domain": "y3.search.ybdi.net",
          "link": "http://y3.search.ybdi.net/news?first=1&q=Gemma+Sheridan",
          "link_type": "results"
        },
        {
          "domain": "www.trippapparel.com",
          "link": "http://www.trippapparel.com/2014/23866",
          "link_type": "results"
        },
        {
          "domain": "2diamonds.cf",
          "link": "http://2diamonds.cf/woman/woman-found-island-from-google-earth.html",
          "link_type": "results"
        },
        {
          "domain": "uk.lifestyle.yahoo.com",
          "link": "https://uk.lifestyle.yahoo.com/gemma-sheridan-woman-trapped-deserted-island-7-years-144037972.html",
          "link_type": "results"
        },
        {
          "domain": "www.liverpoolecho.co.uk",
          "link": "http://www.liverpoolecho.co.uk/news/liverpool-news/shipwrecked-sailor-saved-google-earth-6873074",
          "link_type": "results"
        }
      ]
    },
    {
      "results": [
        {
          "domain": "forum.lowyat.net",
          "link": "https://forum.lowyat.net/topic/3242170/all",
          "link_type": "results"
        },
        {
          "domain": "www.jonjonesmusic.com",
          "link": "http://www.jonjonesmusic.com/woman-is-the-earth-facebook.html",
          "link_type": "results"
        },
        {
          "domain": "theifunny.com",
          "link": "http://theifunny.com/category/news/",
          "link_type": "results"
        },
        {
          "domain": "theifunny.com",
          "link": "http://theifunny.com/",
          "link_type": "results"
        },
        {
          "domain": "www.radiowave.com.na",
          "link": "http://www.radiowave.com.na/showlineup/thewakingcrew/5552-09-04-2014",
          "link_type": "results"
        },
        {
          "domain": "www.pinterest.com",
          "link": "https://www.pinterest.com/pin/166633254936787059/",
          "link_type": "results"
        },
        {
          "domain": "www.dailymail.co.uk",
          "link": "http://www.dailymail.co.uk/news/article-2308503/Caught-red-handed-Google-Earth-Has-satellite-image-captured-crime-taking-place-Holland.html",
          "link_type": "results"
        },
        {
          "domain": "en.wikipedia.org",
          "link": "https://en.wikipedia.org/wiki/2010_Haiti_earthquake",
          "link_type": "results"
        },
        {
          "domain": "content.time.com",
          "link": "http://content.time.com/time/specials/packages/article/0,28804,1881770_1881787_1881785,00.html",
          "link_type": "results"
        },
        {
          "domain": "worldnewsdailyreport.com",
          "link": "http://worldnewsdailyreport.com/china-miner-found-alive-after-17-years-underground/",
          "link_type": "results"
        }
      ]
    },
    {
      "results": [
        {
          "domain": "www.ibtimes.co.uk",
          "link": "http://www.ibtimes.co.uk/gemma-sheridan-woman-trapped-deserted-island-7-years-says-friends-made-story-her-1442135",
          "link_type": "results"
        },
        {
          "domain": "b.hatena.ne.jp",
          "link": "http://b.hatena.ne.jp/entry/www.snopes.com/inboxer/hoaxes/googleearth.asp",
          "link_type": "results"
        },
        {
          "domain": "www.hoaxbusters.org",
          "link": "http://www.hoaxbusters.org/",
          "link_type": "results"
        },
        {
          "domain": "www.thefreedomexperiment.com",
          "link": "http://www.thefreedomexperiment.com/2014/02/19/free-coaching/",
          "link_type": "results"
        },
        {
          "domain": "www.nasa.gov",
          "link": "https://www.nasa.gov/jpl/finder-search-and-rescue-technology-helped-save-lives-in-nepal",
          "link_type": "results"
        },
        {
          "domain": "thewannabescientist.com",
          "link": "http://thewannabescientist.com/finding-planes-and-playing-pokemon-crowd-sourcing/",
          "link_type": "results"
        },
        {
          "domain": "www.theguardian.com",
          "link": "http://www.theguardian.com/notesandqueries/query/0,5753,-20660,00.html",
          "link_type": "results"
        },
        {
          "domain": "finofilipino.org",
          "link": "http://finofilipino.org/post/83514988534/google-earth-encuentra-mujer-abandonada-durante-7",
          "link_type": "results"
        },
        {
          "domain": "kevinrandle.blogspot.com",
          "link": "http://kevinrandle.blogspot.com/2014/02/the-curse-of-oak-island-on-history.html",
          "link_type": "results"
        },
        {
          "domain": "www.therealcuba.com",
          "link": "http://www.therealcuba.com/",
          "link_type": "results"
        }
      ]
    }
  ]
}