{
  "Origins": "This entreaty to share with one's Facebook friends the appeal listed above began circulating on the Internet in mid-October 2011.",
  "Fact Check": "",
  "Description": "There's no dying little boy in need of one hundred good-hearted souls willing to use Facebook's \"share\" feature to pass along the photo and attached information to their social network friends. The photo of a small child lying in a hospital bed is not that of a youngster languishing in India while awaiting a heart transplant. It is instead of a child in Odessa, Ukraine, who was one of fifteen operated on to correct cardiac defects in August 2008 by surgeons working with Chernobyl Children's Project International. (That organization's web site houses another photo of the same child.) Yet there is some truth in the Facebook post even if there is no dying child to be saved by social networkers and their \"share\" buttons. The phone number provided belongs to the Whitefield, Bangalore branch of the Sri Sathya Sai Institute of Higher Medical Sciences, which is one of the many charitable efforts operated by the Sri Sathya Sai Central Trust . It provides \"world-class healthcare to all totally free of charge,\" including heart surgery for ailing yet poverty-stricken children. In Janaury 2012 the \"shares for a heart transplant\" meme morphed into a version featuring a photograph of Zoe Chambers and her mother (sometimes misidentified as Morgan Knight-Brown), a heart transplant recipient who died in 2008: Facebook posts displayed this picture with entreaties stating that \"if this 18-month-old girl picture gets 10000 shares her heart transplant Is free .... please share!\"Some of those posts were co-opted by scammers, and users who followed the links provided in those entreaties were eventually led to external sites soliciting donations or offering products for sale. If you want to make a difference in a sick child's life, the best way is still the old-fashioned one: donate your money or your time, not a text message or Facebook wall post. Barbara \"send cash, not cache\" Mikkelson",
  "Originally Published": "",
  "Referred Links": "http://www.thisishullandeastriding.co.uk/Cardiologist-Transplant-girl-special/story-11972285-detail/story.html;http://www.sssmt.org.in/pages/index.asp;http://wfd.sssihms.org.in/;http://chernobyl.typepad.com/photos/odessa_cardiac_kids/anna4.html;http://chernobyl.typepad.com/chernobyl_childrens_proje/2008/09/odessa-ukraine-chernobyl-heart-surgery-mission-completed-15-young-lives-saved.html;",
  "Example": "[Collected via e-mail, October 2011] I NEED AT LEAST 100 SHARES. Plz share..... Heart surgery free of cost for children (0-10 Yrs) Ph : 080-28411500 It might save some1's life...! Sharing takes a second... in bangalore INDIA More than likes, sharing can help ! Variations: December 2011 variations were prefaced \"Josh Britt's Photos\" and \"Ashley Arreola's Photos.\" Same hoax, though. A March 2012 version asked for 1000 shares in the name of Ana Hanah, the child supposedly getting the heart transplant.",
  "Last Updated": "5 March 2012",
  "Credibility": "false",
  "URL": "www.snopes.com/inboxer/medical/100shares.asp",
  "Claim": "100 Facebook \"shares\" will secure a heart transplant for a child.",
  "Claim_ID": "inboxer_medical_100shares",
  "Tags": "",
  "Google Results": [
    {
      "results": [
        {
          "domain": "www.snopes.com",
          "link": "http://www.snopes.com/inboxer/medical/100shares.asp",
          "link_type": "results"
        },
        {
          "domain": "nakedsecurity.sophos.com",
          "link": "https://nakedsecurity.sophos.com/2011/11/09/hoax-little-boy-needs-100-facebook-shares-for-a-heart-transplant/",
          "link_type": "results"
        },
        {
          "domain": "nakedsecurity.sophos.com",
          "link": "https://nakedsecurity.sophos.com/2012/01/10/baby-cancer-and-heart-transplant-hoaxes-on-facebook/",
          "link_type": "results"
        },
        {
          "domain": "m.facebook.com",
          "link": "https://m.facebook.com/story.php?story_fbid=792421644116680&id=282340708458112",
          "link_type": "results"
        },
        {
          "domain": "facecrooks.com",
          "link": "http://facecrooks.com/Scam-Watch/if-this-little-boy-gets-100-shares-he-can-get-his-heart-transplant-for-free-facebook-hoax.html/",
          "link_type": "results"
        },
        {
          "domain": "www.dailydot.com",
          "link": "http://www.dailydot.com/news/heart-transplant-facebook-share/",
          "link_type": "results"
        },
        {
          "domain": "www.gmanetwork.com",
          "link": "http://www.gmanetwork.com/news/story/238086/scitech/warning-out-vs-facebook-heart-transplant-hoax",
          "link_type": "results"
        },
        {
          "domain": "campskala.com",
          "link": "http://campskala.com/fbk/best-things-to-post-on-facebook-to-get-likes/",
          "link_type": "results"
        },
        {
          "domain": "gladiator-antivirus.com",
          "link": "http://gladiator-antivirus.com/forum/index.php?showtopic=121356",
          "link_type": "results"
        },
        {
          "domain": "lacon.sk",
          "link": "http://lacon.sk/fbk/buying-likes-on-facebook/",
          "link_type": "results"
        },
        {
          "domain": "",
          "link": "/aclk?sa=l&ai=CF5e0V-GkVoP_DIf7pAPI4I_QDZiluo4HwK_ai5MCyKqnno8BCAMQAWDlq_mEqBagAfiQu_EDyAEBqgQpT9CeqjT59WuJt8wehSV9TQWYR-ripFx61XspHUrK4uYdyjliOe3p02CAB_DuxA6QBwOoB6a-G9gHAQ&sig=AOD64_1sG4qSQszWH4iy0GZMlID9xtsgzA&clui=0&q=&ved=0ahUKEwikzrH71cLKAhXnyIMKHeCRAg0Q0QwIWg&adurl=http://www.plus500.com.mx/Instruments/FB%3Fid%3D1408%26tags%3Dg_sr%252BMexicoSearchStocks_cp%252B9517820312_agi%252BFacebook_English_agn%252Bface%2520book%2520shares_ks%252Bp_mt%252Bc_de%252Bg_nt%252B_ext%252BUURL%26%25D7%2590",
          "link_type": "ads_main"
        }
      ]
    },
    {
      "results": [
        {
          "domain": "lacon.sk",
          "link": "http://lacon.sk/fbk/how-to-buy-facebook-likes-uk/",
          "link_type": "results"
        },
        {
          "domain": "lacon.sk",
          "link": "http://lacon.sk/fbk/facebook-million-likes-for-sale/",
          "link_type": "results"
        },
        {
          "domain": "masterconstructionusa.com",
          "link": "http://masterconstructionusa.com/fbk/10-ways-to-get-more-likes-on-facebook/",
          "link_type": "results"
        },
        {
          "domain": "masterconstructionusa.com",
          "link": "http://masterconstructionusa.com/fbk/facebook-fans-cheap/",
          "link_type": "results"
        },
        {
          "domain": "dses.co.uk",
          "link": "http://dses.co.uk/fbk/how-to-get-alot-of-likes-on-a-facebook-fan-page/",
          "link_type": "results"
        },
        {
          "domain": "linkcon.nl",
          "link": "http://linkcon.nl/fbk/don-like-the-new-facebook-layout-2015/",
          "link_type": "results"
        },
        {
          "domain": "finemb.hu",
          "link": "http://finemb.hu/fbk/how-do-i-get-fans-on-facebook-page/",
          "link_type": "results"
        },
        {
          "domain": "www.wireclub.com",
          "link": "https://www.wireclub.com/topics/off_topic/conversations/URty1gM8Cw7Y1Z9J0",
          "link_type": "results"
        },
        {
          "domain": "degustandocanarias.com",
          "link": "http://degustandocanarias.com/fbk/100-likes-on-facebook/",
          "link_type": "results"
        },
        {
          "domain": "docs.google.com",
          "link": "https://docs.google.com/document/d/1tUY2dNjHlNz4EWwu0biI7Vf5vTh5zSd87PXI6En6kNY/edit",
          "link_type": "results"
        }
      ]
    },
    {
      "results": [
        {
          "domain": "www.makeuseof.com",
          "link": "http://www.makeuseof.com/tag/essential-steps-identify-avoid-facebook-hoaxes/",
          "link_type": "results"
        },
        {
          "domain": "news.softpedia.com",
          "link": "http://news.softpedia.com/news/Heart-Transplant-Facebook-Hoax-Asks-For-100-Shares-232540.shtml",
          "link_type": "results"
        },
        {
          "domain": "pinoygarage.com",
          "link": "http://pinoygarage.com/fbk/buy-facebook-uk-likes/",
          "link_type": "results"
        },
        {
          "domain": "www.ynys.com",
          "link": "http://www.ynys.com/maggiesj.nsf/d6plinks/MDAS-8NAN6R",
          "link_type": "results"
        },
        {
          "domain": "www.hoaxorfact.com",
          "link": "http://www.hoaxorfact.com/Web/100-shares-can-get-free-heart-transplant-surgery.html",
          "link_type": "results"
        },
        {
          "domain": "www.zdnet.com",
          "link": "http://www.zdnet.com/article/facebook-hoax-i-need-at-least-1000-shares/",
          "link_type": "results"
        },
        {
          "domain": "www.ehackingnews.com",
          "link": "http://www.ehackingnews.com/2011/11/facebook-hoax-little-boy-needs-100.html",
          "link_type": "results"
        },
        {
          "domain": "exkorsia.ru",
          "link": "http://exkorsia.ru/fbk/how-to-get-over-a-1-000-likes-on-facebook/",
          "link_type": "results"
        },
        {
          "domain": "klaq.com",
          "link": "http://klaq.com/the-scourge-of-glurge/",
          "link_type": "results"
        },
        {
          "domain": "www.dailymail.co.uk",
          "link": "http://www.dailymail.co.uk/health/article-2653270/The-little-boy-race-against-time-new-heart-James-one-32-British-children-desperately-waiting-heart-transplant-But-YOU-hope.html",
          "link_type": "results"
        }
      ]
    }
  ]
}