{
  "Origins": "One of the many changes that has taken place in the telephone industry in the last few decades is that while phone companies once generally provided their local customers with free directory assistance (via the 411 phone number), in most cases telephone customers are now charged a fee (typically $1.00 or more) for each directory assistance call. Despite the charges, U.S. consumers continue to avail themselves of the 411 directory assistance service, placing about 6 billion such calls per year.",
  "Fact Check": "",
  "Description": "Now, however, an outfit called Jingle Networks is providing an alternative directory assistance service and it's free. Users who call the toll-free number 1-800-FREE411 (or 1-800-373-3411) can navigate a nifty automated voice recognition system that asks for a location (city and state), type of listing (business, government, or residential), and name. Once the service has located an entry for the requested number, it reads the information aloud and offers the caller the option of connecting to the number by pressing a single number on his telephone keypad. How can Free-411 afford to offer free directory assistance service? It works sort of like commercial radio or television businesses pay to sponsor it in exchange for presenting their advertisements to customers. The funding of Free-411 is typically explained thusly: The service is made possible by thousands of national and local businesses who sponsor this service with brief valuable audio advertisements that are played to callers who request businesses in their yellow pages category. This advertising model allows businesses to acquire new customers over the phone, cost effectively, with little or no risk. Meanwhile callers get free directory assistance, potentially saving each of them thousand of dollars per year. The way it works in practice is that a caller who requests a business number is first presented with a short (about 12 seconds) audio advertisement for a sponsor who operates a competing business in that area; the caller is then given the option of being connected to either that competitor or the business he originally requested. If no sponsor operates a local competing business, then the caller hears no advertisement at all. (In the latter case, if the caller accepts the option to connect to the desired number, the business receiving the call hears a short message at the beginning advising them that the call was placed via Free-411, and a Free-411 salesman may follow up with them a few days later to solicit them as a potential advertiser.) Note that although Free-411 provides its service for free, users are still subject to any charges associated with making calls that may be imposed by their cellular service providers. (Cell phone users concerned that taking advantage of the free directory assistance service will entail potentially giving out their cell phone numbers to telemarketers should note that federal law already prohibits certain types of telemarketing calls from being placed to cell phones, and all phone users can block telemarketing calls by listing their numbers with the national Do Not Call registry.) We made three separate trial calls to 1-800-FREE411 asking for information on different local businesses, and in each case the voice recognition system smoothly processed all our spoken information and correctly identified the businesses of interest. In only one trial out of the three were we presented with an audio advertisement. In 2008, Google began offering a similar free directory assistance service accessed by calling the phone number 1-800-GOOG-411. This service was discontinued in November 2010.",
  "Originally Published": "",
  "Referred Links": "http://www.google.com/goog411/;http://news.com.com/Hanging+up+on+telemarketers/2100-1028_3-5391178.html;https://play.google.com/store/apps/details?id=com.free411.catsearch;",
  "Example": "",
  "Last Updated": "19 October 2010",
  "Credibility": "true",
  "URL": "www.snopes.com/inboxer/nothing/free411.asp",
  "Claim": "The phone number 1-800-FREE-411 offers free directory assistance service.",
  "Claim_ID": "inboxer_nothing_free411",
  "Tags": "",
  "Google Results": [
    {
      "results": [
        {
          "domain": "en.wikipedia.org",
          "link": "https://en.wikipedia.org/wiki/1-800-FREE-411",
          "link_type": "results"
        },
        {
          "domain": "www.snopes.com",
          "link": "http://www.snopes.com/inboxer/nothing/free411.asp",
          "link_type": "results"
        },
        {
          "domain": "www.consumercellular.com",
          "link": "https://www.consumercellular.com/blog/tips-tricks-how-to-get-free-directory-assistance/",
          "link_type": "results"
        },
        {
          "domain": "techcrunch.com",
          "link": "http://techcrunch.com/2005/10/03/1-800-free-411-free-directory-calls/",
          "link_type": "results"
        },
        {
          "domain": "www.informationweek.com",
          "link": "http://www.informationweek.com/att-offers-free-directory-assistance-coa/204805403",
          "link_type": "results"
        },
        {
          "domain": "www.yahoo.com",
          "link": "https://www.yahoo.com/tech/free-411-directory-assistance-on-your-cellphone-111493458269.html",
          "link_type": "results"
        },
        {
          "domain": "www.mobilemammoth.com",
          "link": "http://www.mobilemammoth.com/top-10-free-directory-assistance-numbers/",
          "link_type": "results"
        },
        {
          "domain": "www.wisebread.com",
          "link": "http://www.wisebread.com/get-free-411-directory-assistance-that-really-works-a-review",
          "link_type": "results"
        },
        {
          "domain": "lifehacker.com",
          "link": "http://lifehacker.com/250436/goog-411-offers-free-directory-assistance",
          "link_type": "results"
        },
        {
          "domain": "www.prnewswire.com",
          "link": "http://www.prnewswire.com/news-releases/introducing-1-800-free411-first-nationwide-free-telephone-directory-assistance-service-55053497.html",
          "link_type": "results"
        },
        {
          "domain": "",
          "link": "/aclk?sa=l&ai=CaycozninVonnKojcpAOgmriYD62B_esGzZ3y0EncrPUECAAQAWDlq_mEqBagAfP-jvMDyAEBqgQpT9DhVBprYTSc3sJsdSfH0PdAAilLBIfagirmKPq8KxXHpfAVRlHeBSWAB_WA8QyQBwOoB6a-G9gHAQ&sig=AOD64_37Oq0E4LR5BjdNTnzpWhGOculyrw&clui=0&q=&ved=0ahUKEwjJyP3YzsfKAhWFloMKHYirBzMQ0QwIGA&adurl=http://clickserve.dartsearch.net/link/click%3Flid%3D43700009589073403%26ds_s_kwgid%3D58700001036550951%26ds_e_adid%3D19704790133%26ds_e_matchtype%3Dsearch%26ds_e_device%3Dc%26ds_e_network%3Dg%26ds_url_v%3D2",
          "link_type": "ads_main"
        },
        {
          "domain": "",
          "link": "/aclk?sa=l&ai=CtBhRzninVonnKojcpAOgmriYD-TWlbcCjI340S6C8aP4BggDEAEoAmDlq_mEqBagAeTK-eUDyAEBqgQnT9CxfJtwewWs5_vt9yQOGlltLcTL3oH1955GbCkCqfbE1-Y55QoygAeEtYYakAcDqAemvhvYBwE&sig=AOD64_0CnDQVKcl-iY8WNUTXWNziELpMDg&clui=1&q=&ved=0ahUKEwjJyP3YzsfKAhWFloMKHYirBzMQ0QwIYw&adurl=http://www.411.com/business%3Futm_content%3D8a8ae4cd44e735d60144fb1aafa22516%26jkId%3D8a8ae4cd44e735d60144fb1aafa22516%26jt%3D1%26jap%3D1o1%26js%3D1%26jcpid%3D8a8ae4cd44e735d60144fb195b18217e%26jtid%3Dgcp:se_36600:t_kwd-1862858882:ag_3486430404:cp_77739804:n_g:d_c:cr_12428158524:fi_%26site_id%3D17323%26utm_source%3Dgoogle%26utm_medium%3Dcpc%26utm_campaign%3DInternational%2BTargeted%2B-%2BBrand%26jsid%3D36600",
          "link_type": "ads_main"
        },
        {
          "domain": "",
          "link": "/aclk?sa=L&ai=C8d2azninVonnKojcpAOgmriYD4bemIYHvq32xrgBrprp2wEIAxACKAJg5av5hKgWyAEBqgQnT9CR2IJrSTSU3npv9O3E1l120EkR2K6AQz4Cv5eASmfU1-YjzQc3gAfGxtYgkAcDqAemvhvYBwE&sig=AOD64_0HHu2igwME-gYNtdIk9zPZ4uFbBg&clui=5&q=&ved=0ahUKEwjJyP3YzsfKAhWFloMKHYirBzMQ0QwIbQ&adurl=http://index.about.com/slp%3F%26q%3D1-800%2Bdirectory%2Bassistance%26sid%3Dac8569ba-3275-4921-b74a-2c8045b488bf-0-ab_gsb%26kwid%3D1-800%2520directory%2520assistance%26cid%3D49467424998%26site%3D",
          "link_type": "ads_main"
        }
      ]
    },
    {
      "results": [
        {
          "domain": "www.compukiss.com",
          "link": "http://www.compukiss.com/cell-phones-and-voip/goog411-free-directory-assistance.html",
          "link_type": "results"
        },
        {
          "domain": "www.truthorfiction.com",
          "link": "https://www.truthorfiction.com/free-411/",
          "link_type": "results"
        },
        {
          "domain": "www.makeuseof.com",
          "link": "http://www.makeuseof.com/tag/get-free-411-directory-assistance-with-goog411/",
          "link_type": "results"
        },
        {
          "domain": "www.phatz.com",
          "link": "http://www.phatz.com/tip1-free411.php",
          "link_type": "results"
        },
        {
          "domain": "blog.tmcnet.com",
          "link": "http://blog.tmcnet.com/blog/rich-tehrani/speech-technologies/1-800-free-411-offers-free-international-calls.html",
          "link_type": "results"
        },
        {
          "domain": "blog.tmcnet.com",
          "link": "http://blog.tmcnet.com/blog/tom-keating/voip/free-411-directory-assistance.asp",
          "link_type": "results"
        },
        {
          "domain": "alekdavis.blogspot.com",
          "link": "http://alekdavis.blogspot.com/2008/05/toll-free-directory-assistance-411.html",
          "link_type": "results"
        },
        {
          "domain": "phys.org",
          "link": "http://phys.org/news/2010-07-google-free-fingertips.html",
          "link_type": "results"
        },
        {
          "domain": "vzutya.malvy.com.ua",
          "link": "http://vzutya.malvy.com.ua/cell-phone-tracker-for-free-800-free-411",
          "link_type": "results"
        },
        {
          "domain": "www.intomobile.com",
          "link": "http://www.intomobile.com/2010/11/12/goog-411-free-411-directory-assistance/",
          "link_type": "results"
        },
        {
          "domain": "",
          "link": "/aclk?sa=l&ai=CBS070XinVsOVDo3mpAPp4p-QBK2B_esGzZ3y0EncrPUECAMQAWDlq_mEqBaQAQKgAfP-jvMDyAEBqgQpT9Dhw37DwUEQwQjsPQCk8yRFem0wmhHomCzHLEhJIgHFWVHTN5ZY64yAB_WA8QyQBwOoB6a-G9gHAQ&sig=AOD64_0B7W7Fzybs_J5nPH_IirzFqjKTUA&clui=0&q=&ved=0ahUKEwjWypXazsfKAhXqzoMKHYbYCME4ChDRDAha&adurl=http://clickserve.dartsearch.net/link/click%3Flid%3D43700009589073403%26ds_s_kwgid%3D58700001036550951%26ds_e_adid%3D19704790133%26ds_e_matchtype%3Dsearch%26ds_e_device%3Dc%26ds_e_network%3Dg%26ds_url_v%3D2",
          "link_type": "ads_main"
        }
      ]
    },
    {
      "results": [
        {
          "domain": "www.nytimes.com",
          "link": "http://www.nytimes.com/2006/03/09/business/09cell.html",
          "link_type": "results"
        },
        {
          "domain": "www.consumeraffairs.com",
          "link": "https://www.consumeraffairs.com/news04/2007/07/free_411.html",
          "link_type": "results"
        },
        {
          "domain": "www.frugal-cafe.com",
          "link": "http://www.frugal-cafe.com/computers-electronics/articles/cell-phone-411.html",
          "link_type": "results"
        },
        {
          "domain": "www.businesswire.com",
          "link": "http://www.businesswire.com/news/home/20091118005953/en/1-800-FREE411-Offering-Free-Long-Distance-Calls-China",
          "link_type": "results"
        },
        {
          "domain": "www.bva-southtexas.org",
          "link": "http://www.bva-southtexas.org/Reference.htm",
          "link_type": "results"
        },
        {
          "domain": "www.reuters.com",
          "link": "http://www.reuters.com/article/idUS129096+15-Jul-2009+MW20090715",
          "link_type": "results"
        },
        {
          "domain": "usatoday30.usatoday.com",
          "link": "http://usatoday30.usatoday.com/tech/wireless/2006-04-03-free-411_x.htm",
          "link_type": "results"
        },
        {
          "domain": "wcblind.org",
          "link": "http://wcblind.org/index.php/resources?sid=9430:FREE-directory-assistance",
          "link_type": "results"
        },
        {
          "domain": "googleblog.blogspot.com",
          "link": "https://googleblog.blogspot.com/2010/10/goodbye-to-old-friend-1-800-goog-411.html",
          "link_type": "results"
        },
        {
          "domain": "www.mobilemarketer.com",
          "link": "http://www.mobilemarketer.com/cms/news/messaging/1493.html",
          "link_type": "results"
        }
      ]
    }
  ]
}