{
  "Origins": "This item about the death by heart attack of actor Charlie Sheen, the Two and a Half Men star who has recently been in the news due to his public feud with the show's producers, is yet another Internet-spread celebrity death hoax. Like earlier reports of Sheen's purported demise, it's nothing more than a bit of Internet-based pranking. If if were true, it would be the lead story in every American news outlet, not merely a bit of Facebook chatter.",
  "Fact Check": "",
  "Description": "The account may have been inspired by a National Enquirer article (as summarized in the Daily Mail ) alleging that Sheen had \"suffered four near-fatal overdoses in the last six months\" and that \"friends and staff members at his Beverly Hills mansion have had to take swift action to prevent the the 45-year-old star from going into cardiac arrest by administering a Nitroglycerin pill, a tablet that contains a chemical compound commonly used to prevent a heart attack.\" Facebook-based versions of the Charlie Sheen death hoax have been linked to clickjacking scams and the distribution of malware.",
  "Originally Published": "",
  "Referred Links": "http://nakedsecurity.sophos.com/2011/03/07/charlie-sheen-has-not-been-found-dead-in-his-house-despite-what-facebook-clickjackers-say/;http://www.dailymail.co.uk/tvshowbiz/article-1365038/Charlie-Sheen-took-pills-prevent-cardiac-arrest-overdoses-6-months.html;http://www.gossipcop.com/charlie-sheen-dead-death-hoax-snowboarding/;",
  "Example": "[Collected via e-mail, March 2011] Facebook is full of reports and viedos saying they found CharlieSheen dead this moring of apparent heart attack any truth to this? There is a new Facebook wall post scam advertised as \"RIP Charlie Sheenfound Dead at his House\". This scam involves a wall post link withinFacebook. If you click on the wall post link, you will open a FacebookVideo page that is designed to look like a YouTube channel. If youclick anywhere on the screen, your Facebook account will be\"click-jacked\" and you will be spreading the spam message via yourFacebook news feed. Clicking to play the video will open a securitycheck screen asking you to please complete a 30 second survey to verifythat you are human. The screen will also have the following wording\"Customize Your Facebook With a Theme\". Clicking on this page in any waywill post the same message you clicked on to your Facebook wall anddownload/install malware on your system.",
  "Last Updated": "10 March 2011",
  "Credibility": "false",
  "URL": "www.snopes.com/inboxer/hoaxes/sheen.asp",
  "Claim": "Actor Charlie Sheen has died of a heart attack.",
  "Claim_ID": "inboxer_hoaxes_sheen",
  "Tags": "",
  "Google Results": [
    {
      "results": [
        {
          "domain": "en.wikipedia.org",
          "link": "https://en.wikipedia.org/wiki/Martin_Sheen",
          "link_type": "results"
        },
        {
          "domain": "www.guideposts.org",
          "link": "https://www.guideposts.org/stories-faith/inspirational-stories-martin-sheen-regains-faith-after-heart-attack?nopaging=1",
          "link_type": "results"
        },
        {
          "domain": "www.imdb.com",
          "link": "http://www.imdb.com/name/nm0000221/bio",
          "link_type": "results"
        },
        {
          "domain": "www.nydailynews.com",
          "link": "http://www.nydailynews.com/entertainment/gossip/celebrities-hiv-positive-aids-article-1.2436964",
          "link_type": "results"
        },
        {
          "domain": "www.encyclopedia.com",
          "link": "http://www.encyclopedia.com/topic/Martin_Sheen.aspx",
          "link_type": "results"
        },
        {
          "domain": "www.dailymail.co.uk",
          "link": "http://www.dailymail.co.uk/tvshowbiz/article-2786167/Death-certificate-reveals-Bond-villain-Richard-Kiel-died-heart-disease-possible-heart-attack-aged-74.html",
          "link_type": "results"
        },
        {
          "domain": "www.dailymail.co.uk",
          "link": "http://www.dailymail.co.uk/tvshowbiz/article-2710144/James-Garner-86-died-massive-heart-attack-brought-coronary-artery-disease.html",
          "link_type": "results"
        },
        {
          "domain": "www.snopes.com",
          "link": "http://www.snopes.com/inboxer/hoaxes/sheen.asp",
          "link_type": "results"
        },
        {
          "domain": "www.bbc.co.uk",
          "link": "http://www.bbc.co.uk/newsbeat/article/16951916/death-by-twitter-top-three-online-celebrity-hoaxes",
          "link_type": "results"
        },
        {
          "domain": "martinsheen.net",
          "link": "http://martinsheen.net/id11.html",
          "link_type": "results"
        }
      ]
    },
    {
      "results": [
        {
          "domain": "www.tmz.com",
          "link": "http://www.tmz.com/2014/01/13/james-avery-death-certificate-medical-problems-heart-attack-diabtetes-kidney-disease-burial-at-sea/",
          "link_type": "results"
        },
        {
          "domain": "www.babble.com",
          "link": "http://www.babble.com/celebrity/charlie-sheen-snowboarding-accident-the-actor-is-alive-and-spending-time-with-family/",
          "link_type": "results"
        },
        {
          "domain": "www.telegraph.co.uk",
          "link": "http://www.telegraph.co.uk/culture/8385806/The-Way-interview-with-Martin-Sheen-and-Emilio-Estevez.html",
          "link_type": "results"
        },
        {
          "domain": "www.nydailynews.com",
          "link": "http://www.nydailynews.com/entertainment/tv-movies/james-gandolfini-dead-51-article-1.1377435",
          "link_type": "results"
        },
        {
          "domain": "books.google.com.mx",
          "link": "https://books.google.com.mx/books?id=qewDAAAAMBAJ&pg=PA12&lpg=PA12&dq=Actor+Charlie+Sheen+has+died+of+a+heart+attack.&source=bl&ots=eaxj8Zizj2&sig=CJMN98BzvkWyeHOgjlMH80XZLA0&hl=en&sa=X&ved=0ahUKEwiWxMynmr_KAhVFvYMKHWwIAhw4ChDoAQgyMAQ",
          "link_type": "results"
        },
        {
          "domain": "mentalfloss.com",
          "link": "http://mentalfloss.com/article/28798/first-time-tv-show-addressed-death-character",
          "link_type": "results"
        },
        {
          "domain": "www.statnews.com",
          "link": "http://www.statnews.com/2015/11/17/charlie-sheen-hiv-aids/",
          "link_type": "results"
        },
        {
          "domain": "www.msn.com",
          "link": "http://www.msn.com/en-us/news/trending/tt-BBmarAL?q=charlie%20sheen%20trump&form=PRNTTF",
          "link_type": "results"
        },
        {
          "domain": "www.msn.com",
          "link": "http://www.msn.com/en-us/news/trending/charlie%20sheen/tt-AAfmn5K?form=PTTWHF",
          "link_type": "results"
        },
        {
          "domain": "www.starpulse.com",
          "link": "http://www.starpulse.com/news/index.php/2015/11/18/10-celebrities-besides-charlie-sheen-w",
          "link_type": "results"
        }
      ]
    },
    {
      "results": [
        {
          "domain": "www.movienewsguide.com",
          "link": "http://www.movienewsguide.com/actor-charlie-sheen-discloses-number-people-sued-hiv-secret/135352",
          "link_type": "results"
        },
        {
          "domain": "www.forbes.com",
          "link": "http://www.forbes.com/sites/tarahaelle/2015/11/17/charlie-sheen-has-hiv-here-are-5-things-you-probably-didnt-know-about-the-virus/",
          "link_type": "results"
        },
        {
          "domain": "www.independent.co.uk",
          "link": "http://www.independent.co.uk/arts-entertainment/films/features/the-strained-making-of-apocalypse-now-1758689.html",
          "link_type": "results"
        },
        {
          "domain": "www.cbsnews.com",
          "link": "http://www.cbsnews.com/pictures/celebrities-with-hiv-aids/",
          "link_type": "results"
        },
        {
          "domain": "www.statesman.com",
          "link": "http://www.statesman.com/news/news/national/7-things-know-now-charlie-sheen-6-dead-texas-plane/npPcD/",
          "link_type": "results"
        },
        {
          "domain": "www.cracked.com",
          "link": "http://www.cracked.com/article_19099_12-classic-movie-moments-made-possible-by-abuse-murder.html",
          "link_type": "results"
        },
        {
          "domain": "www.dailymail.co.uk",
          "link": "http://www.dailymail.co.uk/news/article-3315405/Canadian-husband-wife-dead-hotel-hot-tub-just-two-days-walk-daughter-aisle.html",
          "link_type": "results"
        },
        {
          "domain": "www.gq.com",
          "link": "http://www.gq.com/story/charlie-sheen-amy-wallace",
          "link_type": "results"
        },
        {
          "domain": "www.hyperink.com",
          "link": "http://www.hyperink.com/Background-And-Upbringing-b1693a10",
          "link_type": "results"
        },
        {
          "domain": "www.celebromance.com",
          "link": "http://www.celebromance.com/charlie-sheens-exes-share-their-thoughts-on-actors-hiv-announcement/",
          "link_type": "results"
        }
      ]
    }
  ]
}