{
  "Origins": "This alert about a girl named Bella Marie Lamb supposedly kidnapped from her Columbia, Tennessee, home began circulating on the Facebook social networking site in mid-December 2011. However, the [Columbia] Daily Herald reported on 15 December 2011 that local police had said Bella was not abducted; she was the subject of a custody dispute and was in the care of her court-appointed guardian:",
  "Fact Check": "",
  "Description": "",
  "Originally Published": "",
  "Referred Links": "",
  "Example": "[Collected via e-mail, December 2011] ABDUCTED CHILD Have you seen Bella Marie? If you have any information on the whereabouts of Bella please call (615) 483-6220. Bella is the daughter of Dixie Durham Lamb and granddaughter of Jerry and Sandra Durham in Hohenwald. Please print and post as many places as you can! Please forward this e-mail to anyone you know across Tennessee especially in the Henderson, TN West Tennessee area and ask them to print and post all over their communities. Bella could be anywhere in Tennessee and in route to INDIANA. If you know anyone in the Indiana area please contact them and have them distribute anywhere in the state! She was kidnapped Tuesday night (12-13-11) from Columbia, TN.",
  "Last Updated": "15 December 2011",
  "Credibility": "false",
  "URL": "www.snopes.com/inboxer/missing/bella.asp",
  "Claim": "A girl named Bella Marie Lamb has been kidnapped from her Columbia, TN, home.",
  "Claim_ID": "inboxer_missing_bella",
  "Tags": "",
  "Google Results": [
    {
      "results": [
        {
          "domain": "www.snopes.com",
          "link": "http://www.snopes.com/inboxer/missing/bella.asp",
          "link_type": "results"
        },
        {
          "domain": "www.snopes.com",
          "link": "http://www.snopes.com/inboxer/Missing/mccann.asp",
          "link_type": "results"
        },
        {
          "domain": "www.snopes.com",
          "link": "http://www.snopes.com/inboxer/missing/gabrielledahm.asp",
          "link_type": "results"
        },
        {
          "domain": "www.topix.com",
          "link": "http://www.topix.com/forum/county/henderson-tn/TT4DGDTQ5K4I76JRM/p3047",
          "link_type": "results"
        },
        {
          "domain": "vnnforum.com",
          "link": "https://vnnforum.com/showthread.php?t=184841&page=56",
          "link_type": "results"
        },
        {
          "domain": "www.newnation.org",
          "link": "http://www.newnation.org/Archives/Black-on-White-2015-02-03.html",
          "link_type": "results"
        },
        {
          "domain": "www.genealogy.com",
          "link": "http://www.genealogy.com/forum/regional/states/topics/ok/atoka/535/",
          "link_type": "results"
        },
        {
          "domain": "www.dailymail.co.uk",
          "link": "http://www.dailymail.co.uk/news/article-2796864/birmingham-balti-bids-join-champagne-parma-ham-cornish-pasty-getting-protected-food-status-eu.html",
          "link_type": "results"
        },
        {
          "domain": "www.dailymail.co.uk",
          "link": "http://www.dailymail.co.uk/femail/article-2020244/Slavery-bigamy-adoption--new-series-Who-Do-You-Think-You-Are-unearths-shocking-secrets-stars-pasts-But-clamour-.html",
          "link_type": "results"
        },
        {
          "domain": "whatzenalotionbar.wordpress.com",
          "link": "https://whatzenalotionbar.wordpress.com/",
          "link_type": "results"
        },
        {
          "domain": "",
          "link": "/aclk?sa=l&ai=CgqybVbCjVu_hKo3mpAOn5pKQDNq-4akIgrH76MMB14r0uzMIAxABYOWr-YSoFqABpK3Y7gPIAQGqBChP0NpMB2bw_VcjWL2GOKhAClJ0Z3EwijFsPd290pFYlauZfuplMjgqgAfE0qcRkAcDqAemvhvYBwE&sig=AOD64_3vB9ZWaICsPrYxyL6nn7ZJI-b_eg&clui=0&q=&ved=0ahUKEwie_5uLs8DKAhVomYMKHcGzByAQ0QwIVw&adurl=http://action.aidforafrica.org/p/salsa/web/common/public/signup%3Fsignup_page_KEY%3D9269",
          "link_type": "ads_main"
        }
      ]
    },
    {
      "results": [
        {
          "domain": "www.scribd.com",
          "link": "https://www.scribd.com/doc/186184960/Encyclopedia-of-Unsolved-Crimes",
          "link_type": "results"
        },
        {
          "domain": "www.legacy.com",
          "link": "http://www.legacy.com/Legacy.asp?Page=APStories",
          "link_type": "results"
        },
        {
          "domain": "www.imdb.com",
          "link": "http://www.imdb.com/list/ls009630743/",
          "link_type": "results"
        },
        {
          "domain": "freepages.genealogy.rootsweb.ancestry.com",
          "link": "http://freepages.genealogy.rootsweb.ancestry.com/~freshnup/markmurph/text/9.1.1M.txt",
          "link_type": "results"
        },
        {
          "domain": "www.slantmagazine.com",
          "link": "http://www.slantmagazine.com/house/article/5-for-the-day-when-titles-collide",
          "link_type": "results"
        },
        {
          "domain": "www.oscarworld.net",
          "link": "http://www.oscarworld.net/ow.asp?P=8&C=1",
          "link_type": "results"
        },
        {
          "domain": "www.adopteeconnect.com",
          "link": "http://www.adopteeconnect.com/p/a/1018/aq/r/250/10253",
          "link_type": "results"
        }
      ]
    },
    {
      "results": [
        {
          "domain": "www.dogsbitedecatural.com",
          "link": "http://www.dogsbitedecatural.com/2015/07/columbia-tn-neighbors-akita-attacked-6.html",
          "link_type": "results"
        },
        {
          "domain": "archive.org",
          "link": "https://archive.org/stream/historyalabamaa02owengoog/historyalabamaa02owengoog_djvu.txt",
          "link_type": "results"
        },
        {
          "domain": "celluloidclub.blogspot.com",
          "link": "http://celluloidclub.blogspot.com/2015_05_01_archive.html",
          "link_type": "results"
        },
        {
          "domain": "www.hti.umich.edu",
          "link": "http://www.hti.umich.edu/cgi/t/text/text-idx?c=moa&cc=moa&sid=95e3f6e828e116b80d4cccd93c806bc1&view=text&rgn=main&idno=ABK3215.0001.001",
          "link_type": "results"
        },
        {
          "domain": "chronicle.augusta.com",
          "link": "http://chronicle.augusta.com/stories/2006/09/07/",
          "link_type": "results"
        }
      ]
    }
  ]
}