{
  "Origins": "At the close of November 2012, the record Powerball jackpot was hit to the tune of $587.5 million. One of the winning tickets was sold in Missouri, and the other in Arizona.",
  "Fact Check": "",
  "Description": "After the drawing, a couple in Missouri bearing the surname of Hill was identified as the holders of one of two winning tickets, and nearly two weeks later Phoenix, Arizona, resident Matthew Good was identified as the other. Nolan Daniels looks nothing like either of those winners. While the numbers displayed in the photo that he'd like others to post to their Facebook walls in hopes of being the lucky millionth poster do match the winning numbers drawn for the $587.5 million jackpot, they're not in numerical order, which proves the photo is a fake. As stated in the Powerball FAQ : \"The tickets print the white ball numbers (the first five numbers) in numerical order.\" A handful of days later, a Facebook post authored by \"Sokhavy Hilton\" appeared. He announced: Yes, I am one of the winner of 580$ Million PowerBall :) I will pick 10 random people to get 1 Million $ each if you share this! I care for others too! :) The chunk of cheese being used to lure the easily gulled had grown: while \"Nolan Daniels\" promised to bestow one winner with $1 million, \"Sokhavy Hilton\" promised 10 winners $1 million apiece. In November 2014 a similar claim emerged, this one initially posted on Instagram before it crossed over to e-mail and other social media sites: My wife just reposted an image from Rick Knudsen on Instagram saying that he'd send $1000 to anybody who follows and reposts. Sounds a bit like the Bill Gates email chain back in the early 2000's. Anyways, it seems super sketchy to me but couldn't find definitive proof on if it was legitimate or completely fake. Thanks @oprah & @tylerperry. Such a blessing for us to win this amount of money and now I'm giving back to those in need. My name is Rick Knudsen I won the California lottery of $180 Million. I am a father of five and very blessed. First 50k followers will receive a $1000 from me. ONLY WAY TO GET $1000 YOU MUST 1.) FOLLOW ME REPOST THIS VIDEO AND TAG YOUR FRIENDS 2.) SHOUT ME OUT 3.) COMMENT While a man named Rick Knudsen did win a $180 million Powerball jackpot in California in September 2014, the Instagram account was a phony; mentions of Oprah and Tyler Perry were included to lend the hoax legitimacy. So, once again, there is no free lunch to be had, no free-spirited $1 million giveaway from some hithertofore unheard of overjoyed Powerball winner. Instead, it's all just a hoax intended to lure the gullible into chasing a non-existent rainbow and in the process bestowing upon its perpetrator some cheap Internet fame.",
  "Originally Published": "",
  "Referred Links": "http://www.powerball.com/pb_contact.asp;",
  "Example": "[Collected via e-mail, November 2012] a male named Nolan Daniels from Florida Ridge Fl is posting he will give a million dollars to the millionth person who shares his picture on Facebook... is this true? This guy on Facebook says he won Powerball and if you share his photo, he will give 1 million to a random individual. The picture features the user in question holding the \"winning\" Powerball ticket.",
  "Last Updated": "14 November 2014",
  "Credibility": "false",
  "URL": "www.snopes.com/inboxer/nothing/nolandaniels.asp",
  "Claim": "Lottery winners are sharing their fortunes with social media users.",
  "Claim_ID": "inboxer_nothing_nolandaniels",
  "Tags": "",
  "Google Results": [
    {
      "results": [
        {
          "domain": "www.snopes.com",
          "link": "http://www.snopes.com/inboxer/nothing/nolandaniels.asp",
          "link_type": "results"
        },
        {
          "domain": "www.dailymail.co.uk",
          "link": "http://www.dailymail.co.uk/news/article-3392044/Is-Winning-numbers-biggest-Lottery-jackpot-58million-26-27-46-47-52-58-bonus-ball-48.html",
          "link_type": "results"
        },
        {
          "domain": "www.dailymail.co.uk",
          "link": "http://www.dailymail.co.uk/news/article-2723068/Lucky-Dip-lottery-winner-vows-share-fortune-best-mate.html",
          "link_type": "results"
        },
        {
          "domain": "www.usatoday.com",
          "link": "http://www.usatoday.com/story/news/nation/2014/03/23/lottery-winners-share-fortune/6752225/",
          "link_type": "results"
        },
        {
          "domain": "docs.google.com",
          "link": "https://docs.google.com/document/d/11nB0X6FCUu-BSDREHVPp9zQEpoxGX0MqCjyGKehV2VA/edit",
          "link_type": "results"
        },
        {
          "domain": "www.dailydot.com",
          "link": "http://www.dailydot.com/crime/instagram-lottery-hoax/",
          "link_type": "results"
        },
        {
          "domain": "mashable.com",
          "link": "http://mashable.com/category/powerball/",
          "link_type": "results"
        },
        {
          "domain": "www.ndtv.com",
          "link": "http://www.ndtv.com/offbeat/vertigos-new-unfollow-taps-into-dark-side-of-social-media-and-the-character-of-humanity-1240267",
          "link_type": "results"
        },
        {
          "domain": "sudeva.in",
          "link": "http://sudeva.in/filess/how-do-you-instagram-a-full-photo/",
          "link_type": "results"
        },
        {
          "domain": "laze.net",
          "link": "http://laze.net/network/linkstream/",
          "link_type": "results"
        }
      ]
    },
    {
      "results": [
        {
          "domain": "www.creditcards.com",
          "link": "http://www.creditcards.com/credit-card-news/5-reasons-you-dont-want-win-lottery-money-1264.php",
          "link_type": "results"
        },
        {
          "domain": "www.youtube.com",
          "link": "https://www.youtube.com/watch?v=HiUpBJVc-Fk",
          "link_type": "results"
        },
        {
          "domain": "fortune.com",
          "link": "http://fortune.com/2015/11/03/twitter-heart-like-star-favorite/",
          "link_type": "results"
        },
        {
          "domain": "en.wikipedia.org",
          "link": "https://en.wikipedia.org/wiki/Lottery",
          "link_type": "results"
        },
        {
          "domain": "www.msn.com",
          "link": "http://www.msn.com/en-gb/money/careersandeducation/7-ways-to-use-facebook-to-get-a-job/ar-AAe1rrX",
          "link_type": "results"
        },
        {
          "domain": "www.scambusters.org",
          "link": "http://www.scambusters.org/moneyflipping.html",
          "link_type": "results"
        },
        {
          "domain": "www.macrumors.com",
          "link": "http://www.macrumors.com/2015/04/17/wwdc-2015-lottery-emails/",
          "link_type": "results"
        },
        {
          "domain": "www.express.co.uk",
          "link": "http://www.express.co.uk/life-style/life/492055/Lottery-Winnings-150million-EuroMillions-Adrian-Bayford-and-wife-Gillian-Couple",
          "link_type": "results"
        },
        {
          "domain": "www.dailywire.com",
          "link": "http://www.dailywire.com/news/2658/she-spent-her-life-savings-powerball-tickets-now-chase-stephens",
          "link_type": "results"
        }
      ]
    },
    {
      "results": [
        {
          "domain": "www.clickz.com",
          "link": "http://www.clickz.com/tag/google-plus/page/3",
          "link_type": "results"
        },
        {
          "domain": "www.washingtonpost.com",
          "link": "https://www.washingtonpost.com/news/innovations/wp/2013/12/18/social-media-desperately-needs-an-antidote-for-bragging/",
          "link_type": "results"
        },
        {
          "domain": "www.bbc.co.uk",
          "link": "http://www.bbc.co.uk/news/uk-19099777",
          "link_type": "results"
        },
        {
          "domain": "www.bbc.com",
          "link": "http://www.bbc.com/news/uk-scotland-glasgow-west-21322283",
          "link_type": "results"
        },
        {
          "domain": "www.socialmediaexaminer.com",
          "link": "http://www.socialmediaexaminer.com/social-media-promotions-and-the-law-what-you-need-to-know/",
          "link_type": "results"
        },
        {
          "domain": "www.mywebtimes.com",
          "link": "http://www.mywebtimes.com/news/local/who-says-money-can-t-buy-friends/article_13cb61b2-9708-5936-b8a8-fff8974aa3e7.html?mode=jqm",
          "link_type": "results"
        },
        {
          "domain": "www.pandasecurity.com",
          "link": "http://www.pandasecurity.com/mediacenter/news/fraudsters-use-bbc-real-news-bait-steal-users-identity/",
          "link_type": "results"
        },
        {
          "domain": "fox8.com",
          "link": "http://fox8.com/?year=2012&s=lottery",
          "link_type": "results"
        },
        {
          "domain": "www.govloop.com",
          "link": "https://www.govloop.com/community/blog/massachusetts-state-treasury-is-getting-social/",
          "link_type": "results"
        },
        {
          "domain": "www.pcmag.com",
          "link": "http://www.pcmag.com/article2/0,2817,2412753,00.asp",
          "link_type": "results"
        }
      ]
    }
  ]
}