{
  "Origins": "The spreading of information (like the graphic reproduced above) advocating the use of microwave ovens as a means for quickly recharging cell phones is nothing more than a type of Fool's Errand , a bit of flimflammery intended to lure the gullible into attempting absurd and impossible (and sometimes dangerous) tasks.",
  "Fact Check": "",
  "Description": "Apple had no need to launch a \"smear campaign\" to discourage consumers from using microwave ovens to recharge their cell phones, because that method simply doesn't work: microwave ovens emit radio waves, not electrical current, so they can't be used to directly charge standard cell phone batteries without additional adaptive equipment. Moreover, heating metal-based electronic devices to high temperatures is generally not a good thing, and the most likely result of placing a cell phone in a microwave oven will be that the phone will be ruined (and the microwave oven potentially damaged as well). The following videos show what typically happens to those brave (or foolhardy) enough to try it: This hoax was resurrected in September 2014 in conjunction with the release of iPhone 6 and iOS 8 , this time in the form of a graphic that imitated the look of Apple informative advertisements and touted a purported new technology called Wave that would \"become automatically activated when you update to iOS 8\" and allow users to \"Wave-charge\" any device running that mobile operating system \"by placing it within a household microwave for a minute and a half\": In response, some netizens picked up images from previous versions of the jape and played with them: I tried using the new IOS 8 feature WAVE where you can charge your phone with a microwave, does not work @Apple pic.twitter.com/IWsWnVboUl nick (@Fallenbot) September 18, 2014 Back in 2009 Nokia announced it was working on a prototype for a cell phone that could recharge itself from ambient radio waves, but as far as we know that project has not yet come to fruition.",
  "Originally Published": "",
  "Referred Links": "http://www.technologyreview.com/news/413744/wireless-power-harvesting-for-cell-phones/;https://twitter.com/Fallenbot/status/512627909023248384;http://t.co/IWsWnVboUl;https://twitter.com/Apple;",
  "Example": "[Collected on the Internet, June 2013] I found this online and it claims you can fully charge an iPhone if you put it in a microwave for a minute. I don't believe it but I keep seeing it on Facebook: \"A smart phone microwaved for just one minute will fully charge the battery. In 2005 Apple started a smear campaign to discourage customers from using this method to charge phones as it would affect charger sales. Scientific studies shows that charging a phone this way is safe and is actually better for the phone's battery life as electric current found in mains can fluctuate and damage the battery cell.\"",
  "Last Updated": "19 September 2014",
  "Credibility": "false",
  "URL": "www.snopes.com/inboxer/hoaxes/phonecharge.asp",
  "Claim": "You can quickly recharge your cell phone by microwaving it.",
  "Claim_ID": "inboxer_hoaxes_phonecharge",
  "Tags": "",
  "Google Results": [
    {
      "results": [
        {
          "domain": "www.snopes.com",
          "link": "http://www.snopes.com/inboxer/hoaxes/phonecharge.asp",
          "link_type": "results"
        },
        {
          "domain": "www.dailymail.co.uk",
          "link": "http://www.dailymail.co.uk/news/article-2768976/Emergency-services-forced-step-iPhone-users-fall-internet-prank-explains-use-microwave-charge-phone.html",
          "link_type": "results"
        },
        {
          "domain": "www.youtube.com",
          "link": "https://www.youtube.com/watch?v=Bdld61OMqKs",
          "link_type": "results"
        },
        {
          "domain": "www.youtube.com",
          "link": "https://www.youtube.com/watch?v=EYbSkAsYEME",
          "link_type": "results"
        },
        {
          "domain": "www.pcmag.com",
          "link": "http://www.pcmag.com/article2/0,2817,2469130,00.asp",
          "link_type": "results"
        },
        {
          "domain": "www.cnbc.com",
          "link": "http://www.cnbc.com/2014/09/24/fake-microwave-charging-ad-enrages-apple-ios8-users.html",
          "link_type": "results"
        },
        {
          "domain": "wafflesatnoon.com",
          "link": "http://wafflesatnoon.com/cell-phone-microwave-hoax/",
          "link_type": "results"
        },
        {
          "domain": "discussions.apple.com",
          "link": "https://discussions.apple.com/thread/5081087?tstart=0",
          "link_type": "results"
        },
        {
          "domain": "www.news.com.au",
          "link": "http://www.news.com.au/technology/apple-wave-microwave-charge-hoax-hits-twitter-after-ios8-launch/news-story/a7927871ba140582786a8da978d6e05a",
          "link_type": "results"
        },
        {
          "domain": "www.nydailynews.com",
          "link": "http://www.nydailynews.com/news/national/iphone-wave-hoax-claims-devices-charged-microwave-article-1.1950755",
          "link_type": "results"
        }
      ]
    },
    {
      "results": [
        {
          "domain": "",
          "link": "/aclk?sa=L&ai=CgC38NNOiVtirMYf7pAPI4I_QDaaT9LEI9qien8AC082WKggAEAFg5av5hKgWkAECyAEBqgQlT9BeAH67HNf9vaYN1eCISW0-QHlktEwXvAJL2u1OvrFfAseIr4AH7uqcN5AHA6gHpr4b2AcB&sig=AOD64_1MqugsveyDB26u7b8u_iE1NI_8uQ&clui=0&q=&ved=0ahUKEwiugv2Z4L7KAhXosIMKHeoCASs4ChDRDAgY&adurl=http://www.apple.com/mx/iphone-6s/%3Fcid%3Dwwa-mx-kwg-iphone",
          "link_type": "ads_main"
        },
        {
          "domain": "www.googleadservices.com",
          "link": "http://www.googleadservices.com/pagead/aclk?sa=L&ai=CE4_ANNOiVtirMYf7pAPI4I_QDaaZs88Dvq655aoC0q7O0W8IAxABYOWr-YSoFpABAqAB8r6M3QPIAQGqBCdP0E46sqUG5s2Fn4wf47bQEbZSFwa6mq6t88al_HdWUllEWqRlVZKIBgGAB_bA8yKQBwOoB6a-G9gHAQ&ohost=www.google.com.mx&cid=CAASIuRop4ZJeDVF0lG62aybHMPnvg1puihHoPpewzuLRFIsM2Y&sig=AOD64_2JczylTv6rnwSJPQgBo6FMLkOkAA&clui=3&q=&ved=0ahUKEwiugv2Z4L7KAhXosIMKHeoCASs4ChDRDAhr&adurl=http://mobilerecharge.com/buy/mobile_recharge",
          "link_type": "ads_main"
        },
        {
          "domain": "www.themarysue.com",
          "link": "http://www.themarysue.com/dont-microwave-your-iphone-to-charge/",
          "link_type": "results"
        },
        {
          "domain": "en.rocketnews24.com",
          "link": "http://en.rocketnews24.com/2013/01/23/just-pop-it-in-the-microwave-and-charge-but-really-iphone-owners-should-know-better-shouldnt-they/",
          "link_type": "results"
        },
        {
          "domain": "www.smh.com.au",
          "link": "http://www.smh.com.au/digital-life/mobiles/ios-8-wave-charge-hoax-hits-the-internet-encourages-people-to-microwave-iphones-20140924-10llhq.html",
          "link_type": "results"
        },
        {
          "domain": "www.bustle.com",
          "link": "http://www.bustle.com/articles/40792-your-iphone-6-wont-charge-in-the-microwave-4-other-things-you-shouldnt-do-with",
          "link_type": "results"
        },
        {
          "domain": "www.digitaltrends.com",
          "link": "http://www.digitaltrends.com/mobile/fake-ads-suggest-can-charge-iphone-6-microwave/",
          "link_type": "results"
        },
        {
          "domain": "fox2now.com",
          "link": "http://fox2now.com/2014/09/24/no-you-cant-charge-your-iphone-6-in-the-microwave/",
          "link_type": "results"
        },
        {
          "domain": "bgr.com",
          "link": "http://bgr.com/2014/09/22/iphone-6-and-ios-8-wireless-charging-hoax/",
          "link_type": "results"
        },
        {
          "domain": "www.lifehacker.com.au",
          "link": "http://www.lifehacker.com.au/2013/06/ask-lh-can-you-recharge-a-mobile-battery-in-the-microwave/",
          "link_type": "results"
        },
        {
          "domain": "www.inquisitr.com",
          "link": "http://www.inquisitr.com/1483271/iphone-hoax-ios-8-wave/",
          "link_type": "results"
        },
        {
          "domain": "www.itpro.co.uk",
          "link": "http://www.itpro.co.uk/apps/23149/ios-8-hoax-ad-claims-users-can-re-charge-iphones-in-microwave",
          "link_type": "results"
        }
      ]
    },
    {
      "results": [
        {
          "domain": "",
          "link": "/aclk?sa=L&ai=CHkRdN9OiVt7oEZWLpgP_hYnoA6aT9LEI9qien8AC082WKggDEAFg5av5hKgWkAEDyAEBqgQlT9Dti0j9vzHspcUnzUAbgKkxhaapQ1wUtHMfrjgSAa4zpeo_3oAH7uqcN5AHA6gHpr4b2AcB&sig=AOD64_2Ro9QXxFKTWGfn-LdefiaGSUu6SQ&clui=0&q=&ved=0ahUKEwjv4Jab4L7KAhWBnIMKHbW6AyE4FBDRDAhd&adurl=http://www.apple.com/mx/iphone-6s/%3Fcid%3Dwwa-mx-kwg-iphone",
          "link_type": "ads_main"
        },
        {
          "domain": "www.ctvnews.ca",
          "link": "http://www.ctvnews.ca/sci-tech/iphone-users-target-of-wave-microwave-charging-hoax-1.2020158",
          "link_type": "results"
        },
        {
          "domain": "www.cbc.ca",
          "link": "http://www.cbc.ca/newsblogs/yourcommunity/2014/09/4chan-prank-gets-apple-users-to-microwave-their-iphones.html",
          "link_type": "results"
        },
        {
          "domain": "dailyoftheday.com",
          "link": "http://dailyoftheday.com/wave-people-actually-tried-charge-iphone-microwave/",
          "link_type": "results"
        },
        {
          "domain": "nakedsecurity.sophos.com",
          "link": "https://nakedsecurity.sophos.com/2014/09/23/no-apple-wave-does-not-let-you-charge-your-iphones-in-the-microwave/",
          "link_type": "results"
        },
        {
          "domain": "www.cleveland.com",
          "link": "http://www.cleveland.com/nation/index.ssf/2014/09/fake_ad_tells_iphone_6_owners.html",
          "link_type": "results"
        },
        {
          "domain": "www.quora.com",
          "link": "https://www.quora.com/Is-it-true-that-you-can-charge-your-cellphone-for-one-minute-in-the-microwave-and-it-will-get-fully-charged",
          "link_type": "results"
        },
        {
          "domain": "skeptics.stackexchange.com",
          "link": "http://skeptics.stackexchange.com/questions/16584/can-you-recharge-a-phone-battery-in-the-microwave",
          "link_type": "results"
        },
        {
          "domain": "metro.co.uk",
          "link": "http://metro.co.uk/2014/09/20/4chan-hoax-claiming-iphone-6-can-be-charged-in-a-microwave-leads-to-many-destroyed-phones-4875770/",
          "link_type": "results"
        },
        {
          "domain": "www.hoax-slayer.com",
          "link": "http://www.hoax-slayer.com/microwave-smart-phone-charge-battery.shtml",
          "link_type": "results"
        },
        {
          "domain": "www.boston.com",
          "link": "http://www.boston.com/business/technology/2014/09/21/fake-claims-you-can-charge-iphone-the-microwave-don-charge-iphone-the-microwave/yBao4ph4AzJj8pRzveOCrN/story.html",
          "link_type": "results"
        }
      ]
    }
  ]
}