{
  "Origins": "On the night of 21 September 2014, Alaskan reporter Charlo Greene became a viral video star after her on-air resignation rapidly racked up YouTube views. According to Alaska Dispatch News , Greene quit during the 10 PM broadcast of KTVA's local news, right after disclosing her status as owner of an Alaska marijuana advocacy group.",
  "Fact Check": "",
  "Description": "In the clip below, Greene says: Now everything you've heard is why I, the actual owner of the Alaska Cannabis Club, will be dedicating all of my energy toward fighting for freedom and fairness, which begins with legalizing marijuana here in Alaska. And as for this job, well, not that I have a choice but, f*** it, I quit. [Warning: there is some brief profanity in the following video.] Later, Greene admitted that KTVA did not know of her connection to the issue or the Alaska Cannabis Club prior to her dramatic resignation, and she indicated that she used her platform to publicize the plight of Alaska's medicinal marijuana users: ... I wanted to draw attention to this issue. And the issue is medical marijuana. Ballot Measure 2 is a way to make medical marijuana real ... most patients didn't know the state didn't set up the framework to get patients their medicine. If I offended anyone, I apologize, but I'm not sorry for the choice that I made. A status update posted to the Alaska Cannabis Club's official Facebook page on 21 September just prior to the broadcast hinted at a development to come: Post by Alaska Cannabis Club. Hours later, KTVA addressed Greene's profanity and unexpected camera walk-off via their Facebook page. In a statement, KTVA 11's News Director Bert Rudman stated that Greene had been fired, and explained: Dear Viewers, We sincerely apologize for the inappropriate language used by a KTVA reporter during her live presentation on the air Sept. 21. The employee is terminated. Bert Rudman News Director - KTVA 11 News Charlo Greene appears to have timed her viral fame to in part in order to attract backers for a campaign aimed at passing legislation in Alaska that regulates marijuana like alcohol. An Indiegogo page has been set up to raise funds here .",
  "Originally Published": "",
  "Referred Links": "https://www.indiegogo.com/projects/alaska-cannabis-club-s-freedom-fairness-fight;https://www.facebook.com/pages/Alaska-Cannabis-Club/1409363396015725;https://www.facebook.com/1409363396015725/photos/a.1411401349145263.1073741829.1409363396015725/1482256548726409/?type=1;http://www.adn.com/article/20140921/ktva-reporter-quits-air-reveals-herself-owner-alaska-cannabis-club;https://twitter.com/questlove/status/514090900298145792;https://t.co/ZmzEpK0TGN;",
  "Example": "[Collected via Twitter, September 2014] Charlo Greene wants you to vote YES on Ballot Measure 2 on Nov 4th Alaska https://t.co/ZmzEpK0TGN i agree Questlove Gomez (@questlove) September 22, 2014",
  "Last Updated": "22 September 2014",
  "Credibility": "true",
  "URL": "www.snopes.com/info/news/charlogreene.asp",
  "Claim": "Reporter Charlo Greene uttered a profanity and resigned live on air to devote herself full-time to legalizing marijuana.",
  "Claim_ID": "info_news_charlogreene",
  "Tags": "",
  "Google Results": [
    {
      "results": [
        {
          "domain": "www.snopes.com",
          "link": "http://www.snopes.com/info/news/charlogreene.asp",
          "link_type": "results"
        },
        {
          "domain": "www.dailymail.co.uk",
          "link": "http://www.dailymail.co.uk/news/article-2765910/Alaska-news-reporter-resigned-live-air-reveals-one-woman-campaign-legalize-marijuana-Why-I-quit-video.html",
          "link_type": "results"
        },
        {
          "domain": "www.youtube.com",
          "link": "https://www.youtube.com/watch?v=rYcSqIuqkz4",
          "link_type": "results"
        },
        {
          "domain": "www.independent.co.uk",
          "link": "http://www.independent.co.uk/news/weird-news/lists/fck-it-i-quit-tv-reporter-charlo-greene-quits-live-on-air-in-spectacular-fashion-9748394.html",
          "link_type": "results"
        },
        {
          "domain": "kron4.com",
          "link": "http://kron4.com/2014/09/22/nsfw-video-alaska-tv-reporter-quits-on-air-to-fight-for-legal-pot/",
          "link_type": "results"
        },
        {
          "domain": "wonkette.com",
          "link": "http://wonkette.com/561187/now-this-is-how-you-quit-your-job",
          "link_type": "results"
        },
        {
          "domain": "university.sciencenet.cn",
          "link": "http://university.sciencenet.cn/index.php?s=/Index/datail/id/685",
          "link_type": "results"
        },
        {
          "domain": "vclass.gdufs.edu.cn",
          "link": "http://vclass.gdufs.edu.cn/webapps/cmsmain/webui/institution/00%20%E6%95%99%E8%82%B2%E6%8A%80%E6%9C%AF%E4%B8%AD%E5%BF%83%E8%B5%84%E6%BA%90/%E4%B8%AD%E5%9B%BD%E8%AF%AD%E8%A8%80%E6%96%87%E5%AD%A6%E7%B1%BB/%E5%90%8D%E5%AE%B6%E5%90%8D%E4%BD%9C%E7%B3%BB%E5%88%97/%E8%80%81%E8%88%8D%E4%BD%9C%E5%93%81%E9%9B%86/%E9%AA%86%E9%A9%BC%E7%A5%A5%E5%AD%90.avi?subaction=printcomments&showAll=true&action=details&gobackto=dirList-&sortCol=commentColumn&sortDir=ASCENDING&startIndex=0&uniq=gshfph",
          "link_type": "results"
        },
        {
          "domain": "dksheets.com",
          "link": "http://dksheets.com/category/relationships/",
          "link_type": "results"
        },
        {
          "domain": "ugur-kaya.com",
          "link": "http://ugur-kaya.com/cgi-bin/Stray-Questions-View.php?num=",
          "link_type": "results"
        }
      ]
    },
    {
      "results": [
        {
          "domain": "www.atc.ac.th",
          "link": "http://www.atc.ac.th/thaiatc/atc/index.php?f=data3&id=64999&action=open",
          "link_type": "results"
        },
        {
          "domain": "stylejunge.de",
          "link": "http://stylejunge.de/shops/mshi",
          "link_type": "results"
        },
        {
          "domain": "www.portrait-photos.org",
          "link": "http://www.portrait-photos.org/discussions/best_digital_slr_dslr_camera_for_beginners.html",
          "link_type": "results"
        },
        {
          "domain": "test.sklkommentus.se",
          "link": "http://test.sklkommentus.se/vara-produkter/webbutik/blanketter/halso-och-sjukvard/allman-sjukvard/rekv-av-journalhandlingar-a4/",
          "link_type": "results"
        },
        {
          "domain": "nanum21.jesustv.kr",
          "link": "http://nanum21.jesustv.kr/board/board_001.php?mode=read&read_no=16",
          "link_type": "results"
        },
        {
          "domain": "www.temasport.com",
          "link": "http://www.temasport.com/news/view/%D0%A1%D0%BF%D0%B0%D1%81+%D0%94%D0%B5%D0%BB%D0%B5%D0%B2%3A+%D0%9C%D0%B5%D1%87%D1%82%D0%B0%D1%8F+%D0%B4%D0%B0+%D0%B8%D0%B3%D1%80%D0%B0%D1%8F+%D0%B7%D0%B0+%D0%A1%D1%82%D0%BE%D0%B9%D1%87%D0%BE+%D0%9C%D0%BB%D0%B0%D0%B4%D0%B5%D0%BD%D0%BE%D0%B2/news:15903",
          "link_type": "results"
        },
        {
          "domain": "woyengazeta.org",
          "link": "http://woyengazeta.org/index.php/forum/24-abziama/640-2015-06-25-13-30-04?pageNumber=2&pageNumber=0&pageNumber=824",
          "link_type": "results"
        },
        {
          "domain": "www.kookzorg.nl",
          "link": "http://www.kookzorg.nl/informatie/",
          "link_type": "results"
        },
        {
          "domain": "webzine.petrheller.info",
          "link": "http://webzine.petrheller.info/?article=k-cemu-linkbuilding-kdyz-jsem-prvni",
          "link_type": "results"
        },
        {
          "domain": "lebret.ch",
          "link": "http://lebret.ch/embeddings/50/vocab.txt",
          "link_type": "results"
        }
      ]
    },
    {
      "results": [
        {
          "domain": "xinli.jlsu.edu.cn",
          "link": "http://xinli.jlsu.edu.cn/article/view.asp?id=217",
          "link_type": "results"
        },
        {
          "domain": "issuu.com",
          "link": "http://issuu.com/fashionhausprivate/docs/vogueusaseptember2015",
          "link_type": "results"
        },
        {
          "domain": "demo1.cmsmart.net",
          "link": "http://demo1.cmsmart.net/fashionshop/index.php/new-balance-565-trainers.html",
          "link_type": "results"
        },
        {
          "domain": "www.canteparaoseubebe.com",
          "link": "http://www.canteparaoseubebe.com/PageMusic.cshtml?id=14&addComment=true&seeComment=true",
          "link_type": "results"
        },
        {
          "domain": "www.opinionamerica.net",
          "link": "http://www.opinionamerica.net/daily-report-1.html",
          "link_type": "results"
        },
        {
          "domain": "www.foodhana.com",
          "link": "http://www.foodhana.com/goods_ask_view.php?idx=76",
          "link_type": "results"
        },
        {
          "domain": "nuffieldmedical.com.sg",
          "link": "http://nuffieldmedical.com.sg/posts/reducing-the-pain-and-discomfort",
          "link_type": "results"
        },
        {
          "domain": "totylkomojswiat.mblog.pl",
          "link": "http://totylkomojswiat.mblog.pl/607091,komentarze.html",
          "link_type": "results"
        },
        {
          "domain": "www.flashbox.co.il",
          "link": "http://www.flashbox.co.il/gallery.php?act=showPic&id=16648&pic=16793",
          "link_type": "results"
        },
        {
          "domain": "luismollbriones.cl",
          "link": "http://luismollbriones.cl/galerias/",
          "link_type": "results"
        }
      ]
    }
  ]
}