{
  "Origins": "On 19 September 2014, the iPhone 6 hit Apple Stores the world over, creating the standard techie brouhaha and prompting long storeside campouts. One of the lucky first iPhone 6 owners was Jack Cooksey of Perth, Australia ... but the young man was not lucky for very long.",
  "Fact Check": "",
  "Description": "Having notably snagged the first available iPhone 6 in Australia, Cooksey then was approached by a local news team about his purchase. He seemed both excited and slightly unnerved by appearing on live television to show off his new phone, and struggled to pry the white box apart. After a tense few moments of nearly dead air, Cooksey managed to open his iPhone 6 for the camera crew and it promptly dropped from the box and fell face-down onto the pavement. The moment was captured on the news: Whether or not Cooksey's iPhone 6 survived the pavement crash intact remains to be seen. While the device appeared in the video to be largely unmarred by its journey to the sidewalk, some viewers observed the shopper picking at what may have been a small crack at the device's lower left corner.",
  "Originally Published": "",
  "Referred Links": "https://twitter.com/funnyorfact/status/513023599117361153;https://t.co/oj9AnwAosO;",
  "Example": "[Collected via Twitter, September 2014] The first guy to buy an iPhone 6 in Australia, drop it in excitement. https://t.co/oj9AnwAosO funnyorfact (@funnyorfact) September 19, 2014",
  "Last Updated": "19 September 2014",
  "Credibility": "true",
  "URL": "www.snopes.com/info/news/iphone6.asp",
  "Claim": "The first iPhone 6 buyer in Australia dropped his new gadget immediately afterwards on live TV.",
  "Claim_ID": "info_news_iphone6",
  "Tags": "",
  "Google Results": [
    {
      "results": [
        {
          "domain": "",
          "link": "/aclk?sa=L&ai=CwH6PoeSjVurgCYKBpQPzlISIA-SJo9UHpP2Gr-MCzdnwjw0IAxABYOUDyAEBqQKQwFyY94KnPqoEJU_QbT7XTb06YwUgxmqdowrDxjRtVWGRNEFNOfHB52wNszLBLN-AB7b_9QiQBwOoB6a-G9gHAQ&sig=AOD64_160kdANFGdJK4ua5Y1hiu6jvs2XA&clui=0&q=&ved=0ahUKEwjkyO365MDKAhUGu4MKHUOdAcQQ0QwIXA&adurl=http://www.apple.com/au/iphone-6s/%3Fcid%3Dwwa-au-kwg-iphone",
          "link_type": "ads_main"
        },
        {
          "domain": "www.youtube.com",
          "link": "https://www.youtube.com/watch?v=Yx2FP1XsZR0",
          "link_type": "results"
        },
        {
          "domain": "www.bbc.com",
          "link": "http://www.bbc.com/news/technology-29275039",
          "link_type": "results"
        },
        {
          "domain": "www.snopes.com",
          "link": "http://www.snopes.com/info/news/iphone6.asp",
          "link_type": "results"
        },
        {
          "domain": "www.mirror.co.uk",
          "link": "http://www.mirror.co.uk/news/technology-science/technology/first-person-buy-iphone-6-4285430",
          "link_type": "results"
        },
        {
          "domain": "thenextdigit.com",
          "link": "http://thenextdigit.com/11946/iphone-6-buyer-drops-accidentally-live-perth/",
          "link_type": "results"
        },
        {
          "domain": "www.dailymail.co.uk",
          "link": "http://www.dailymail.co.uk/sciencetech/article-2761650/It-s-just-PHONE-right-After-camping-days-queuing-blocks-fighting-fellow-Apple-fans-iPhone-6-arrived-Australia.html",
          "link_type": "results"
        },
        {
          "domain": "www.travelerstoday.com",
          "link": "http://www.travelerstoday.com/articles/12014/20140919/iphone-6-dropped-live-tv-first-buyer-drops-during-launch.htm",
          "link_type": "results"
        },
        {
          "domain": "www.cnet.com",
          "link": "http://www.cnet.com/news/apple-fan-buys-iphone-6-promptly-drops-it-on-tv/",
          "link_type": "results"
        },
        {
          "domain": "news.sky.com",
          "link": "http://news.sky.com/story/1338606/man-drops-new-iphone-seconds-after-buying-it",
          "link_type": "results"
        },
        {
          "domain": "www.standard.co.uk",
          "link": "http://www.standard.co.uk/news/techandgadgets/man-is-first-person-to-buy-iphone-6-in-australian-city-but-immediately-drops-it-9742913.html",
          "link_type": "results"
        }
      ]
    },
    {
      "results": [
        {
          "domain": "",
          "link": "/aclk?sa=L&ai=C6MzXo-SjVsDKM4zapAPWuZvYAuSJo9UHpP2Gr-MCzdnwjw0IABABYOUDkAECyAEBqQKQwFyY94KnPqoEJU_QAkeiHifICxubgNsxWIrwi95AJ5RoMsjzRhypkgccAlwUL0uAB7b_9QiQBwOoB6a-G9gHAQ&sig=AOD64_1ZE2L_IlCfwcU9epNL9hilPeT4yQ&clui=0&q=&ved=0ahUKEwj3mpD85MDKAhVGsYMKHf50DRM4ChDRDAgY&adurl=http://www.apple.com/au/iphone-6s/%3Fcid%3Dwwa-au-kwg-iphone",
          "link_type": "ads_main"
        },
        {
          "domain": "www.nydailynews.com",
          "link": "http://www.nydailynews.com/news/national/crowds-flock-apple-stores-iphone-6-release-article-1.1945392",
          "link_type": "results"
        },
        {
          "domain": "www.huffingtonpost.co.uk",
          "link": "http://www.huffingtonpost.co.uk/2014/09/19/iphone-6-dropped_n_5847520.html",
          "link_type": "results"
        },
        {
          "domain": "www.hngn.com",
          "link": "http://www.hngn.com/articles/42967/20140919/iphone-6-release-meet-two-of-the-first-iphone-6-owners-in-the-world.htm",
          "link_type": "results"
        },
        {
          "domain": "amp.cbslocal.com",
          "link": "http://amp.cbslocal.com/2014/09/19/watch-the-first-iphone-6-owner-drop-it-on-live-tv/",
          "link_type": "results"
        },
        {
          "domain": "www.valavideo.com",
          "link": "http://www.valavideo.com/index.php/videos/watch_videos/first-buyer-in-perth-drops-iphone-6-during-tv-interview-uKVqxN+h1sJ3zao.html",
          "link_type": "results"
        },
        {
          "domain": "www.philly.com",
          "link": "http://www.philly.com/philly/blogs/trending/WATCH-Man-buys-first-iPhone-6-promptly-drops-it-on-live-TV.html",
          "link_type": "results"
        },
        {
          "domain": "www.reviewjournal.com",
          "link": "http://www.reviewjournal.com/trending/feed/first-guy-line-new-iphone-6-immediately-dropped-it",
          "link_type": "results"
        },
        {
          "domain": "www.nextpowerup.com",
          "link": "http://www.nextpowerup.com/news/13453/scooter-thief-steals-fake-iphone-6-on-live-tv/",
          "link_type": "results"
        },
        {
          "domain": "www.gottabemobile.com",
          "link": "http://www.gottabemobile.com/2014/09/20/iphone-6-plus-unboxing-video-and-first-impressions/",
          "link_type": "results"
        },
        {
          "domain": "www.ctvnews.ca",
          "link": "http://www.ctvnews.ca/sci-tech/first-person-to-buy-new-iphone-6-drops-it-seconds-after-purchase-1.2014991",
          "link_type": "results"
        }
      ]
    },
    {
      "results": [
        {
          "domain": "article.wn.com",
          "link": "http://article.wn.com/view/2014/09/19/Brand_new_iPhone_dropped_on_live_TV/",
          "link_type": "results"
        },
        {
          "domain": "www.idownloadblog.com",
          "link": "http://www.idownloadblog.com/2014/09/18/ifixit-iphone-6-plus-teardown/",
          "link_type": "results"
        },
        {
          "domain": "www.inquisitr.com",
          "link": "http://www.inquisitr.com/1485033/first-owner-of-the-iphone-6-drops-phone-upon-opening-package-video/",
          "link_type": "results"
        },
        {
          "domain": "jenkers.com",
          "link": "https://jenkers.com/en#!t=5380509",
          "link_type": "results"
        },
        {
          "domain": "www.theguardian.com",
          "link": "http://www.theguardian.com/technology/video/2015/sep/25/iphone-6s-apple-fans-queue-sydney-robot-first-buy-video",
          "link_type": "results"
        },
        {
          "domain": "www.wsj.com",
          "link": "http://www.wsj.com/articles/we-need-the-right-to-repair-our-gadgets-1441737868",
          "link_type": "results"
        },
        {
          "domain": "alltop.com",
          "link": "http://alltop.com/",
          "link_type": "results"
        },
        {
          "domain": "www.pcworld.idg.com.au",
          "link": "http://www.pcworld.idg.com.au/article/462529/five_reasons_avoid_samsung_galaxy_s4/",
          "link_type": "results"
        },
        {
          "domain": "www.pinterest.com",
          "link": "https://www.pinterest.com/pin/8514686771992264/",
          "link_type": "results"
        },
        {
          "domain": "9to5mac.com",
          "link": "http://9to5mac.com/2015/07/19/review-apple-ipod-touch-6-generation-video/",
          "link_type": "results"
        }
      ]
    }
  ]
}