{
  "Origins": "In August 2015 a link began circulating on Facebook that promised users a $100 JCPenney coupon in exchange for liking and sharing a post (with a seemingly ticking deadline clock impressing upon them the need to hurry up and do so). Users who clicked through those shared links were greeted by a page titled \"Back to School with a $100 JCPenney Coupon,\" which mimicked the style of Facebook-based content (despite being hosted outside that social network):",
  "Fact Check": "Can Facebook users get a $100 JCPenney coupon for liking and sharing a post?",
  "Description": "However, those who looked closely at the embedded link may have noticed one prominent red flag. As seen in the example at the top of this page, the URL pointed to \"JCPeeney.net\" and not JCPenney.com, the official website of JCPenney. Users who shared the link to the real JCPenney's Facebook wall to ask if the attractive offer was legitimate received replies from chain representatives stating: I do apologize that I have to disappoint you. The $100 off $110 coupon offer that has been posted to some social media sites is not a valid JCPenney coupon. I apologize for any confusion this may have caused. Please stop by jcpenney.com to view offers that are currently available online and in our stores. Currently we are offering our Friends and Family discount. Happy Shopping. At this point most regular Facebook users have encountered (and will continue to see) similar survey scams; Kohl's, Costco, Home Depot, Lowe's, Kroger, Best Buy, Macy's, Olive Garden, Publix, Target, and Walmart are among retailers previously used as bait by scammers aiming collect personal information and page likes from social media users. A July 2014 article from the Better Business Bureau described common hallmarks of social media coupon scams: Don't believe what you see. It's easy to steal the colors, logos and header of an established organization. Scammers can also make links look like they lead to legitimate websites and emails appear to come from a different sender. Legitimate businesses do not ask for credit card numbers or banking information on customer surveys. If they do ask for personal information, like an address or email, be sure there's a link to their privacy policy. When in doubt, do a quick web search. If the survey is a scam, you may find alerts or complaints from other consumers. The organization's real website may have further information. Watch out for a reward that's too good to be true. If the survey is real, you may be entered in a drawing to win a gift card or receive a small discount off your next purchase. Few businesses can afford to give away $50 gift cards for completing a few questions. Legitimate coupons for JC Penney (and a large variety of other retailers) can be found on sale aggregators such as RetailMeNot, but even the largest discount codes never approach the $100+ savings promised by Facebook coupon scammers. Last updated: 10 August 2015",
  "Originally Published": " 10 August 2015",
  "Referred Links": "http://www.retailmenot.com/view/jcpenney.com;http://www.bbb.org/blog/2014/07/customer-survey-scam-lures-victims-with-gift-card/;https://www.facebook.com/jcp?fref=ts;",
  "Example": "",
  "Last Updated": "10 August 2015",
  "Credibility": "false",
  "URL": "www.snopes.com/jc-penney-coupon/",
  "Claim": "Facebook users can get a $100 JCPenney coupon for liking and sharing a post.",
  "Tags": "coupon scams;facebook survey scams;jc penney;coupons;facebook coupons;",
  "Claim_ID": "jc-penney-coupon",
  "Google Results": [
    {
      "results": [
        {
          "domain": "www.snopes.com",
          "link": "http://www.snopes.com/jc-penney-coupon/",
          "link_type": "results"
        },
        {
          "domain": "www.facebook.com",
          "link": "https://www.facebook.com/snopes/posts/688405911303931",
          "link_type": "results"
        },
        {
          "domain": "www.pinterest.com",
          "link": "https://www.pinterest.com/pin/192528952798253772/",
          "link_type": "results"
        },
        {
          "domain": "hoax.trendolizer.com",
          "link": "http://hoax.trendolizer.com/2015/08/100-jc-penney-coupon-scam.html",
          "link_type": "results"
        },
        {
          "domain": "polls.trendolizer.com",
          "link": "http://polls.trendolizer.com/2015/08/100-jc-penney-coupon-scam.html",
          "link_type": "results"
        },
        {
          "domain": "www.onlinethreatalerts.com",
          "link": "http://www.onlinethreatalerts.com/article/2015/10/27/beware-of-get-free-100-jcpenney-coupon-facebook-scam/",
          "link_type": "results"
        },
        {
          "domain": "www.doit.wisc.edu",
          "link": "http://www.doit.wisc.edu/news/easy-tips-to-help-avoid-holiday-scams/",
          "link_type": "results"
        },
        {
          "domain": "actlandcare.org.au",
          "link": "http://actlandcare.org.au/hbgwclrsgmzdsojw",
          "link_type": "results"
        },
        {
          "domain": "theaudl.com",
          "link": "http://theaudl.com/hbgwclrsgmzdsojw",
          "link_type": "results"
        },
        {
          "domain": "threat474.rssing.com",
          "link": "http://threat474.rssing.com/chan-5779971/all_p92.html",
          "link_type": "results"
        }
      ]
    },
    {
      "results": [
        {
          "domain": "www.acelg.org.au",
          "link": "http://www.acelg.org.au/mjvusnrogi3tqojtgq",
          "link_type": "results"
        },
        {
          "domain": "scamwiki.wordpress.com",
          "link": "https://scamwiki.wordpress.com/",
          "link_type": "results"
        },
        {
          "domain": "scamwiki.wordpress.com",
          "link": "https://scamwiki.wordpress.com/2012/02/21/mcdonalds-free-vouchers-limited-offer-facebook-scam/",
          "link_type": "results"
        },
        {
          "domain": "slickdeals.net",
          "link": "http://slickdeals.net/coupons/jc-penney/",
          "link_type": "results"
        },
        {
          "domain": "www.wlwt.com",
          "link": "http://www.wlwt.com/news/fake-kroger-coupon-making-rounds-on-facebook/33594448",
          "link_type": "results"
        },
        {
          "domain": "www.bradsdeals.com",
          "link": "http://www.bradsdeals.com/blog/how-to-go-to-disney-world-for-almost-free",
          "link_type": "results"
        },
        {
          "domain": "www.inquisitr.com",
          "link": "http://www.inquisitr.com/1597227/jcpenney-black-friday-ad-features-100-freebie-for-early-birds-but-theres-a-catch/",
          "link_type": "results"
        },
        {
          "domain": "thekrazycouponlady.com",
          "link": "http://thekrazycouponlady.com/coupons-for/jcpenney/",
          "link_type": "results"
        },
        {
          "domain": "www.couponcabin.com",
          "link": "https://www.couponcabin.com/coupons/jcpenney/",
          "link_type": "results"
        }
      ]
    },
    {
      "results": [
        {
          "domain": "giftcardspromocodes.com",
          "link": "http://giftcardspromocodes.com/488/jcpenney-rewards-code-serial-number/",
          "link_type": "results"
        },
        {
          "domain": "givingassistant.org",
          "link": "https://givingassistant.org/coupon-codes/forever21.com",
          "link_type": "results"
        },
        {
          "domain": "givingassistant.org",
          "link": "https://givingassistant.org/coupon-codes/jcpenney.com",
          "link_type": "results"
        },
        {
          "domain": "regator.com",
          "link": "http://regator.com/p/269011826/meijer_coupon_scam/",
          "link_type": "results"
        },
        {
          "domain": "hip2save.com",
          "link": "http://hip2save.com/2015/08/05/jcpenney-10-off-25-purchase-coupon-includes-sale-clearance-items-valid-in-store-online-3/",
          "link_type": "results"
        },
        {
          "domain": "www.streetinsider.com",
          "link": "http://www.streetinsider.com/Corporate+News/J.C.+Penney+(JCP)+Will+Commence+Black+Friday+Sale+on+Thanksgiving+Day+at+3pm/11063005.html",
          "link_type": "results"
        },
        {
          "domain": "www.jann.com",
          "link": "http://www.jann.com/2015/01/",
          "link_type": "results"
        },
        {
          "domain": "www.huffingtonpost.com",
          "link": "http://www.huffingtonpost.com/2014/11/14/jcpenney-black-friday-deals-2014_n_6146496.html",
          "link_type": "results"
        },
        {
          "domain": "jillcataldo.com",
          "link": "http://jillcataldo.com/alleged-tlc-extreme-couponing-fraud/",
          "link_type": "results"
        },
        {
          "domain": "www.checkbca.org",
          "link": "http://www.checkbca.org/blog/2015/8/jcpenney-and-target-100-off-%E2%80%9Cback-to-school%E2%80%9D-coupon-hoax-254",
          "link_type": "results"
        }
      ]
    }
  ]
}