{
  "Origins": "The sign reproduced above (attributed to John Pearl Elementary School in Bohemia, New York) appeared as early as July 2013 on social media, though its precise origin wasn't apparent. Many social media users mistook the sign for legitimate, and it circulated more frequently in the immediate aftermath of school shootings (typically to voice support for the arming of teachers as a preventive measure). It read:",
  "Fact Check": "Does a sign outside John Pearl Elementary warn potential school shooters that teachers are armed?",
  "Description": "Warning! Half of our school teachers are packing Glock .45 cal. pistols. Guess which ones! While the sentiment proved popular, the sign wasn't real. (And in New York State, criminal possession of a weapon on school grounds is a potential class E felony.) The lettering was obviously digitally added to a sign with changeable letters (a common fixture outside schools across the United States), and the oddly-spaced lettering didn't fall inside the board's standard-size sliding tracks. Moreover, the image (complete with watermark) used to fabricate the sign was available as a work example on a sign maker's web site: Last updated: 13 October 2015",
  "Originally Published": " 13 October 2015",
  "Referred Links": "http://www.stewartsigns.com/sign_photos.php?id=2117;https://www.alphabetsigns.com/signs/changeable-sign-letters.html;http://ypdcrime.com/penal.law/article265.htm#p265.01a;https://www.facebook.com/JoeTalkShow/photos/pb.106854275018.-2207520000.1444772817./10153463174510019/?type=3&theater;http://www.escapistmagazine.com/forums/read/528.823189-John-Pearl-Elementary-Schools-method-of-deterring-school-shootings;http://www.ccsdli.org/JohnPearl.cfm?subpage=767548;",
  "Example": "",
  "Last Updated": "13 October 2015",
  "Credibility": "false",
  "URL": "www.snopes.com/john-pearl-elementary-school-guns/",
  "Claim": "A sign outside John Pearl Elementary warns potential school shooters that teachers are armed.",
  "Tags": "john pearl elementary school;armed teachers;fake signs;",
  "Claim_ID": "john-pearl-elementary-school-guns",
  "Google Results": [
    {
      "results": [
        {
          "domain": "www.snopes.com",
          "link": "http://www.snopes.com/john-pearl-elementary-school-guns/",
          "link_type": "results"
        },
        {
          "domain": "m.facebook.com",
          "link": "https://m.facebook.com/snopes/posts/716457098498812?comment_tracking=%7B%22tn%22%3A%22O%22%7D",
          "link_type": "results"
        },
        {
          "domain": "snopes91.rssing.com",
          "link": "http://snopes91.rssing.com/chan-50374156/latest.php",
          "link_type": "results"
        },
        {
          "domain": "snopes48.rssing.com",
          "link": "http://snopes48.rssing.com/chan-40931398/latest.php",
          "link_type": "results"
        },
        {
          "domain": "www.youtube.com",
          "link": "https://www.youtube.com/all_comments?lc=dUzOY27zVDK_eYhFUziI2XqgqZbSaDGgghyIGcGYBTc&v=a56oB9or_mA",
          "link_type": "results"
        },
        {
          "domain": "hoax.trendolizer.com",
          "link": "http://hoax.trendolizer.com/cgi-bin/mt/mt-search.fcgi?search=teacher&IncludeBlogs=57&limit=10&page=1",
          "link_type": "results"
        },
        {
          "domain": "regator.com",
          "link": "http://regator.com/p/269588641/schoolhouse_glock/",
          "link_type": "results"
        },
        {
          "domain": "regator.com",
          "link": "http://regator.com/p/269573350/schoolhouse_glock/",
          "link_type": "results"
        },
        {
          "domain": "lumi.do",
          "link": "https://lumi.do/topic/School_shooters/",
          "link_type": "results"
        }
      ]
    },
    {
      "results": [
        {
          "domain": "www.outsidethebeltway.com",
          "link": "http://www.outsidethebeltway.com/would_armed_campuses_be_safer/",
          "link_type": "results"
        },
        {
          "domain": "photo.pds.org:5012",
          "link": "http://photo.pds.org:5012/cqresearcher/document.php?id=cqresrre1998100900",
          "link_type": "results"
        },
        {
          "domain": "litigation-essentials.lexisnexis.com",
          "link": "https://litigation-essentials.lexisnexis.com/webcd/app?action=DocumentDisplay&crawlid=1&doctype=cite&docid=40+Dayton+L.+Rev.+201&srctype=smi&srcid=3B15&key=fa3007c4645475df687c3f29522675a4",
          "link_type": "results"
        },
        {
          "domain": "everything.explained.today",
          "link": "http://everything.explained.today/school_shooting/",
          "link_type": "results"
        },
        {
          "domain": "www.holology.com",
          "link": "http://www.holology.com/shooting2.html",
          "link_type": "results"
        },
        {
          "domain": "www.courier-journal.com",
          "link": "http://www.courier-journal.com/story/news/local/2014/10/03/easy-answer-school-safety-fern-creek/16662553/",
          "link_type": "results"
        },
        {
          "domain": "www.psychceu.com",
          "link": "http://www.psychceu.com/school_violence/schoolviolence_course.asp",
          "link_type": "results"
        },
        {
          "domain": "www.veteranstoday.com",
          "link": "http://www.veteranstoday.com/2012/12/15/school-killings-a-very-real-sign-of-the-times/",
          "link_type": "results"
        },
        {
          "domain": "www.allentalk.com",
          "link": "http://www.allentalk.com/index.php?/topic/7630-connecticut-multiple-dead-elem-school/",
          "link_type": "results"
        },
        {
          "domain": "schmoontherun.blogspot.com",
          "link": "http://schmoontherun.blogspot.com/2008/12/long-live-israel-long-live-palestine.html",
          "link_type": "results"
        },
        {
          "domain": "www.googleadservices.com",
          "link": "http://www.googleadservices.com/pagead/aclk?sa=L&ai=CWnv6cDWjVqO8DMjW-QPQ3J3QCLer1MMFp77r3bYCpqaLLAgDEAFg5YOAgOQVkAECoAGBlK7jA8gBAaoEKU_Qzqc17GPjfk7z_Wa-TkLMetFomuhOKEiYWwBvP3xypKMs6tFr1VfgiAYBgAfn69EckAcDqAemvhvYBwE&ohost=www.google.com&cid=CAASIuRovYIa_J0uabEwbMJ41TxNGgs8siR4OZBL1a-4vFkOOCI&sig=AOD64_33BpHVfP3tdFDOxOxnUnGAYgrKxA&clui=0&q=&ved=0ahUKEwiT5pfxvb_KAhVL5GMKHWA3CEQ4ChDRDAhU&adurl=http://tntpteachingfellows.org/",
          "link_type": "ads_main"
        }
      ]
    },
    {
      "results": [
        {
          "domain": "www.gjsentinel.com",
          "link": "http://www.gjsentinel.com/news/articles/group-studying-security-prevention-in-district-51",
          "link_type": "results"
        },
        {
          "domain": "freedominourtime.blogspot.com",
          "link": "http://freedominourtime.blogspot.com/2012/12/sandy-hook-massacre-sympathy-from-devil.html",
          "link_type": "results"
        },
        {
          "domain": "edition.cnn.com",
          "link": "http://edition.cnn.com/TRANSCRIPTS/0610/04/cnr.02.html",
          "link_type": "results"
        },
        {
          "domain": "www.freerangekids.com",
          "link": "http://www.freerangekids.com/police-fire-blanks-in-school-to-teach-kids-what-gunshots-sound-like/",
          "link_type": "results"
        },
        {
          "domain": "www.apfn.org",
          "link": "http://www.apfn.org/apfn/columbine2.htm",
          "link_type": "results"
        },
        {
          "domain": "www.academia.edu",
          "link": "http://www.academia.edu/3816185/School_Shootings_and_Critical_Pedagogy",
          "link_type": "results"
        }
      ]
    }
  ]
}