{
  "Origins": "The rumor about Dr. Condoleezza Rice, the U.S. Secretary of State, having gone on a shoe-shopping spree while on vacation in New York immediately after Hurricane Katrina struck the Gulf Coast appeared on some gossip sites and was reported by the New York Daily News :",
  "Fact Check": "",
  "Description": "Rice confirmed the shoe-shopping tale in her 2011 autobiography No Higher Honor: A Memoir of My Years in Washington . She had flown to New York for a brief holiday in late August 2005 and while there attended a performance of the Broadway play \"Spamalot\" and shopped for shoes at the upscale retailer Ferragamo: I didn't think much about the dire warnings of an approaching hurricane called Katrina. My under secretary for management, Henrietta Fore, was on top of the State Department issues. The State Department had a passport office in New Orleans, and we made backup arrangements for our people in Houston. I attended a Homeland Security principals meeting on Thursday, August 30, and returned to the State Department to check once more on plans for securing our offices in the Gulf of Mexico. Then I flew to New York. That evening, upon arriving at the Palace Hotel, I flipped on the television. Indeed, the hurricane had hit New Orleans. I called Henrietta, who said that the main issue was making sure our people were safe. She'd also convened a departmental task force because offers of foreign assistance were pouring in. I called Secretary of Homeland Security Mike Chertoff, inquiring if there was anything I could do. \"It s pretty bad,\" he said. We discussed the question of foreign help briefly, but Mike was clearly in a hurry. He said he'd call if he needed me. I hung up, got dressed, and went to see Spamalot. The next morning, I went shopping at the Ferragamo shoe store down the block from my hotel, returned to the Palace, and again turned on the television. The airwaves were filled with devastating pictures from New Orleans. And the faces of most of the people in distress were black. I knew right away that I should never have left Washington. I called my chief of staff, Brian Gunderson. \"I'm coming home,\" I said. The shoe story undoubtedly spread because it expressed a \"fiddling while Rome burns\" frustration many Americans felt about the federal government's slow response in providing aid to victims of the disastrous damage and flooding in New Orleans and other parts of the Gulf Coast caused by Hurricane Katrina. As many others have pointed out, although one might direct criticism towards government officials such as the President of the United States, the Secretary of Homeland Security, and the Under Secretary of Homeland Security for Emergency Preparedness and Response for failing to coordinate adequate response to large-scale emergencies within the U.S., such efforts were largely outside the purview of the Secretary of State. Dr. Rice's primary duties were advising the President in the determination and execution of U.S. foreign policy, conducting negotiations with foreign representatives, and providing instructions to U.S. ministers and consuls abroad, little of which directly bore on the task of coordinating disaster relief within the U.S. Nonetheless, Dr. Rice was self-critical in her memoir for being \"tone-deaf\" to the viewpoint that as the \"highest-ranking black in the administration and a key advisor to the President,\" her visible participation in the Hurricane Katrina crisis was of significant symbolic importance.",
  "Originally Published": "",
  "Referred Links": "",
  "Example": "[Collected via e-mail, September 2005] Is it true that shortly after Hurricane Katrina, Secretary of State Condoleeza Rice was seen buying thousands of dollars worth of shoes in an upscale Manhattan shoe store; and that the Secretary was accosted by an angry customer for doing so?",
  "Last Updated": "25 October 2011",
  "Credibility": "true",
  "URL": "www.snopes.com/katrina/politics/rice.asp",
  "Claim": "Condoleezza Rice shopped for expensive shoes during Hurricane Katrina.",
  "Claim_ID": "katrina_politics_rice",
  "Tags": "",
  "Google Results": [
    {
      "results": [
        {
          "domain": "www.businessinsider.com",
          "link": "http://www.businessinsider.com/condi-rice-shoe-shopping-katrina-2011-10",
          "link_type": "results"
        },
        {
          "domain": "www.huffingtonpost.com",
          "link": "http://www.huffingtonpost.com/2011/10/24/condoleezza-rice-katrina-race_n_1028268.html",
          "link_type": "results"
        },
        {
          "domain": "articles.latimes.com",
          "link": "http://articles.latimes.com/2011/nov/01/news/la-pn-rice-katrina-20111101",
          "link_type": "results"
        },
        {
          "domain": "www.snopes.com",
          "link": "http://www.snopes.com/katrina/politics/rice.asp",
          "link_type": "results"
        },
        {
          "domain": "books.google.com.mx",
          "link": "https://books.google.com.mx/books?id=LKTACQAAQBAJ&pg=PA286&lpg=PA286&dq=Condoleezza+Rice+shopping+for+expensive+shoes+during+Hurricane+Katrina.&source=bl&ots=eBwJxM3Ru-&sig=wkaoDGX26CY2BGW9svq6D0wa5bY&hl=en&sa=X&ved=0ahUKEwjWxrj638HKAhXjyIMKHf7FAr4Q6AEIRzAI",
          "link_type": "results"
        },
        {
          "domain": "www.telegraph.co.uk",
          "link": "http://www.telegraph.co.uk/news/worldnews/republicans/8844509/Condoleezza-Rice-regrets-watching-Spamalot-while-Hurricane-Katrina-struck.html",
          "link_type": "results"
        },
        {
          "domain": "books.google.com.mx",
          "link": "https://books.google.com.mx/books?id=3rI7mdw8LZ4C&pg=PA227&lpg=PA227&dq=Condoleezza+Rice+shopping+for+expensive+shoes+during+Hurricane+Katrina.&source=bl&ots=SyL5Tlekhg&sig=uP-3q_VgWnr_6hAl5ka79QKxJ_M&hl=en&sa=X&ved=0ahUKEwjWxrj638HKAhXjyIMKHf7FAr4Q6AEIUTAK",
          "link_type": "results"
        },
        {
          "domain": "books.google.com.mx",
          "link": "https://books.google.com.mx/books?id=wORgfW8tL3UC&pg=PT15&lpg=PT15&dq=Condoleezza+Rice+shopping+for+expensive+shoes+during+Hurricane+Katrina.&source=bl&ots=6CB5MJkcGX&sig=hl1Gao2NKU6SDQwUXA55up-OdSA&hl=en&sa=X&ved=0ahUKEwjWxrj638HKAhXjyIMKHf7FAr4Q6AEIVDAL",
          "link_type": "results"
        },
        {
          "domain": "www.talkleft.com",
          "link": "http://www.talkleft.com/story/2005/09/01/615/28014/katrina-rita/Condi-Rice-Shops-for-Shoes-Works-on-Backhand",
          "link_type": "results"
        },
        {
          "domain": "",
          "link": "/aclk?sa=l&ai=CbZsqmWWkVu7sM4WHpgP1qarAAqCegMwH4N3I4UWA9I2bsQEIAxABYOWDgICoFqAB8M75-wPIAQGqBChP0DizKJAdjbt5pX7XeFINM6EORX9yXt1X5aSDJ_Zk25HRdEzp-pdMgAf4sIYEkAcDqAemvhvYBwE&sig=AOD64_0JwARavLcdEcrMfwVnP0IUl4prkg&clui=0&q=&ved=0ahUKEwjWxrj638HKAhXjyIMKHf7FAr4Q0QwIXw&adurl=http://www.americares.org/emergency-response/hurricane-katrina-oil-spill.html",
          "link_type": "ads_main"
        }
      ]
    },
    {
      "results": [
        {
          "domain": "www.democraticunderground.com",
          "link": "http://www.democraticunderground.com/discuss/duboard.php?az=view_all&address=104x4590522",
          "link_type": "results"
        },
        {
          "domain": "books.google.com.mx",
          "link": "https://books.google.com.mx/books?id=1QgbBQAAQBAJ&pg=PT9&lpg=PT9&dq=Condoleezza+Rice+shopping+for+expensive+shoes+during+Hurricane+Katrina.&source=bl&ots=zvkluXCLQ-&sig=uBguUGr-h8-Qf8QePSgo6M0Zyr4&hl=en&sa=X&ved=0ahUKEwjrotH738HKAhVEsIMKHfX_A284ChDoAQgmMAE",
          "link_type": "results"
        },
        {
          "domain": "bossip.com",
          "link": "http://bossip.com/484300/smh-condi-rice-says-she-now-regrets-shoe-shopping-during-katrina-disaster30346/",
          "link_type": "results"
        },
        {
          "domain": "thegrio.com",
          "link": "http://thegrio.com/2011/10/24/condi-rice-comes-clean-on-katrina-bushs-race-problem/",
          "link_type": "results"
        },
        {
          "domain": "www.counterpunch.org",
          "link": "http://www.counterpunch.org/2007/05/15/shopping-during-katrina/",
          "link_type": "results"
        },
        {
          "domain": "www.ibtimes.co.uk",
          "link": "http://www.ibtimes.co.uk/condoleezza-rice-book-condolezza-rice-regret-hurricane-katrina-former-us-secretary-of-state-katrina-236362",
          "link_type": "results"
        },
        {
          "domain": "www.city-data.com",
          "link": "http://www.city-data.com/forum/politics-other-controversies/1410971-condi-rice-admits-bush-had-race.html",
          "link_type": "results"
        },
        {
          "domain": "musicz.cba.pl",
          "link": "http://musicz.cba.pl/hentai-t14/condi-rice-shopping-for-shoes.html",
          "link_type": "results"
        },
        {
          "domain": "www.sourcewatch.org",
          "link": "http://www.sourcewatch.org/index.php/George_W._Bush:_Hurricane_Katrina",
          "link_type": "results"
        },
        {
          "domain": "www.lipstickalley.com",
          "link": "http://www.lipstickalley.com/showthread.php/341124-Condoleezza-Rice-During-Katrina-We-Clearly-Have-A-Race-Problem?p=8455309&viewfull=1",
          "link_type": "results"
        },
        {
          "domain": "",
          "link": "/aclk?sa=l&ai=C2QYsnGWkVruAFpCRpgPWuJOYBKCegMwH4N3I4UWA9I2bsQEIABABYOWDgICoFpABAqAB8M75-wPIAQGqBChP0Blvj6N-qNExFxJCNVBtbW2cSqZvMJlIZkOgZ-1wEruLwuJxeK2JgAf4sIYEkAcDqAemvhvYBwE&sig=AOD64_1BH0Zf9gbvCBuYUFciBotHyCoWqQ&clui=0&q=&ved=0ahUKEwjrotH738HKAhVEsIMKHfX_A284ChDRDAgY&adurl=http://www.americares.org/emergency-response/hurricane-katrina-oil-spill.html",
          "link_type": "ads_main"
        }
      ]
    },
    {
      "results": [
        {
          "domain": "www.washingtonpost.com",
          "link": "http://www.washingtonpost.com/wp-dyn/content/article/2005/09/05/AR2005090500482.html",
          "link_type": "results"
        },
        {
          "domain": "www.kentucky.com",
          "link": "http://www.kentucky.com/entertainment/books/article44082513.html",
          "link_type": "results"
        },
        {
          "domain": "forums.somd.com",
          "link": "http://forums.somd.com/archive/index.php/t-56247.html",
          "link_type": "results"
        },
        {
          "domain": "alt.computer.consultants.narkive.com",
          "link": "http://alt.computer.consultants.narkive.com/R7grFqHI/condoleezza-rice-s-7000-shoes",
          "link_type": "results"
        },
        {
          "domain": "www.maxgardner.com",
          "link": "http://www.maxgardner.com/resources/articles/marching_out.asp",
          "link_type": "results"
        },
        {
          "domain": "www.sptimes.com",
          "link": "http://www.sptimes.com/2006/08/20/Floridian/A_flood_of_emotions.shtml",
          "link_type": "results"
        },
        {
          "domain": "www.com-us.cf",
          "link": "http://www.com-us.cf/shoe-shops-in-new-york-manhattan/",
          "link_type": "results"
        },
        {
          "domain": "dearkitty1.wordpress.com",
          "link": "https://dearkitty1.wordpress.com/2006/11/06/after-imelda-marcos-fashion-lines-by-rice-and-rumsfeld/",
          "link_type": "results"
        },
        {
          "domain": "www.jonjonesmusic.com",
          "link": "http://www.jonjonesmusic.com/i-bought-the-shoes.html",
          "link_type": "results"
        },
        {
          "domain": "weblog.sinteur.com",
          "link": "http://weblog.sinteur.com/index.php/2005/09/02/breaking-condi-rice-spends-salary-on-shoes/",
          "link_type": "results"
        },
        {
          "domain": "",
          "link": "/aclk?sa=l&ai=C0a6qnWWkVuvWLYHUpgOAobngAaCegMwH4N3I4UWA9I2bsQEIAxABYOWDgICoFpABA6AB8M75-wPIAQGqBChP0M3kc9Eh9K1aFDGKC-YskCBs6HIo2qPR51eyASa6J5qQfngrPHnigAf4sIYEkAcDqAemvhvYBwE&sig=AOD64_06h8vCkOSU_wmfTo8XvrUWeMGiYA&clui=0&q=&ved=0ahUKEwjXwqb838HKAhWkw4MKHWWRBcI4FBDRDAhJ&adurl=http://www.americares.org/emergency-response/hurricane-katrina-oil-spill.html",
          "link_type": "ads_main"
        }
      ]
    }
  ]
}