{
  "Origins": "A common conspiracy theory concerning mass shootings is that they are staged events, and that the mourners seen on television are merely government-paid \"crisis actors\" playing the role of bereaved relatives. In the aftermath of the mass shooting in San Bernardino, California, that left 14 people dead on 2 December 2015 a photograph purportedly showing one of these \"crisis actors\" was posted on Facebook. While the above-displayed photograph does indeed show an actress with a fake gunshot wound, the image was not taken in 2015 and does not capture a \"crisis actor\" at work. The woman pictured is actress Kristen Bell, and the photograph was snapped several years prior to the San Bernardino shooting during the filming of a scene for NBC's popular sci-fi drama Heroes.",
  "Fact Check": "",
  "Description": "Greg Beeman, an executive producer on Heroes, posted the image to his web site on 1 December 2008: Sadly as of this episode Kristen Bell departs the show we loved having her here. She is a pro and an all-around good egg. The scene where Sylar burns her body was her last scene in the series but I actually directed her on her last day of shooting. This was the scene at the rental car dealership from episode 10. When we wrapped that scene the Assistant Director announced that Kristen was finished in the series. There was a huge round of applause and weepy eyes all around. Tim Kring and Kristen had explored keeping her around longer and I know Kristen wanted to come back. There were potential storylines about pregnancies and babie ... But the truth is she has a very busy career with a lot of feature films, pilots and much else in the works. We had no official contract with her and she couldn't commit to exactly when she could return. And so it was decided that this would be the most exciting way to end her character. She will be missed. This isn't the first time that this photograph of Kristen Bell has been tied to a violent event. In April 2015, the website 8chan used the photo in connection with riots in Baltimore. Last updated: 7 December 2015",
  "Originally Published": " 7 December 2015",
  "Referred Links": "http://antiviral.gawker.com/wow-i-never-thought-i-would-see-a-lol-it-s-only-9mm-1701617983;http://gregbeeman.blogspot.com/search?updated-min=2008-01-01T00:00:00-08:00&updated-max=2008-12-08T10:08:00-08:00&max-results=14&start=2&by-date=false;",
  "Example": "[Collected via Facebook, December 2015]",
  "Last Updated": "7 December 2015",
  "Credibility": "false",
  "URL": "www.snopes.com/kristen-bell-crisis-actor/",
  "Claim": "A photograph shows a \"crisis actor\" pretending to be shot on the floor of a grocery store.",
  "Tags": "kristen bell;crisis actors;",
  "Claim_ID": "kristen-bell-crisis-actor",
  "Google Results": [
    {
      "results": [
        {
          "domain": "www.snopes.com",
          "link": "http://www.snopes.com/kristen-bell-crisis-actor/",
          "link_type": "results"
        },
        {
          "domain": "sherriequestioningall.blogspot.com",
          "link": "http://sherriequestioningall.blogspot.com/2015/11/picture-inside-paris-bataclan-theater.html",
          "link_type": "results"
        },
        {
          "domain": "www.youtube.com",
          "link": "https://www.youtube.com/watch?v=n5_JiCG0IJg",
          "link_type": "results"
        },
        {
          "domain": "www.dailymail.co.uk",
          "link": "http://www.dailymail.co.uk/news/article-3246107/Europe-play-cleverball-David-Miliband-mocked-coining-bizarre-solution-refugee-crisis.html",
          "link_type": "results"
        },
        {
          "domain": "cut2thetruth.wordpress.com",
          "link": "https://cut2thetruth.wordpress.com/tag/crisis-actors/",
          "link_type": "results"
        },
        {
          "domain": "en.wikipedia.org",
          "link": "https://en.wikipedia.org/wiki/The_New_Statesman",
          "link_type": "results"
        },
        {
          "domain": "nodisinfo.com",
          "link": "http://nodisinfo.com/absolute-proof-santa-barbara-convenience-store-shooting-hoax/",
          "link_type": "results"
        },
        {
          "domain": "nodisinfo.com",
          "link": "http://nodisinfo.com/dead-people-france-concert-theater-dummies-not-real-humans/",
          "link_type": "results"
        },
        {
          "domain": "nodisinfo.com",
          "link": "http://nodisinfo.com/hard-proof-sydney-hostage-crisis-movie-set/",
          "link_type": "results"
        },
        {
          "domain": "www.independent.co.uk",
          "link": "http://www.independent.co.uk/news/world/americas/charleston-shooting-five-year-old-child-who-played-dead-among-survivors-in-south-carolina-10327938.html",
          "link_type": "results"
        }
      ]
    },
    {
      "results": [
        {
          "domain": "nuzzel.com",
          "link": "http://nuzzel.com/story/12072015/snopes/false_crisis_actor_in_grocery_store",
          "link_type": "results"
        },
        {
          "domain": "nymag.com",
          "link": "http://nymag.com/daily/intelligencer/2015/12/gun-rights-groups-staging-fake-mass-shooting.html",
          "link_type": "results"
        },
        {
          "domain": "hookedonhouses.net",
          "link": "http://hookedonhouses.net/2012/06/15/hgtv-responds-to-the-house-hunters-scandal/",
          "link_type": "results"
        },
        {
          "domain": "en.wikipedia.org",
          "link": "https://en.wikipedia.org/wiki/Cobra_(1986_film)",
          "link_type": "results"
        },
        {
          "domain": "chrisspivey.org",
          "link": "http://chrisspivey.org/turbo-charged/",
          "link_type": "results"
        },
        {
          "domain": "www.businessinsider.com",
          "link": "http://www.businessinsider.com/paramedic-at-sandy-hook-was-warned-this-will-be-the-worst-day-of-your-life-2013-12",
          "link_type": "results"
        },
        {
          "domain": "www.vanityfair.com",
          "link": "http://www.vanityfair.com/hollywood/2015/02/sony-hacking-seth-rogen-evan-goldberg",
          "link_type": "results"
        },
        {
          "domain": "lostpedia.wikia.com",
          "link": "http://lostpedia.wikia.com/wiki/Benjamin_Linus",
          "link_type": "results"
        },
        {
          "domain": "authenticenlightenment.com",
          "link": "http://authenticenlightenment.com/tag/false-flag-attacks/",
          "link_type": "results"
        },
        {
          "domain": "www.telegraph.co.uk",
          "link": "http://www.telegraph.co.uk/finance/personalfinance/fameandfortune/11977486/Brian-Blessed-Picasso-gave-me-a-50m-picture.-I-threw-it-away.html",
          "link_type": "results"
        }
      ]
    },
    {
      "results": [
        {
          "domain": "memoryholeblog.com",
          "link": "http://memoryholeblog.com/2014/08/26/fraud-vitiates-everything/",
          "link_type": "results"
        },
        {
          "domain": "www.rollingstone.com",
          "link": "http://www.rollingstone.com/culture/news/the-gangster-princess-of-beverly-hills-20120831",
          "link_type": "results"
        },
        {
          "domain": "aanirfan.blogspot.com",
          "link": "http://aanirfan.blogspot.com/2015/08/french-train-false-flag.html",
          "link_type": "results"
        },
        {
          "domain": "www.imdb.com",
          "link": "http://www.imdb.com/title/tt0095016/trivia",
          "link_type": "results"
        },
        {
          "domain": "atruthsoldier.com",
          "link": "http://atruthsoldier.com/my-commentaries/",
          "link_type": "results"
        },
        {
          "domain": "en.wikiquote.org",
          "link": "https://en.wikiquote.org/wiki/Top_Gear",
          "link_type": "results"
        },
        {
          "domain": "www.huckmagazine.com",
          "link": "http://www.huckmagazine.com/art-and-culture/film-2/judd-apatow-vs-miranda-july/",
          "link_type": "results"
        },
        {
          "domain": "letsrollforums.com",
          "link": "http://letsrollforums.com/crisis-actors-trained-players-t28880.html",
          "link_type": "results"
        },
        {
          "domain": "www.nytimes.com",
          "link": "http://www.nytimes.com/upshot/",
          "link_type": "results"
        },
        {
          "domain": "21stcenturywire.com",
          "link": "http://21stcenturywire.com/2014/12/06/shameless-denver-ferguson-protesters-cheer-as-police-officers-get-hit-by-car/",
          "link_type": "results"
        }
      ]
    }
  ]
}