{
  "Origins": "",
  "Fact Check": "",
  "Description": "",
  "Originally Published": " 21 January 2016",
  "Referred Links": "https://en.wikipedia.org/wiki/File:Abraham_Lincoln_1858.png;https://en.wikipedia.org/wiki/List_of_photographs_of_Abraham_Lincoln;",
  "Example": "",
  "Last Updated": "21 January 2016",
  "Credibility": "false",
  "URL": "www.snopes.com/lincoln-meets-poe/",
  "Claim": "A photograph shows Abraham posing with author Edgar Allan Poe.",
  "Tags": "abraham lincoln;edgar allan poe;",
  "Claim_ID": "lincoln-meets-poe",
  "Google Results": [
    {
      "results": [
        {
          "domain": "www.snopes.com",
          "link": "http://www.snopes.com/lincoln-meets-poe/",
          "link_type": "results"
        },
        {
          "domain": "hoaxoffame.tumblr.com",
          "link": "http://hoaxoffame.tumblr.com/post/132611528816/fake-yes-explanation-this-photo-showing",
          "link_type": "results"
        },
        {
          "domain": "www.reddit.com",
          "link": "https://www.reddit.com/r/pics/comments/1p4blg/edgar_allan_poe_and_abraham_lincoln_posing/",
          "link_type": "results"
        },
        {
          "domain": "www.pinterest.com",
          "link": "https://www.pinterest.com/pin/166633254935259934/",
          "link_type": "results"
        },
        {
          "domain": "factually.gizmodo.com",
          "link": "http://factually.gizmodo.com/76-viral-images-from-2015-that-were-totally-fake-1747317711",
          "link_type": "results"
        },
        {
          "domain": "factually.gizmodo.com",
          "link": "http://factually.gizmodo.com/7-more-viral-photos-that-are-totally-fake-1737896611",
          "link_type": "results"
        },
        {
          "domain": "abrahamlincolnblog.blogspot.com",
          "link": "http://abrahamlincolnblog.blogspot.com/2010/03/abraham-lincoln-vampire-hunter-facts-vs.html",
          "link_type": "results"
        },
        {
          "domain": "www.tumblr.com",
          "link": "https://www.tumblr.com/tagged/edgar-white",
          "link_type": "results"
        },
        {
          "domain": "www.gettyimages.com",
          "link": "http://www.gettyimages.com/photos/edgar-allan-poe",
          "link_type": "results"
        }
      ]
    },
    {
      "results": [
        {
          "domain": "www.theguardian.com",
          "link": "http://www.theguardian.com/artanddesign/jonathanjonesblog/2014/mar/28/antique-photographs-history-race-black-white-us-america",
          "link_type": "results"
        },
        {
          "domain": "elanormal.com",
          "link": "http://elanormal.com/posts/17619-76-viral-images-from-2015-that-were-totally-fake",
          "link_type": "results"
        },
        {
          "domain": "www.notey.com",
          "link": "http://www.notey.com/blogs/edgar-allan-poe",
          "link_type": "results"
        },
        {
          "domain": "www.barrenbrain.com",
          "link": "http://www.barrenbrain.com/blog/author/jo-blogger/",
          "link_type": "results"
        },
        {
          "domain": "warriorgirl3.wordpress.com",
          "link": "https://warriorgirl3.wordpress.com/tag/edgar-allan-poe/",
          "link_type": "results"
        },
        {
          "domain": "www.dailymail.co.uk",
          "link": "http://www.dailymail.co.uk/news/article-2097090/The-raven-inspired-Edgar-Allan-Poes-haunting-poem-goes-display.html",
          "link_type": "results"
        },
        {
          "domain": "arollingcrone.blogspot.com",
          "link": "http://arollingcrone.blogspot.com/2014_03_01_archive.html",
          "link_type": "results"
        },
        {
          "domain": "www.shutterstock.com",
          "link": "http://www.shutterstock.com/s/allan/search.html",
          "link_type": "results"
        },
        {
          "domain": "gadgets.re-publish.com",
          "link": "http://gadgets.re-publish.com/358824/76-viral-images-from-2015-that-were-totally-fake",
          "link_type": "results"
        },
        {
          "domain": "www.academia.edu",
          "link": "http://www.academia.edu/3486409/From_Realism_to_Reality_The_Advent_of_War_Photography",
          "link_type": "results"
        }
      ]
    },
    {
      "results": [
        {
          "domain": "nuzzel.com",
          "link": "http://nuzzel.com/story/01212016/snopes/fake_abraham_lincoln_meets_edgar_allan_poe",
          "link_type": "results"
        },
        {
          "domain": "en.wikipedia.org",
          "link": "https://en.wikipedia.org/wiki/James_Whitcomb_Riley",
          "link_type": "results"
        },
        {
          "domain": "www.jstor.org",
          "link": "http://www.jstor.org/stable/wilsonq.37.4.12",
          "link_type": "results"
        },
        {
          "domain": "jcctech.blogspot.com",
          "link": "http://jcctech.blogspot.com/2015/12/76-viral-images-from-2015-that-were.html",
          "link_type": "results"
        },
        {
          "domain": "www.loc.gov",
          "link": "https://www.loc.gov/photos/?fa=partof%3Acatalog&c=150&sp=4&st=list",
          "link_type": "results"
        },
        {
          "domain": "www.slideshare.net",
          "link": "http://www.slideshare.net/marciosargento/lesson-1-intro-to-the-photograph",
          "link_type": "results"
        },
        {
          "domain": "robinurton.com",
          "link": "http://robinurton.com/history/photography.htm",
          "link_type": "results"
        },
        {
          "domain": "www.msn.com",
          "link": "http://www.msn.com/en-au/news/world/last-words-of-famous-people/ss-AA843tY",
          "link_type": "results"
        },
        {
          "domain": "www.indiana.edu",
          "link": "http://www.indiana.edu/~liblilly/blog/",
          "link_type": "results"
        },
        {
          "domain": "www.poemuseum.org",
          "link": "https://www.poemuseum.org/blog/tag/poe/page/5/",
          "link_type": "results"
        }
      ]
    }
  ]
}