{
  "Origins": "It is true that a guest on the Tonight Show did tell this story when Jay Leno went into the audience looking for \"bad date\" anecdotes. What is less clear, however, is if the incident described happened.",
  "Fact Check": "",
  "Description": "I think Jay Leno was hoaxed. And I think he went asking for it, too. But that's just one woman's opinion. Let me tell you how I arrived at it, though. For quite a while, on the Tonight Show web site was a page soliciting those who've had nightmare dates to e-mail the show about those experiences with a view towards getting these people to tell them to Jay Leno on the air. Such a set-up practically begged to be exploited by someone intent upon seeing herself on national TV. That the possibility of a hoax exists isn't, by itself, proof of anything. But it does provide a bit of framework towards explaining how someone would get this opportunity, and it belies any notion that the girl just happened to be in the audience that night and hadn't previously thought of relating her tale of woe to anyone. The telling arguments against this tall tail tale have to do with the mechanics of it. If caught in the position of needing to go but not having access to a toilet, most women would choose to squat beside the car. Less chance of being seen, after all, but it's also the position the vast majority would naturally adopt. It should be noted, however, that some rare women prefer to urinate standing up. It's not the norm, but they do exist. Even if the heroine of this story were one of those rare women, there is still the problem of an erect urinator pissing on her clothes. Pants would be only pulled down, not entirely removed, because to do so would necessitate taking off the boots, something no one would think of doing while standing on the frozen tundra. Though it's possible to avoid pissing on what is bunched down around one's ankles when in a crouched position, all bets are off if standing. Gravity makes its own rules, after all. To have urinated standing up would have been to risk the overwhelming likelihood of having to afterwards pull on freshly pissed-upon pants. And this is not the kind of fashion statement one looks to make on the first date. A warm body part could become fused to cold metal (and doubly so if either component is wet), but getting enough of a person's fundament firmly attached to the side of a car would take some doing. Even if it did become affixed, the large surface area of it would quickly work to re-warm the metal enough to release the temporarily restrained. Over a stuck surface large enough to hold a woman in place, the little stream of urine a man could provide wouldn't do nearly as much to work the lady free as her body heat or his warm hands would. (For another \"pissing to unstick the frozen\" legend, see our Urine Good Hands legend.) Even with all these improbabilities, the story still falls within the realm of possibility . . . except for two telling details. Had it been cold enough to flash-freeze the young lady's buns to the car, it would also have been cold enough to send her yipping away from the vehicle the very moment her naked butt touched the metal. Whatever she would have wanted to do wouldn't have mattered instinct would have taken over, propelling her away from the car, in much the same way that someone who has just touched a hot object instinctively yanks his hand away. Granted, if those cheeks were a bit damp and she managed to momentarily rest against a patch of naked metal that was just cold enough, she might leave a bit of skin behind even from this brief a contact. However, she would break loose there's no doubt about that. Now if our heroine still chose to lean up against the car after either a cold goosing or a skin ripping, it would take an act of God to prevent her from this time resting her mittened hands on the fender and her bum against them. Most damning of all, however, is the nature of car fenders themselves. They're painted. Though it's possible to freeze a tongue to the unpainted metal of playground equipment, all bets are off if the structures have been painted, shellac'd, or otherwise coated. Could a bare butt become stuck to the side of a car? I don't think so. And I just don't believe dating behavior has changed that much in the few years I've been away from it to allow for anyone's trying to do this. Barbara \"bum's rush\" Mikkelson",
  "Originally Published": "",
  "Referred Links": "",
  "Example": "[Collected on the Internet, 1999] THIS IS HYSTERICAL- DEFINITELY THE WORST FIRST DATE I EVER HEARD OF. This was on the Leno show last night (9-7-99). Jay went into the audience to find the most embarrassing first date that a woman ever had. The winner told about her first date experience. She said it was snowing and cold and the guy took her skiing. It was a day trip (no overnight). They were strangers, and truly had never met before. The date went OK until they were coming back that afternoon. They were going along in the car and she had to pee real bad, but it was still about an hour more back to civilization. He said she should try to hold it, and she did for a while. It finally came to the point where she told him that he could either stop and let her pee beside the road, or in the front seat of his car. They stopped and she went out beside the car and pulled her pants down and started. Well, she didn't have real good balance, so she let her butt rest against the rear fender to steady herself. He was a real gentleman and looked the other way. When she was finished, she quickly noticed that her warm butt had stuck to the fender. Thoughts of tongues frozen to pump handle nightmares immediately came to mind and she soon realized that she had a real problem. She was thinking of every way she could to get released from his fender. He was getting a bit concerned too, and finally cried out to her asking if she was OK. Well, with a red face, she said she was freezing her butt off! She finally had to ask for assistance. Now this isn't the worst of the story, there's more to come. She took off her sweater and covered herself as good as she could and asked him to came around to see if he could help. After the laughter subsided, they assessed the situation. They had a real problem. They agreed that they needed something warm to melt her butt off of the fender. Thinking about the pee that she just sprinkled on the ground made her think that pee is about the only thing that they had that could get her free. Well, after exploring every other possible solution, she looked the other way, and so did he, and proceeded to unzip his pants and pee her butt off the fender. The rest of the trip home there wasn't much conversation. True story.",
  "Last Updated": "3 July 2007",
  "Credibility": "false",
  "URL": "www.snopes.com/love/dating/frozen.asp",
  "Claim": "A girl freezes her naked ass to her date's car on their first (and last) date.",
  "Claim_ID": "love_dating_frozen",
  "Tags": "",
  "Google Results": [
    {
      "results": [
        {
          "domain": "www.snopes.com",
          "link": "http://www.snopes.com/love/dating/frozen.asp",
          "link_type": "results"
        },
        {
          "domain": "www.snopes.com",
          "link": "http://www.snopes.com/love/dating/dating.asp",
          "link_type": "results"
        },
        {
          "domain": "www.snopes.com",
          "link": "http://www.snopes.com/search/?q=U.S.%20soldiers%20rape%20boys%20in%20front%20of%20their%20mothers&sort=date&order=desc&page=174",
          "link_type": "results"
        },
        {
          "domain": "www.snopes.com",
          "link": "http://www.snopes.com/search/?q=U.S.%20soldiers%20rape%20boys%20in%20front%20of%20their%20mothers&sort=date&order=asc&page=30",
          "link_type": "results"
        },
        {
          "domain": "www.thaivisa.com",
          "link": "http://www.thaivisa.com/forum/topic/96454-worst-first-date/",
          "link_type": "results"
        },
        {
          "domain": "uluyuyujumusabam.xpg.uol.com.br",
          "link": "http://uluyuyujumusabam.xpg.uol.com.br/her-first-date.html",
          "link_type": "results"
        },
        {
          "domain": "www.dailymail.co.uk",
          "link": "http://www.dailymail.co.uk/tvshowbiz/article-3174942/Lewis-Hamilton-enjoying-secret-dates-Rihanna-pals-claim-flirty-friendship-blossoming-romance.html",
          "link_type": "results"
        },
        {
          "domain": "www.dailymail.co.uk",
          "link": "http://www.dailymail.co.uk/tvshowbiz/article-3270618/Jorgie-Porter-finds-love-Celebrity-Dates-personal-trainer-Craig-talked-growing-without-father.html",
          "link_type": "results"
        },
        {
          "domain": "letschatmusic.com",
          "link": "http://letschatmusic.com/mp3/download/naked-love-nightmare.html",
          "link_type": "results"
        },
        {
          "domain": "simplepickup.com",
          "link": "http://simplepickup.com/article/7113/top-10-mistakes-guys-make-on-a-1st-date",
          "link_type": "results"
        }
      ]
    },
    {
      "results": [
        {
          "domain": "www.script-o-rama.com",
          "link": "http://www.script-o-rama.com/movie_scripts/f/50-first-dates-script-transcript.html",
          "link_type": "results"
        },
        {
          "domain": "brobible.com",
          "link": "http://brobible.com/life/article/tinder-true-hook-up-stories/",
          "link_type": "results"
        },
        {
          "domain": "www.girlschase.com",
          "link": "http://www.girlschase.com/content/attraction-has-expiration-date",
          "link_type": "results"
        },
        {
          "domain": "en.wikipedia.org",
          "link": "https://en.wikipedia.org/wiki/List_of_The_League_episodes",
          "link_type": "results"
        },
        {
          "domain": "thoughtcatalog.com",
          "link": "http://thoughtcatalog.com/charlie-elliott/2014/07/19-tinder-users-describe-their-best-and-worst-hookup-stories/",
          "link_type": "results"
        },
        {
          "domain": "thoughtcatalog.com",
          "link": "http://thoughtcatalog.com/christine-stockton/2013/08/50-people-on-my-most-embarrassing-sex-story/",
          "link_type": "results"
        },
        {
          "domain": "www.volnation.com",
          "link": "http://www.volnation.com/forum/tennessee-vols-football/6304-urban-myth-countdown-19.html",
          "link_type": "results"
        },
        {
          "domain": "www.all-story.com",
          "link": "http://www.all-story.com/issues.cgi?action=show_story&story_id=96&part=all",
          "link_type": "results"
        },
        {
          "domain": "www.theawl.com",
          "link": "http://www.theawl.com/2012/03/online-dating-horror-stories",
          "link_type": "results"
        },
        {
          "domain": "www.theartofdoingstuff.com",
          "link": "http://www.theartofdoingstuff.com/the-funniest-first-date-story-ever-told/",
          "link_type": "results"
        }
      ]
    },
    {
      "results": [
        {
          "domain": "www.huffingtonpost.com",
          "link": "http://www.huffingtonpost.com/2013/04/13/tinder-experiment_n_3077047.html",
          "link_type": "results"
        },
        {
          "domain": "www.spin.com",
          "link": "http://www.spin.com/2014/10/eminem-every-song-ranked/",
          "link_type": "results"
        },
        {
          "domain": "www.friends-tv.org",
          "link": "http://www.friends-tv.org/epshort.html",
          "link_type": "results"
        },
        {
          "domain": "bigbangtheory.wikia.com",
          "link": "http://bigbangtheory.wikia.com/wiki/Penny_Hofstadter",
          "link_type": "results"
        },
        {
          "domain": "therationalmale.com",
          "link": "http://therationalmale.com/2011/09/23/wait-for-it/",
          "link_type": "results"
        },
        {
          "domain": "archiveofourown.org",
          "link": "https://archiveofourown.org/works/4156593",
          "link_type": "results"
        },
        {
          "domain": "www.vice.com",
          "link": "http://www.vice.com/read/the-looking-for-a-girlfriend-flyer-guy-in-new-york-is-getting-laid-way-more-than-you-311",
          "link_type": "results"
        },
        {
          "domain": "www.reddit.com",
          "link": "https://www.reddit.com/r/AskReddit/comments/3xvh51/what_is_your_tinder_horror_story/",
          "link_type": "results"
        },
        {
          "domain": "omgwtf.click",
          "link": "http://omgwtf.click/post/3f30zv/Redditors_that_have_gone_on_tinder_dates_what_was_your_worst_and_weirdest_experiences?",
          "link_type": "results"
        },
        {
          "domain": "darkwanderer.net",
          "link": "http://darkwanderer.net/stories/most-embarrasing-fiirst-date/",
          "link_type": "results"
        }
      ]
    }
  ]
}