{
  "Origins": "Not just the fanciful plot of the Nicolas Cage movie It Could Happen To You , this did happen to one lucky Yonkers plate-slinger back in 1984.",
  "Fact Check": "",
  "Description": "Barbara \"service with a smile\" Mikkelson",
  "Originally Published": "",
  "Referred Links": "",
  "Example": "",
  "Last Updated": "10 August 2007",
  "Credibility": "true",
  "URL": "www.snopes.com/luck/lottery.asp",
  "Claim": "A policeman promised a waitress half the winnings from his lottery ticket. All the numbers came up, and he kept his word by sharing the jackpot with her.",
  "Claim_ID": "luck_lottery",
  "Tags": "",
  "Google Results": [
    {
      "results": [
        {
          "domain": "www.snopes.com",
          "link": "http://www.snopes.com/luck/lottery.asp",
          "link_type": "results"
        },
        {
          "domain": "www.snopes.com",
          "link": "http://www.snopes.com/luck/luck.asp",
          "link_type": "results"
        },
        {
          "domain": "www.reddit.com",
          "link": "https://www.reddit.com/r/todayilearned/comments/10byh4/til_a_policeman_promised_a_waitress_half_the/",
          "link_type": "results"
        },
        {
          "domain": "www.facebook.com",
          "link": "https://www.facebook.com/UNBfacts/posts/284892874956235",
          "link_type": "results"
        },
        {
          "domain": "www.italki.com",
          "link": "http://www.italki.com/discussion/3826",
          "link_type": "results"
        },
        {
          "domain": "www.lutheranhour.org",
          "link": "http://www.lutheranhour.org/sermon.asp?articleid=577",
          "link_type": "results"
        },
        {
          "domain": "www.district106.net",
          "link": "http://www.district106.net/html/downloads/Notes%20and%20News%20(Middle%20School)/Buzz0604.pdf",
          "link_type": "results"
        },
        {
          "domain": "community.us.playstation.com",
          "link": "http://community.us.playstation.com/t5/Off-Topic/Did-you-hear-about-the-man-that-won-the-lottery/td-p/35555757",
          "link_type": "results"
        },
        {
          "domain": "www.dailymail.co.uk",
          "link": "http://www.dailymail.co.uk/news/article-2517550/Powerball-winner-David-Lee-Edwards-dies-penniless-12-years-scored-27million-jackpot.html",
          "link_type": "results"
        },
        {
          "domain": "www.imdb.com",
          "link": "http://www.imdb.com/search/text?field=plot&q=Lottery%20ticket&realm=title&start=51",
          "link_type": "results"
        }
      ]
    },
    {
      "results": [
        {
          "domain": "www.lottery.com",
          "link": "http://www.lottery.com/stories/",
          "link_type": "results"
        },
        {
          "domain": "www.fanfiction.net",
          "link": "https://www.fanfiction.net/s/8988355/4/Windfall",
          "link_type": "results"
        },
        {
          "domain": "www.goodnewsblog.com",
          "link": "http://www.goodnewsblog.com/category/sudden-wealth/page/3",
          "link_type": "results"
        },
        {
          "domain": "magnoliavolleyball.blogspot.com",
          "link": "http://magnoliavolleyball.blogspot.com/2006_11_05_archive.html",
          "link_type": "results"
        },
        {
          "domain": "club.jidaikobo.com",
          "link": "http://club.jidaikobo.com/movies/1096.html",
          "link_type": "results"
        },
        {
          "domain": "en.wikipedia.org",
          "link": "https://en.wikipedia.org/wiki/Whitey_Bulger",
          "link_type": "results"
        },
        {
          "domain": "www.amazon.com",
          "link": "http://www.amazon.com/It-Could-Happen-You-Blu-ray/product-reviews/B001TNGOXY?pageNumber=2",
          "link_type": "results"
        },
        {
          "domain": "www.allreadable.com",
          "link": "http://www.allreadable.com/mv14d16JXj4",
          "link_type": "results"
        },
        {
          "domain": "www.imsdb.com",
          "link": "http://www.imsdb.com/scripts/Good-Will-Hunting.html",
          "link_type": "results"
        },
        {
          "domain": "www.dia.govt.nz",
          "link": "http://www.dia.govt.nz/diawebsite.nsf/wpg_URL/Services-Anti-Spam-Email-Scams-October-2012?OpenDocument",
          "link_type": "results"
        }
      ]
    },
    {
      "results": [
        {
          "domain": "blogmaverick.com",
          "link": "http://blogmaverick.com/2009/02/09/the-mark-cuban-stimulus-plan-open-source-funding/",
          "link_type": "results"
        },
        {
          "domain": "tvtropes.org",
          "link": "http://tvtropes.org/pmwiki/pmwiki.php/Main/AFoolAndHisNewMoneyAreSoonParted",
          "link_type": "results"
        },
        {
          "domain": "lostironies.wordpress.com",
          "link": "https://lostironies.wordpress.com/",
          "link_type": "results"
        },
        {
          "domain": "www.tv.com",
          "link": "http://www.tv.com/shows/saturday-night-live/episodes/all/?sortmode=rating",
          "link_type": "results"
        },
        {
          "domain": "www.cs.cmu.edu",
          "link": "https://www.cs.cmu.edu/~mihaib/humor/told.jokes",
          "link_type": "results"
        },
        {
          "domain": "www.fark.com",
          "link": "http://www.fark.com/comments/4085961/Worker-steals-19k-in-Lotto-scratchcards-wins-50-Tag-is-for-her-everyone-else-who-wastes-money-on-lotteries",
          "link_type": "results"
        },
        {
          "domain": "www.simpsoncrazy.com",
          "link": "http://www.simpsoncrazy.com/lists/doh",
          "link_type": "results"
        },
        {
          "domain": "mafia.wikia.com",
          "link": "http://mafia.wikia.com/wiki/James_J._Bulger",
          "link_type": "results"
        },
        {
          "domain": "www.zerohedge.com",
          "link": "http://www.zerohedge.com/contributed/2014-04-29/spilled-milk-water-over-dam-and-reality-intrusions",
          "link_type": "results"
        },
        {
          "domain": "www.iwillteachyoutoberich.com",
          "link": "http://www.iwillteachyoutoberich.com/blog/what-would-you-do-with-a-free-1000/",
          "link_type": "results"
        }
      ]
    }
  ]
}