{
  "Origins": "A common form of \"instant wealth\" legend involves a person who receives a large, unexpected inheritance from a wealthy benefactor someone with whom the recipient has had only brief, incidental contact, but during that fleeting moment performed a kindness later rewarded in spades. Examples of this motif include the tale of a man who engages in a one-night stand with the widowed owner of a country inn and several months later finds out she has left him both the inn and a tidy sum of money in her will, and the legend of the traveler who casually stumbles upon a stranger's funeral and afterwards learns that the deceased was a wealthy man who decreed that his fortune should be divided among all those who attended his final services.",
  "Fact Check": "",
  "Description": "That stories of this ilk are familiar urban legends doesn't mean they don't occasionally play out in real life, however. One such case occurred in 1951, when Margaret Jorgenson, a divorced dressmaker from Oshkosh, Wisconsin, died at the age of 66 and left behind a will bequeathing her entire estate, valued at the then-considerable sum of $97,864 (roughly equivalent to $875,000 in today's dollars) to one Joseph Kogut. Who was Joseph Kogut? He was an unmarried, 41-year-old New York Central railroad inspector from Cuyler, New York, whom Miss Jorgenson had randomly encountered in a Chicago hotel elevator one day in November 1950 when Kogut was in the Windy City on business. The two struck up a conversation over the headline of a newspaper Miss Jorgenson was carrying that day (about the victory of Everett Dirksen in the previous day's election for one of Illinois' U.S. Senate seats), had lunch together, and then went their separate ways after spending a total of about four hours together. Apart from that one encounter, they never saw or spoke to each other again (although they did carry on a correspondence by mail). Before Miss Jorgenson died several months later, she made out a will naming Mr. Kogut as her sole beneficiary. Her disgruntled relatives (two brothers and a sister, whom Jorgenson had left out of her will because she felt they had neglected her) contested the will, claiming that Mr. Kogut had \"exercised undue influence\" on Miss Jorgenson. Three years later the siblings finally agreed to a settlement that paid each of them $16,000 and awarded the remainder of Margaret Jorgenson's estate (estimated at $40,000 after taxes, or about $350,000 in today's dollars) to Joseph Kogut.",
  "Originally Published": "",
  "Referred Links": "",
  "Example": "",
  "Last Updated": "23 May 2013",
  "Credibility": "true",
  "URL": "www.snopes.com/luck/wills/fourhour.asp",
  "Claim": "A wealthy woman left her entire estate to a man she had met only once.",
  "Claim_ID": "luck_wills_fourhour",
  "Tags": "",
  "Google Results": [
    {
      "results": [
        {
          "domain": "www.snopes.com",
          "link": "http://www.snopes.com/luck/wills/fourhour.asp",
          "link_type": "results"
        },
        {
          "domain": "books.google.com.mx",
          "link": "https://books.google.com.mx/books?id=B8MhBgAAQBAJ&pg=PT127&lpg=PT127&dq=A+wealthy+woman+left+her+entire+estate+to+a+man+she+had+met+only+once.&source=bl&ots=-7CNgifVzh&sig=ETT6FQIOIB4tfjOZRKWlJ1X4JHI&hl=en&sa=X&ved=0ahUKEwiAsqaZkcbKAhVMvoMKHWGGA6cQ6AEIHjAB",
          "link_type": "results"
        },
        {
          "domain": "en.wikipedia.org",
          "link": "https://en.wikipedia.org/wiki/Barbara_Hutton",
          "link_type": "results"
        },
        {
          "domain": "en.wikipedia.org",
          "link": "https://en.wikipedia.org/wiki/Leona_Helmsley",
          "link_type": "results"
        },
        {
          "domain": "www.oddee.com",
          "link": "http://www.oddee.com/item_96948.aspx",
          "link_type": "results"
        },
        {
          "domain": "books.google.com.mx",
          "link": "https://books.google.com.mx/books?id=H_snvk2So50C&pg=PT80&lpg=PT80&dq=A+wealthy+woman+left+her+entire+estate+to+a+man+she+had+met+only+once.&source=bl&ots=E2F3rEseij&sig=BDETzYbylyozmLrEkRwE7mi26eo&hl=en&sa=X&ved=0ahUKEwiAsqaZkcbKAhVMvoMKHWGGA6cQ6AEIMjAF",
          "link_type": "results"
        },
        {
          "domain": "books.google.com.mx",
          "link": "https://books.google.com.mx/books?id=7t5MAAAAMAAJ&pg=RA1-PA281&lpg=RA1-PA281&dq=A+wealthy+woman+left+her+entire+estate+to+a+man+she+had+met+only+once.&source=bl&ots=MFN-xdddoH&sig=g5IeR9z_XLvrk9dupPkixPVz7tc&hl=en&sa=X&ved=0ahUKEwiAsqaZkcbKAhVMvoMKHWGGA6cQ6AEINTAG",
          "link_type": "results"
        },
        {
          "domain": "books.google.com.mx",
          "link": "https://books.google.com.mx/books?id=bXweAQAAMAAJ&pg=PA35&lpg=PA35&dq=A+wealthy+woman+left+her+entire+estate+to+a+man+she+had+met+only+once.&source=bl&ots=nWZpQeqUxb&sig=VPdkZCzU5ji9ty-cQWBKkB1sP2Q&hl=en&sa=X&ved=0ahUKEwiAsqaZkcbKAhVMvoMKHWGGA6cQ6AEIOjAH",
          "link_type": "results"
        },
        {
          "domain": "books.google.com.mx",
          "link": "https://books.google.com.mx/books?id=ImQiAQAAMAAJ&pg=PA390&lpg=PA390&dq=A+wealthy+woman+left+her+entire+estate+to+a+man+she+had+met+only+once.&source=bl&ots=8Qr1hS7eO_&sig=H0EIEKKS0BFBSihJnWRyUk1BEPg&hl=en&sa=X&ved=0ahUKEwiAsqaZkcbKAhVMvoMKHWGGA6cQ6AEIPDAI",
          "link_type": "results"
        },
        {
          "domain": "books.google.com.mx",
          "link": "https://books.google.com.mx/books?id=d7MaAQAAMAAJ&pg=PA390&lpg=PA390&dq=A+wealthy+woman+left+her+entire+estate+to+a+man+she+had+met+only+once.&source=bl&ots=s7SsSE0bN0&sig=3bv53vOi9CvTdJwvlv0cK9vv1hI&hl=en&sa=X&ved=0ahUKEwiAsqaZkcbKAhVMvoMKHWGGA6cQ6AEIPjAJ",
          "link_type": "results"
        }
      ]
    },
    {
      "results": [
        {
          "domain": "www.dailymail.co.uk",
          "link": "http://www.dailymail.co.uk/femail/article-2301718/Freddie-Mercury-Queen-stars-lover-Mary-Austin-cursed-fortune.html",
          "link_type": "results"
        },
        {
          "domain": "theweek.com",
          "link": "http://theweek.com/articles/471207/7-people-who-died-left-fortunes-strangers",
          "link_type": "results"
        },
        {
          "domain": "www.dorothyparker.com",
          "link": "http://www.dorothyparker.com/hellman.html",
          "link_type": "results"
        },
        {
          "domain": "www.encyclopedia.com",
          "link": "http://www.encyclopedia.com/doc/1G2-3435000065.html",
          "link_type": "results"
        },
        {
          "domain": "tvtropes.org",
          "link": "http://tvtropes.org/pmwiki/pmwiki.php/Main/PassedOverInheritance",
          "link_type": "results"
        },
        {
          "domain": "www.savvywoman.co.uk",
          "link": "https://www.savvywoman.co.uk/1084/when-can-you-challenge-a-will-how-a-will-can-be-contested/",
          "link_type": "results"
        },
        {
          "domain": "www.theguardian.com",
          "link": "http://www.theguardian.com/money/2015/jul/31/disinheritance-and-the-law",
          "link_type": "results"
        },
        {
          "domain": "www.todayifoundout.com",
          "link": "http://www.todayifoundout.com/index.php/2013/09/happened-howard-hughes-money-died/",
          "link_type": "results"
        },
        {
          "domain": "www.newyorker.com",
          "link": "http://www.newyorker.com/magazine/2013/03/25/the-miners-daughter",
          "link_type": "results"
        }
      ]
    },
    {
      "results": [
        {
          "domain": "www.vanityfair.com",
          "link": "http://www.vanityfair.com/news/2008/10/marilyn200810",
          "link_type": "results"
        },
        {
          "domain": "murderpedia.org",
          "link": "http://murderpedia.org/female.B/b/bravo-florence.htm",
          "link_type": "results"
        },
        {
          "domain": "emilyhendrickson.net",
          "link": "http://emilyhendrickson.net/ebooks/regency-reads-ebooks/",
          "link_type": "results"
        },
        {
          "domain": "www.nbcnews.com",
          "link": "http://www.nbcnews.com/id/39006900/ns/business-local_business/t/huguette-clark-reclusive-copper-heiress-dies/",
          "link_type": "results"
        },
        {
          "domain": "www.smithsonianmag.com",
          "link": "http://www.smithsonianmag.com/history/how-american-rich-kids-bought-their-way-into-the-british-elite-4252/",
          "link_type": "results"
        },
        {
          "domain": "nationalparalegal.edu",
          "link": "http://nationalparalegal.edu/willsTrustsEstates_Public/ExecutionValidityComponentsOfWills/StatutoryRequirementsForWill.asp",
          "link_type": "results"
        },
        {
          "domain": "www.nytimes.com",
          "link": "http://www.nytimes.com/1993/10/29/obituaries/doris-duke-80-heiress-whose-great-wealth-couldn-t-buy-happiness-is-dead.html?pagewanted=all",
          "link_type": "results"
        },
        {
          "domain": "www.historytoday.com",
          "link": "http://www.historytoday.com/michael-jones/lady-margaret-beaufort",
          "link_type": "results"
        },
        {
          "domain": "englishhistory.net",
          "link": "http://englishhistory.net/keats/fanny-brawne/",
          "link_type": "results"
        },
        {
          "domain": "www.texasmonthly.com",
          "link": "http://www.texasmonthly.com/articles/rich-man-dead-man/",
          "link_type": "results"
        }
      ]
    }
  ]
}