{
  "Origins": "Urban legendry includes numerous \"windfall\" tales involving fortuitous discoveries of seemingly ordinary objects that proved to be extraordinarily valuable. (See our King of the Rode article for one example.)",
  "Fact Check": "",
  "Description": "Every now and then one of these windfall things turns out to be for real, however. In 1989, a Philadelphia financial analyst bought an old painting (a depiction of a country scene) for $4 at a flea market in Adamstown, Pennsylvania, mostly because he liked the frame. He liked it even more once he found that the painting housed a rare and valuable document. The buyer was investigating a tear in the canvas, and the frame fell apart in his hands when he attempted to detach it from the painting, leading him to discover a folded document which appeared to be an old copy of the Declaration of Independence stored between the canvas and its wood backing. After a friend who collected Civil War memorabilia advised him to have it appraised, he learned that the document was in fact a rare original Dunlap broadside, one of 500 official copies from the first printing of the Declaration of Independence in 1776. Only twenty-three similar copies were known to exist before this find, of which a mere two were privately owned: This rare document was offered for sale by Sotheby's on 4 June 1991, and the lucky find fetched even more than had been anticipated: the $800,000 to $1.2 million estimate turned into a $2.42 million sale by the sound of the gavel: \"This was a record for any printed Americana,\" said David Redden, the auctioneer, who is a senior vice president at Sotheby's in Manhattan. \"It was far and away the highest price for historical Americana ever.\" The copy sold [by Sotheby's] is a crisp, clean broadside, creased along lines where it had been folded. It was printed by John Dunlap on July 4, 1776, to carry news of America's independence to the citizens of the 13 colonies. It is one of 24 known copies of the Declaration, and one of only three remaining in private hands. The previous owner, who was not identified, had told Sotheby's he bought a torn painting for $4 in a flea market in Adamstown, Pa., because he was interested in its frame. When he got home, he said, he removed the painting a dismal country scene and concluded the frame could not be salvaged, but found the Declaration, folded and hidden in the backing. He showed it to Sotheby's experts earlier this year. Mr. Redden said he thought the man would be \"rather stunned\" to learn the price it had brought. This charming story was later turned to a commercial purpose: In the autumn of 1997, SunAmerica ran television commercials based on the original finder's tale, utilizing the theme that you could either hope to get lucky like he did, or you could work out an investment plan with SunAmerica. This document was put up for sale again in June 2000, fetching an $8.14 million bid from television producer Norman Lear in an online auction. It then became the centerpiece of the Norman Lear Center's Declaration of Independence Road Trip , which took it on a three-and-a-half year cross-country tour: The goal of the project was to bring the \"People's Document\" directly to all Americans especially young people to inspire them to see citizenship as an opportunity; to participate in civic life; to exercise their rights; and above all, to vote. As the Road Trip traveled to cities and towns across the United States, it creatively combined elements of education, entertainment, and community outreach. When TV producer and philanthropist Norman Lear learned that the Dunlap broadside would be auctioned, he saw it as a once-in-a-lifetime opportunity to bring it to the American people. Lear purchased it and development of the project now known as the Declaration of Independence Road Trip began. March 2006 saw a smaller-scale repetition of this experience when Michael Sparks was browsing a thrift shop in Nashville, Tennessee, and happened upon a yellowed, shellacked, rolled-up document. Learning from a clerk that the item could be had for a mere $2.48, Sparks purchased it, took it home, and after doing some online research eventually learned that he had bought one of 200 \"official copies\" of the Declaration of Independence commissioned by John Quincy Adams in 1820. He spent nearly a year authenticating and conserving the document before selling it at auction in March 2007, where it fetched $477,650. After Michael Sparks' lucky find made the news in February 2007, Stan Caffy contacted reporter Mary Hance of the Tennessean and claimed that he was the one who had (unwittingly) donated the valuable document to the Music City Thrift store in March 2006: \"I bought it at a yard sale in Donelson about 10 years, ago, in Donelson Hills, I think,\" said Stan Caffy, a pipe fitter. For years, the document hung in Stan Caffy's garage, where he works on bicycles as a hobby. He married his wife, Linda, a little more than a year ago. As part of the ritual of combining households, she pushed him to clean out the garage, which had filled up with all sorts of extraneous things. \"I used to be a packrat but now I am trying to get rid of things. The best I can recall, we had a little debate about whether to keep it (the Declaration) or donate it and she won.\" And so it was that Linda took the Declaration along with a pile of other stuff an antique table, a shower massage head, and a faucet to donate to the Music City Thrift store last March. \"I'm happy for the Sparks guy,\" Stan said. \"If I still had it, it would still be hanging here in the garage and I still wouldn't know it was worth all that. It is just life. So I'm not really upset. But you can't help but feel not very smart for doing it.\" Barbara \"take the money and run; aka, 'flee market'\" Mikkelson",
  "Originally Published": "",
  "Referred Links": "http://www.learcenter.org/html/projects/?cm=doi;",
  "Example": "",
  "Last Updated": "3 July 2014",
  "Credibility": "true",
  "URL": "www.snopes.com/luck/declare.asp",
  "Claim": "A lucky bargain hunter became a millionaire after finding an original print of the Declaration of Independence in the frame of an old painting.",
  "Claim_ID": "luck_declare",
  "Tags": "",
  "Google Results": [
    {
      "results": [
        {
          "domain": "",
          "link": "/aclk?sa=l&ai=CrfWl7delVvb8E4T9pAPMgbLgBq--5p0Ht6DimYcCg9ulq14IAxABYOWr-YSoFqABwcT75APIAQGqBChP0GHxYdw7qMtqjGYReGjnQbhJ0WboxtbTRtDou5drS9MjkTJULcsQgAenu4QbkAcDqAemvhvYBwE&sig=AOD64_2sWyzsdTdMDGxGXg4U_uQAvUdl9w&clui=0&q=&ved=0ahUKEwjv56GQwcTKAhXCw4MKHXDYBqQQ0QwIPg&adurl=http://www.mountvernon.org/research-collections/digital-encyclopedia/article/declaration-of-independence/",
          "link_type": "ads_main"
        },
        {
          "domain": "www.snopes.com",
          "link": "http://www.snopes.com/luck/declaration.asp",
          "link_type": "results"
        },
        {
          "domain": "www.snopes.com",
          "link": "http://www.snopes.com/luck/luck.asp",
          "link_type": "results"
        },
        {
          "domain": "www.ducoclam.com",
          "link": "http://www.ducoclam.com/factorfiction/1287.html",
          "link_type": "results"
        },
        {
          "domain": "www.gotoquiz.com",
          "link": "http://www.gotoquiz.com/see_how_much_you_know_about_urban_legends",
          "link_type": "results"
        },
        {
          "domain": "www.free.journals.tk",
          "link": "http://www.free.journals.tk/original-declaration-of-independence-copies",
          "link_type": "results"
        },
        {
          "domain": "www.free.journals.tk",
          "link": "http://www.free.journals.tk/painting-signing-declaration-independence",
          "link_type": "results"
        },
        {
          "domain": "groups.google.com",
          "link": "https://groups.google.com/d/topic/christiansunchained/4c3uHGd8pGk",
          "link_type": "results"
        },
        {
          "domain": "www.pinterest.com",
          "link": "https://www.pinterest.com/pin/272538214922426789/",
          "link_type": "results"
        },
        {
          "domain": "www.pinterest.com",
          "link": "https://www.pinterest.com/pin/181973641167609545/",
          "link_type": "results"
        },
        {
          "domain": "www.bestandworst.com",
          "link": "http://www.bestandworst.com/rate/s/?id=374693",
          "link_type": "results"
        }
      ]
    },
    {
      "results": [
        {
          "domain": "m.delphiforums.com",
          "link": "http://m.delphiforums.com/newtish/messages/46433/206",
          "link_type": "results"
        },
        {
          "domain": "uk.answers.yahoo.com",
          "link": "https://uk.answers.yahoo.com/question/index?qid=20120125142240AAYJR62",
          "link_type": "results"
        },
        {
          "domain": "www.sjpba.net",
          "link": "http://www.sjpba.net/Farsider/071113.htm",
          "link_type": "results"
        },
        {
          "domain": "vagasauj.cba.pl",
          "link": "http://vagasauj.cba.pl/doge-palace-venice-floor-plan.html",
          "link_type": "results"
        },
        {
          "domain": "www.bookcrossing.com",
          "link": "http://www.bookcrossing.com/forum/5/166210/2128147",
          "link_type": "results"
        },
        {
          "domain": "teeravee9.y0.pl",
          "link": "http://teeravee9.y0.pl/03-2015-15.html",
          "link_type": "results"
        },
        {
          "domain": "magnoliavolleyball.blogspot.com",
          "link": "http://magnoliavolleyball.blogspot.com/2006_09_24_archive.html",
          "link_type": "results"
        },
        {
          "domain": "2each.blogspot.com",
          "link": "http://2each.blogspot.com/2006_03_01_archive.html",
          "link_type": "results"
        },
        {
          "domain": "www.businessinsider.com",
          "link": "http://www.businessinsider.com/where-are-the-survivor-winners-now-2013-8",
          "link_type": "results"
        },
        {
          "domain": "tvtropes.org",
          "link": "http://tvtropes.org/pmwiki/pmwiki.php/Main/GrailInTheGarbage",
          "link_type": "results"
        }
      ]
    },
    {
      "results": [
        {
          "domain": "www.iwillteachyoutoberich.com",
          "link": "http://www.iwillteachyoutoberich.com/blog/what-would-you-do-with-a-free-1000/",
          "link_type": "results"
        },
        {
          "domain": "edge.org",
          "link": "https://edge.org/responses/what-scientific-concept-would-improve-everybodys-cognitive-toolkit",
          "link_type": "results"
        },
        {
          "domain": "www.dailymail.co.uk",
          "link": "http://www.dailymail.co.uk/femail/article-1192182/The-working-class-girl-great-society-hostess.html",
          "link_type": "results"
        },
        {
          "domain": "www.orange-papers.org",
          "link": "http://www.orange-papers.org/orange-propaganda.html",
          "link_type": "results"
        },
        {
          "domain": "www.episodedata.com",
          "link": "http://www.episodedata.com/series.php?id=600",
          "link_type": "results"
        },
        {
          "domain": "www.imdb.com",
          "link": "http://www.imdb.com/title/tt1492088/epcast",
          "link_type": "results"
        },
        {
          "domain": "archive.org",
          "link": "https://archive.org/stream/connoisseurillus52lond/connoisseurillus52lond_djvu.txt",
          "link_type": "results"
        },
        {
          "domain": "www.dmagazine.com",
          "link": "http://www.dmagazine.com/publications/d-magazine/1987/january/best-worst",
          "link_type": "results"
        },
        {
          "domain": "web.mit.edu",
          "link": "http://web.mit.edu/~ecprice/Public/wordlist.ranked",
          "link_type": "results"
        }
      ]
    }
  ]
}