{
  "Origins": "An article published by the Daily Currant on 5 November 2014 claimed California voters had approved a plan to build a $587 billion high-speed railway to Hawaii:",
  "Fact Check": "",
  "Description": "According to election officials, Proposition 49 which would use public money to build a 2,600-mile-long undersea rail tunnel between Honolulu and Los Angeles passed with a resounding 78 percent of the vote. The tunnel would be 185 times longer than the longest undersea tunnel in the world, the Seikan Tunnel in Japan. The total cost of the project is estimated at $587 billion and barring any court challenges construction is expected to begin in 2018. High-speed rails are currently a topic of interest in California politics, but the majority of the conversation is centered on a $68 billion bullet train that would take people from Los Angeles to San Francisco and not a $587 billion rail link that would bring people across the Pacific Ocean to Hawaii. The reason for this is simple: One of those ideas has a chance of coming true, while the other was simply made up for a fake news article. The Daily Currant is a satirical newspaper that aims to \"ridicule the timid ignorance which obstructs our progress.\" The site states in its About section that articles published on the Daily Currant are purely fictional: No. Our stories are purely fictional. However they are meant to address real-world issues through satire and often refer and link to real events happening in the world. California isn't planning on building a high-speed rail to Hawaii, although notions of bullet trains linking Los Angeles to San Francisco and Las Vegas have been under discussion for several years.",
  "Originally Published": "",
  "Referred Links": "http://www.latimes.com/local/political/la-me-pc-brown-gop-bullet-train-20141106-story.html;http://dailycurrant.com/about/;http://dailycurrant.com/2014/11/05/california-approves-587-billion-high-speed-rail-link-to-hawaii/;https://twitter.com/oceanboy2/status/530796032347881472;https://twitter.com/hashtag/dope?src=hash;",
  "Example": "[Collected via Twitter, November 2014] Theres going to be a high speed rail tunnel to Hawaii. #dope Mike Leach (@oceanboy2) November 7, 2014",
  "Last Updated": "7 November 2014",
  "Credibility": "false",
  "URL": "www.snopes.com/media/notnews/hawaiitrain.asp",
  "Claim": "California is building a $587 billion high-speed rail link to Hawaii.",
  "Claim_ID": "media_notnews_hawaiitrain",
  "Tags": "",
  "Google Results": [
    {
      "results": [
        {
          "domain": "dailycurrant.com",
          "link": "http://dailycurrant.com/2014/11/05/california-approves-587-billion-high-speed-rail-link-to-hawaii/",
          "link_type": "results"
        },
        {
          "domain": "www.snopes.com",
          "link": "http://www.snopes.com/media/notnews/hawaiitrain.asp",
          "link_type": "results"
        },
        {
          "domain": "texasborderbusiness.com",
          "link": "http://texasborderbusiness.com/california-approves-587-billion-high-speed-rail-link-to-hawaii/",
          "link_type": "results"
        },
        {
          "domain": "fake.trendolizer.com",
          "link": "http://fake.trendolizer.com/2014/11/california-approves-587-billion-high-speed-rail-link-to-hawaii.html",
          "link_type": "results"
        },
        {
          "domain": "vaticanenquirer.com",
          "link": "http://vaticanenquirer.com/california-approves-587-billion-high-speed-rail-link-to-hawaii/",
          "link_type": "results"
        },
        {
          "domain": "now100fm.cbslocal.com",
          "link": "http://now100fm.cbslocal.com/2014/11/06/california-approves-high-speed-rail-link-to-hawaii/",
          "link_type": "results"
        },
        {
          "domain": "www.reddit.com",
          "link": "https://www.reddit.com/r/Hawaii/comments/2lqb2i/california_approves_587_billion_highspeed_rail/",
          "link_type": "results"
        },
        {
          "domain": "www.trainorders.com",
          "link": "http://www.trainorders.com/discussion/read.php?4,3573285",
          "link_type": "results"
        },
        {
          "domain": "www.facebook.com",
          "link": "https://www.facebook.com/dailycurrant/posts/757928390948229",
          "link_type": "results"
        },
        {
          "domain": "www.facebook.com",
          "link": "https://www.facebook.com/radio947/posts/10152594093297917",
          "link_type": "results"
        }
      ]
    },
    {
      "results": [
        {
          "domain": "www.chicagotribune.com",
          "link": "http://www.chicagotribune.com/business/sns-201411141000--tms--fmoneyctnoc-a20141116-20141116-story.html",
          "link_type": "results"
        },
        {
          "domain": "the-daily-bungle.blogspot.com",
          "link": "http://the-daily-bungle.blogspot.com/2014/11/this-week-in-review-02.html",
          "link_type": "results"
        },
        {
          "domain": "www.jodyahlquistmough.com",
          "link": "http://www.jodyahlquistmough.com/blog/",
          "link_type": "results"
        },
        {
          "domain": "en.wikipedia.org",
          "link": "https://en.wikipedia.org/wiki/California_High-Speed_Rail",
          "link_type": "results"
        },
        {
          "domain": "www.tunneltalk.com",
          "link": "http://www.tunneltalk.com/Americans-approve-billions-for-transit.php",
          "link_type": "results"
        },
        {
          "domain": "thevpo.org",
          "link": "http://thevpo.org/tag/michael-townsend/page/2/",
          "link_type": "results"
        },
        {
          "domain": "www.vegasmessageboard.com",
          "link": "http://www.vegasmessageboard.com/forums/archive/index.php/t-113538.html",
          "link_type": "results"
        },
        {
          "domain": "weeklyunion.com",
          "link": "http://weeklyunion.com/2016/01/make-amla-oil-at-home/",
          "link_type": "results"
        },
        {
          "domain": "www.railroad.net",
          "link": "http://www.railroad.net/forums/viewtopic.php?f=137&t=57463&start=300",
          "link_type": "results"
        },
        {
          "domain": "thehollywoodsource.com",
          "link": "http://thehollywoodsource.com/2015/12/workout-places-for-body-building/",
          "link_type": "results"
        },
        {
          "domain": "",
          "link": "/aclk?sa=L&ai=C1rMBQPGlVtnnG4jQpgPs6pu4AoqqybsG2s3IsJAC1NCKuFAIAxABYOUDkAECyAEBqgQkT9CKinM3KPrqnHUWkWI9kHHbx7X7Bl7FFrvCurTSeflukbwMgAfim7Q8kAcDqAemvhvYBwE&sig=AOD64_3gzE28SN-ZBaYGtRmhaaSoeFgkOQ&clui=0&q=&ved=0ahUKEwjj_dGj2cTKAhXnsYMKHdvVC1k4ChDRDAhV&adurl=http://us.when.com/vertical%3Fq%3Dhigh%2520speed%2520rail%2520route%2520map%26type%3Dcontent%26s_pt%3Daolsem%26s_it%3Dcontent%26s_chn%3D6",
          "link_type": "ads_main"
        }
      ]
    },
    {
      "results": [
        {
          "domain": "www.sondrakistan.com",
          "link": "http://www.sondrakistan.com/2014/11/11/good-nooz/",
          "link_type": "results"
        },
        {
          "domain": "conpaper.tistory.com",
          "link": "http://conpaper.tistory.com/23346",
          "link_type": "results"
        },
        {
          "domain": "www.wendymcelroy.com",
          "link": "http://www.wendymcelroy.com/news.php?default.0.660",
          "link_type": "results"
        },
        {
          "domain": "archive.org",
          "link": "https://archive.org/stream/facebookMay2014_201501/facebookNov2014_djvu.txt",
          "link_type": "results"
        },
        {
          "domain": "www.criminalizeconservatism.com",
          "link": "http://www.criminalizeconservatism.com/2014/11/the-incredible-stupidity-of-average.html",
          "link_type": "results"
        },
        {
          "domain": "www.city-data.com",
          "link": "http://www.city-data.com/forum/sitemap/f/f-9-p-56.html",
          "link_type": "results"
        },
        {
          "domain": "liberalforum.net",
          "link": "http://liberalforum.net/viewtopic.php?p=495186",
          "link_type": "results"
        },
        {
          "domain": "blamethe1st.deviantart.com",
          "link": "http://blamethe1st.deviantart.com/journal/?catpath=%2F&offset=475",
          "link_type": "results"
        },
        {
          "domain": "blamethe1st.deviantart.com",
          "link": "http://blamethe1st.deviantart.com/journal/?catpath=%2F&offset=480",
          "link_type": "results"
        }
      ]
    }
  ]
}