{
  "Origins": "On 14 February 2015, the entertainment website Internet Chronicle published an article claiming that celebrity chef Guy Fieri had passed away:",
  "Fact Check": "",
  "Description": "While the Internet Chronicle does not specifically label itself as an entertainment site, readers should be skeptical of any information coming from a publication that claims to be founded by a group of aliens who crash-landed on planet Earth in the 1970s: At the Chronicle.SU, we take truth seriously. We take what we do so seriusly, untruths at chronicle.su are punishable by mutilation or death. Sadly, chronicle.su is not of this earth. After crash landing in an asteroid December 30th, 1976, the alien husks of Chronicle editors rapidly adapted to Earth climates and bacterial flora. They are able to survive naturally in the wild and reproduce freely. Aside from the dubious origins of the entertainment web site that published this \"news,\" another clue is that no other media outlets have reported on Guy Fieri's supposed death. The celebrity chef has been active on social media in the days following his supposed death.",
  "Originally Published": "",
  "Referred Links": "http://twitter.com/GuyFieri;http://www.donotlink.com/dqh2;http://www.donotlink.com/dqgu;",
  "Example": "[Collected via e-mail, February 2015] Is guy Fieri dead at 47. Seen an article on Internet Chronicle that said her passed away Saturday night. Can you find out if that's true or not?",
  "Last Updated": "17 February 2015",
  "Credibility": "false",
  "URL": "www.snopes.com/media/notnews/guyfieri.asp",
  "Claim": "Celebrity chef Guy Fieri has passed away at the age of 47.",
  "Claim_ID": "media_notnews_guyfieri",
  "Tags": "",
  "Google Results": [
    {
      "results": [
        {
          "domain": "www.snopes.com",
          "link": "http://www.snopes.com/media/notnews/guyfieri.asp",
          "link_type": "results"
        },
        {
          "domain": "www.biography.com",
          "link": "http://www.biography.com/people/guy-fieri-20688753",
          "link_type": "results"
        },
        {
          "domain": "www.facebook.com",
          "link": "https://www.facebook.com/snopes/posts/599673130177210",
          "link_type": "results"
        },
        {
          "domain": "twitter.com",
          "link": "https://twitter.com/snopes/status/567920300454780928",
          "link_type": "results"
        },
        {
          "domain": "hoax.trendolizer.com",
          "link": "http://hoax.trendolizer.com/trend/Guy%20Fieri",
          "link_type": "results"
        },
        {
          "domain": "hoax.trendolizer.com",
          "link": "http://hoax.trendolizer.com/2015/02/rip-guy-fieri.html",
          "link_type": "results"
        },
        {
          "domain": "sofafurniturecabinet.blogspot.com",
          "link": "http://sofafurniturecabinet.blogspot.com/2015/08/where-does-guy-fieri-live.html",
          "link_type": "results"
        },
        {
          "domain": "guyfieri.blogspot.com",
          "link": "http://guyfieri.blogspot.com/2009/01/frequently-asked-questions-about-guy.html",
          "link_type": "results"
        },
        {
          "domain": "www.afterellen.com",
          "link": "http://www.afterellen.com/tv/417129-guy-fieri-speaks-late-gay-sister-marrying-sex-couples-florida",
          "link_type": "results"
        }
      ]
    },
    {
      "results": [
        {
          "domain": "www.dailymail.co.uk",
          "link": "http://www.dailymail.co.uk/news/article-2051447/TV-chef-Guy-Fieri-accused-homophobic-producer-fired-Food-Network-show.html",
          "link_type": "results"
        },
        {
          "domain": "www.dailymail.co.uk",
          "link": "http://www.dailymail.co.uk/news/article-2478738/Chef-Guy-Fieri-testifies-trial-teen-accused-stealing-Lamborghini.html",
          "link_type": "results"
        },
        {
          "domain": "hollywoodlife.com",
          "link": "http://hollywoodlife.com/2015/10/09/paul-prudhommed-dead-chef-louisiana/",
          "link_type": "results"
        },
        {
          "domain": "www.usmagazine.com",
          "link": "http://www.usmagazine.com/celebrity-news/news/anthony-bourdain-insults-guy-fieri-ina-garten-adam-richman--2015167",
          "link_type": "results"
        },
        {
          "domain": "en.wikipedia.org",
          "link": "https://en.wikipedia.org/wiki/Anthony_Bourdain",
          "link_type": "results"
        },
        {
          "domain": "hosted.ap.org",
          "link": "http://hosted.ap.org/dynamic/stories/H/HISTORY?SITE=AP",
          "link_type": "results"
        },
        {
          "domain": "regator.com",
          "link": "http://regator.com/p/266951512/rip_guy_fieri/",
          "link_type": "results"
        },
        {
          "domain": "www.foxnews.com",
          "link": "http://www.foxnews.com/leisure/2015/05/01/real-ages-your-favorite-celebrity-chefs-revealed/",
          "link_type": "results"
        },
        {
          "domain": "celebrity.yahoo.com",
          "link": "http://celebrity.yahoo.com/news/anthony-bourdain-insults-guy-fieri-ina-garten-adam-184430306-us-weekly.html",
          "link_type": "results"
        },
        {
          "domain": "www.nerdygaga.com",
          "link": "http://www.nerdygaga.com/18721/awesome-unique-celebrity-chefs-world/",
          "link_type": "results"
        }
      ]
    },
    {
      "results": [
        {
          "domain": "groups.google.com",
          "link": "https://groups.google.com/forum/m/#!msg/christiansunchained/wBOvlrj1nCE/qNn2mc5dn1wJ",
          "link_type": "results"
        },
        {
          "domain": "www.semissourian.com",
          "link": "http://www.semissourian.com/story/2266675.html",
          "link_type": "results"
        },
        {
          "domain": "romesentinel.com",
          "link": "http://romesentinel.com/tabloid-tales/today-in-history/QBqoal!yXZRTQjXZGYeNlhqcHmlQ/",
          "link_type": "results"
        },
        {
          "domain": "www.kntu.com",
          "link": "http://www.kntu.com/2016/01/22/today-in-history-jan-22/",
          "link_type": "results"
        },
        {
          "domain": "www.dailyrepublic.com",
          "link": "http://www.dailyrepublic.com/features/today-in-history-jan-22-2016/",
          "link_type": "results"
        },
        {
          "domain": "lasvegassun.com",
          "link": "http://lasvegassun.com/news/2016/jan/22/today-in-history/",
          "link_type": "results"
        },
        {
          "domain": "www.pinterest.com",
          "link": "https://www.pinterest.com/wsw1958/great-chefs-etc/",
          "link_type": "results"
        },
        {
          "domain": "www.artesianews.com",
          "link": "https://www.artesianews.com/1210353/today-in-history-8.html",
          "link_type": "results"
        },
        {
          "domain": "www.seattlepi.com",
          "link": "http://www.seattlepi.com/news/article/Today-in-History-6776163.php",
          "link_type": "results"
        },
        {
          "domain": "www.ranker.com",
          "link": "http://www.ranker.com/list/notable-tv-chef_s)/reference",
          "link_type": "results"
        }
      ]
    }
  ]
}