{
  "Origins": "On 2 March 2008, The Peoples News web site published an article positing that U.S. federal judge Ryan Cabrera ordered that black mothers can no longer select names for their own children unless \"at least three white people agree\" to the chosen names:",
  "Fact Check": "",
  "Description": "After Judge Cabrera's historic ruling, little Clitoria Jackson will likely undergo a name change. (DETROIT) In a decision that's expected to send shockwaves through the African-American community and yet, give much relief to teachers everywhere a federal judge ruled today that black women no longer have independent naming rights for their children. Too many black children and many adults bear names that border on not even being words, he said. \"I am simply tired of these ridiculous names black women are giving their children,\" said U.S. Federal Judge Ryan Cabrera before rendering his decision. \"Someone had to put a stop to it.\" The rule applies to all black women, but Cabrera singled out impoverished mothers. \"They are the worst perpetrators,\" he said. \"They put in apostrophes where none are needed. They think a 'Q' is a must. There was a time when Shaniqua and Tawanda were names you dreaded. Now, if you're a black girl, you hope you get a name as sensible as one of those.\" Beginning in one week, at least three white people must agree with the name before a black mother can name her child. Soon afterwards links and excerpts referencing this item were being circulated via social media, with many of those who encountered the article mistaking it for a genuine news item. But the article was just a spoof, one whose headline played on the legend of black women unknowingly naming their children after embarrassing medical terms or bodily parts. There is no federal judge named Ryan Cabrera, no judicial order restricting the right of black women to choose their children's names, nor (as far as we know) no little girl named \"Clitoria Jackson.\" The footer of the original piece (which many readers who encountered the story out of context didn't see) stated \"This article is satire, brought to you by the creative minds at The Peoples News. It's not real, but we hope it made you think.\" The site soon followed up that article with another one claiming U.S. Secretary of State Condoleezza Rice was \"demanding the dismissal\" of Judge Cabrera: Secretary of State Condoleezza Rice is demanding the dismissal of U.S. Federal Court Judge Ryan Cabrera. Last week, after becoming fed up with what he described as \"stupid names,\" Cabrera ruled that black women would no longer be able to choose the name of their own children without first consulting and gaining the approval of a committee of three whites. \"I am outraged that Cabrera has issued a ruling designed to minimize black women's creativity when naming their children,\" says Rice. \"Having a unique name is a blessing. I might not have gotten as far as I have without the extra e and z in my name.\"",
  "Originally Published": "",
  "Referred Links": "http://www.donotlink.com/djoz;http://www.donotlink.com/djo4;",
  "Example": "[Collected via e-mail, March 2008] Did a U.S. federal judge by the name of Ryan Cabrera actually forbid Black women from naming their own children?",
  "Last Updated": "5 February 2015",
  "Credibility": "false",
  "URL": "www.snopes.com/media/notnews/blacknames.asp",
  "Claim": "A federal judge has barred black women from choosing their children's names.",
  "Claim_ID": "media_notnews_blacknames",
  "Tags": "",
  "Google Results": [
    {
      "results": [
        {
          "domain": "www.snopes.com",
          "link": "http://www.snopes.com/media/notnews/blacknames.asp",
          "link_type": "results"
        },
        {
          "domain": "www.snopes.com",
          "link": "http://www.snopes.com/humor/iftrue/blacknames.asp",
          "link_type": "results"
        },
        {
          "domain": "twitter.com",
          "link": "https://twitter.com/snopes/status/563470514505936896",
          "link_type": "results"
        },
        {
          "domain": "www.facebook.com",
          "link": "https://www.facebook.com/snopes/photos/a.241067746037752.1073741828.241061082705085/592439440900579/",
          "link_type": "results"
        },
        {
          "domain": "lovetrafell.com",
          "link": "http://lovetrafell.com/federal-judge-enough-with-the-stupid-names.html",
          "link_type": "results"
        },
        {
          "domain": "en.wikipedia.org",
          "link": "https://en.wikipedia.org/wiki/Hattie_McDaniel",
          "link_type": "results"
        },
        {
          "domain": "www.hbcusports.com",
          "link": "http://www.hbcusports.com/forums/threads/federal-judge-forbids-poor-black-women-from-namin-their-own-kid-s.68743/",
          "link_type": "results"
        },
        {
          "domain": "www.huffingtonpost.com",
          "link": "http://www.huffingtonpost.com/2014/04/24/banned-baby-names_n_5134075.html",
          "link_type": "results"
        },
        {
          "domain": "www.uic.edu",
          "link": "http://www.uic.edu/orgs/cwluherstory/jofreeman/lawandpolicy/revlaw1.htm",
          "link_type": "results"
        },
        {
          "domain": "www.theatlantic.com",
          "link": "http://www.theatlantic.com/international/archive/2015/12/japan-last-name/420711/",
          "link_type": "results"
        }
      ]
    },
    {
      "results": [
        {
          "domain": "tshaonline.org",
          "link": "https://tshaonline.org/handbook/online/articles/jsw02",
          "link_type": "results"
        },
        {
          "domain": "ar.answers.yahoo.com",
          "link": "https://ar.answers.yahoo.com/question/index?qid=20080525101457AAxco6a",
          "link_type": "results"
        },
        {
          "domain": "www.loc.gov",
          "link": "http://www.loc.gov/teachers/classroommaterials/connections/slaves-court/file.html",
          "link_type": "results"
        },
        {
          "domain": "www.loc.gov",
          "link": "https://www.loc.gov/exhibits/brown/brown-aftermath.html",
          "link_type": "results"
        },
        {
          "domain": "www.encyclopedia.com",
          "link": "http://www.encyclopedia.com/topic/Womens_rights.aspx",
          "link_type": "results"
        },
        {
          "domain": "www.newworldencyclopedia.org",
          "link": "http://www.newworldencyclopedia.org/entry/Civil_Rights_Movement",
          "link_type": "results"
        },
        {
          "domain": "www.wic.org",
          "link": "http://www.wic.org/misc/history.htm",
          "link_type": "results"
        },
        {
          "domain": "storywall.osbar.org",
          "link": "https://storywall.osbar.org/1900-1959/",
          "link_type": "results"
        },
        {
          "domain": "www.bbc.co.uk",
          "link": "http://www.bbc.co.uk/newsbeat/article/33181548/mum-banned-from-breastfeeding-in-australia-after-she-has-a-tattoo",
          "link_type": "results"
        },
        {
          "domain": "www.ibtimes.com.au",
          "link": "http://www.ibtimes.com.au/mother-tattoo-banned-breastfeeding-her-baby-judge-believes-it-poses-unacceptable-health-risk-1452499",
          "link_type": "results"
        }
      ]
    },
    {
      "results": [
        {
          "domain": "www.historynet.com",
          "link": "http://www.historynet.com/black-history",
          "link_type": "results"
        },
        {
          "domain": "www.utm.edu",
          "link": "https://www.utm.edu/staff/jfieser/class/160/3-drugs.htm",
          "link_type": "results"
        },
        {
          "domain": "thetruthwins.com",
          "link": "http://thetruthwins.com/archives/20-outrageous-examples-that-show-how-political-correctness-is-taking-over-america",
          "link_type": "results"
        },
        {
          "domain": "www.buzzfeed.com",
          "link": "http://www.buzzfeed.com/laurasilver/a-woman-has-been-banned-from-breastfeeding-because-she-has-a?responses",
          "link_type": "results"
        },
        {
          "domain": "www.vanityfair.com",
          "link": "http://www.vanityfair.com/news/2007/09/littlerock200709",
          "link_type": "results"
        },
        {
          "domain": "www.dailymail.co.uk",
          "link": "http://www.dailymail.co.uk/tvshowbiz/article-2576406/Shakira-reveals-Gerard-Piqu-BANNED-appearing-raunchy-music-videos-men.html",
          "link_type": "results"
        },
        {
          "domain": "www.slate.com",
          "link": "http://www.slate.com/blogs/xx_factor/2014/03/13/fathers_in_the_delivery_room_new_jersey_judge_rules_that_a_mother_can_block.html",
          "link_type": "results"
        },
        {
          "domain": "www2.ed.gov",
          "link": "http://www2.ed.gov/about/offices/list/ocr/docs/hq9511.html",
          "link_type": "results"
        }
      ]
    }
  ]
}