{
  "Origins": "On 17 January 2015, Empire News published an article claiming Dzjokhar Tsarnaev, while awaiting trial for bombing the finish line of the Boston Marathon on 15 April 2013, had been attacked by white supremacists in prison: \"It initially appeared as though Tsarnaev slipped on a discarded banana peel and hit the floor with such force that his head bounced off the hard tile surface, probably 16 or 17 times. There was blood everywhere all over the walls, the floor, even the toilet. The injuries have caused massive brain trauma,\" said prison investigator Joe Goldsmith. \"We determined though, through expert analysis, that it would be impossible for these injuries to have occurred through a fall. Our investigation has shown that it was the Aryan Brotherhood who initiated an attack on Tsarnaev.\" Soon afterwards links and excerpts referencing this article were being circulated via social media, with many of those who encountered the item mistaking it for a genuine news article. However, the article was just a bit of fake news from Empire News , a fake news web site that publishes fictional stories such as \"Cure for Cancer Discovered; 'Amazingly Simple' Says Researcher,\" and \"College Student Excused from Classes After Dog Eats Grandmother,\" and \"Woman Gives Birth, Confuses Doctors by Asking for Maternity Test.\"",
  "Fact Check": "",
  "Description": "Empire News ' disclaimer page notes that \"Empire News is intended for entertainment purposes only.\"",
  "Originally Published": "",
  "Referred Links": "http://boston.cbslocal.com/2013/04/19/report-boston-marathon-bombing-suspect-in-custody-second-at-large/;",
  "Example": "[Collected via e-mail, January 2015] Empire new posts an article that Dzhokar Tzarnaev has been critically injured by the Aryan Nation Brotherhood at Ft. Devens Detention Center in Massachusetts.",
  "Last Updated": "1 September 2015",
  "Credibility": "false",
  "URL": "www.snopes.com/media/notnews/tsarnaev.asp",
  "Claim": "Boston Marathon bombing suspect Djokhar Tsarnaev has been beaten in prison.",
  "Claim_ID": "media_notnews_tsarnaev",
  "Tags": "",
  "Google Results": [
    {
      "results": [
        {
          "domain": "www.snopes.com",
          "link": "http://www.snopes.com/media/notnews/tsarnaev.asp",
          "link_type": "results"
        },
        {
          "domain": "empirenews.net",
          "link": "http://empirenews.net/accused-boston-marathon-bomber-severely-injured-in-prison-may-never-walk-or-talk-again/",
          "link_type": "results"
        },
        {
          "domain": "www.inquisitr.com",
          "link": "http://www.inquisitr.com/1764947/dzhokhar-tsarnaev-beaten-in-prison-satirical-site-claims-boston-marathon-bombing-suspect-blinded-and-paralyzed/",
          "link_type": "results"
        },
        {
          "domain": "www.jobsnhire.com",
          "link": "http://www.jobsnhire.com/articles/17399/20150118/boston-bomber-injured-boston-bomber-attacked-paralyzed-and-blinded-in-prison-after-online-satirist-hoax-goes-viral.htm",
          "link_type": "results"
        },
        {
          "domain": "www.youtube.com",
          "link": "https://www.youtube.com/watch?v=YPqy0DFKfw4",
          "link_type": "results"
        },
        {
          "domain": "www.bostonmagazine.com",
          "link": "http://www.bostonmagazine.com/news/blog/2014/11/04/khairullozhon-matanov-letters-claims-plymouth-officers/",
          "link_type": "results"
        },
        {
          "domain": "www.dailymail.co.uk",
          "link": "http://www.dailymail.co.uk/news/article-3048235/Penalty-phase-Boston-Marathon-bombing-trial-set-begin.html",
          "link_type": "results"
        },
        {
          "domain": "www.dailymail.co.uk",
          "link": "http://www.dailymail.co.uk/news/article-3051049/Photo-Boston-Bomber-callously-flipping-camera-three-months-terror-attack-released.html",
          "link_type": "results"
        },
        {
          "domain": "www.usatoday.com",
          "link": "http://www.usatoday.com/story/news/nation/2015/07/18/boston-marathon-bomber--moved--colorado-supermax-prison/30342323/",
          "link_type": "results"
        },
        {
          "domain": "www.cnn.com",
          "link": "http://www.cnn.com/2015/06/05/us/boston-tsarnaev-friends-sentenced/",
          "link_type": "results"
        }
      ]
    },
    {
      "results": [
        {
          "domain": "news.yahoo.com",
          "link": "http://news.yahoo.com/tsarnaev-court-boston-marathon-bombings-045706558.html",
          "link_type": "results"
        },
        {
          "domain": "www.businessinsider.com",
          "link": "http://www.businessinsider.com/dzhokhar-tsarnaevs-life-in-prison-2013-10",
          "link_type": "results"
        },
        {
          "domain": "www.cnn.com",
          "link": "http://www.cnn.com/2015/06/25/us/tsarnaev-prison-colorado/",
          "link_type": "results"
        },
        {
          "domain": "www.emergent.info",
          "link": "http://www.emergent.info/Boston-marathon-bomber-beaten",
          "link_type": "results"
        },
        {
          "domain": "www.huffingtonpost.com",
          "link": "http://www.huffingtonpost.com/2013/10/03/dzhokhar-tsarnaev-prison-restrictions_n_4035755.html",
          "link_type": "results"
        },
        {
          "domain": "www.nydailynews.com",
          "link": "http://www.nydailynews.com/news/crime/boston-marathon-accused-bomber-joking-jail-security-attys-article-1.1711972",
          "link_type": "results"
        },
        {
          "domain": "www.nydailynews.com",
          "link": "http://www.nydailynews.com/news/national/boston-bomber-abused-speaks-article-1.1330014",
          "link_type": "results"
        },
        {
          "domain": "worldnews.nbcnews.com",
          "link": "http://worldnews.nbcnews.com/_news/2013/06/05/18771851-everythings-fine-boston-bomb-suspect-dzhokhar-tsarnaev-speaks-from-prison?lite",
          "link_type": "results"
        },
        {
          "domain": "www.msn.com",
          "link": "http://www.msn.com/en-us/news/trending/tt-AAdbcZJ?q=Dzhokhar%20Tsarnaev",
          "link_type": "results"
        },
        {
          "domain": "www.bostonglobe.com",
          "link": "https://www.bostonglobe.com/metro/2015/07/17/boston-marathon-bomber-dzhokhar-tsarnaev-transferred-supermax-prison/Hr1P3mAbl5Foxbc0uyUvKL/story.html",
          "link_type": "results"
        }
      ]
    },
    {
      "results": [
        {
          "domain": "metro.co.uk",
          "link": "http://metro.co.uk/tag/dzhokhar-tsarnaev/",
          "link_type": "results"
        },
        {
          "domain": "www.latimes.com",
          "link": "http://www.latimes.com/nation/la-na-tsarnaev-death-row-appeal-20150517-story.html",
          "link_type": "results"
        },
        {
          "domain": "kdvr.com",
          "link": "http://kdvr.com/2015/06/25/boston-marathon-bomber-being-held-in-colorado-prison/",
          "link_type": "results"
        },
        {
          "domain": "results.uhostall.com.leechlink.net",
          "link": "http://results.uhostall.com.leechlink.net/cari/Dzhokhar_Tsarnaev_Jail_Picture.html",
          "link_type": "results"
        },
        {
          "domain": "www.voanews.com",
          "link": "http://www.voanews.com/content/boston-marathon-bombing-trial/2760333.html",
          "link_type": "results"
        },
        {
          "domain": "letschatmusic.com",
          "link": "http://letschatmusic.com/mp3/download/boston-bombing-suspect-arrested-breaking-news.html",
          "link_type": "results"
        },
        {
          "domain": "twitter.com",
          "link": "https://twitter.com/snopes/status/556884351695069184",
          "link_type": "results"
        },
        {
          "domain": "ktla.com",
          "link": "http://ktla.com/2015/06/24/boston-bomber-dzhokhar-tsarnaev-sentencing-hearing-underway/",
          "link_type": "results"
        },
        {
          "domain": "en.wikipedia.org",
          "link": "https://en.wikipedia.org/wiki/Boston_Marathon_bombing",
          "link_type": "results"
        },
        {
          "domain": "www.freerepublic.com",
          "link": "http://www.freerepublic.com/focus/news/3025062/posts",
          "link_type": "results"
        }
      ]
    }
  ]
}