{
  "Origins": "On 29 October 2014, the website Stuppid published an article titled \"Toddler Ejected from Roller Coaster,\" claiming that a one-year-old boy was gravely injured after his teenaged mother sneaked him onto a roller coaster ride in Texas.",
  "Fact Check": "",
  "Description": "According to the article, the gruesome accident (complete with an image, reproduced above) occurred on 28 October 2014 at a theme park in Dallas: A one-year-old was ejected from a roller coaster at Magic Depot theme park yesterday. While the ride has strict height and age limits, the mother, Julie Rake, 17, was able to sneak her son onto the ride under a coat. The baby was not fastened in and Rake claims she thought she would be able to hold on to the baby, even under the extreme G force of the roller coaster. According to Stuppid , the horrible coaster ejection incident was caught on cell phone camera by a bystander, and the boy's mom maintained they were \"partying\" and no criminal charges should result: \"This was an accident,\" Rake told Dallas police. \"I was holding him tight! I just wanted my baby to have a good time. We were partying. I shouldn't be in trouble for this.\" A bystander happened to catch the unfortunate event on his Iphone. \"I was taking pictures of my son and wife on the coaster and I see an object and I reviewed my photos and was shocked to see it was a child. What kind of parent takes a toddler on a roller coaster?\" the bystander said. \"This country isn't the same as it used to be.\" The site also claimed the boy's mother planned to sue the theme park for negligence: \"If Magic Depot was doing their job,\" Ms. Rake said. \"They would have caught me smuggling my baby onto the roller coaster and been able to prevent this accident. I'm going after them ... legally. For ten million dollars. People need to also boycott Magic Depot. Putting aside the fact that no theme park called Magic Depot exists in Dallas, we know this story is false because Stuppid is one of a growing number of fake news sites. Popular past hoaxes from the site include a completely fabricated story about a mother-daughter lesbian couple and yarn about a teen girl who claimed she was pregnant with the son of God.",
  "Originally Published": "",
  "Referred Links": "https://twitter.com/snopes;https://www.facebook.com/snopes;http://message.snopes.com;http://stuppid.com/toddler-ejected-rollercoaster/;",
  "Example": "[Collected via e-mail, November 2014] I came across an article about a toddler being ejected from a roller coaster and it sounds totally fake, but sometimes I am also surprised by the stupid things that people do today.",
  "Last Updated": "4 November 2014",
  "Credibility": "false",
  "URL": "www.snopes.com/media/notnews/coaster.asp",
  "Claim": "A toddler was ejected from a roller coaster after his teen mother circumvented height regulations and sneaked him onto the ride.",
  "Claim_ID": "media_notnews_coaster",
  "Tags": "",
  "Google Results": [
    {
      "results": [
        {
          "domain": "www.snopes.com",
          "link": "http://www.snopes.com/media/notnews/coaster.asp",
          "link_type": "results"
        },
        {
          "domain": "world.sciencenet.cn",
          "link": "http://world.sciencenet.cn/index.php?s=/Index/datail/id/1797",
          "link_type": "results"
        },
        {
          "domain": "itp.nyu.edu",
          "link": "http://itp.nyu.edu/~sve204/leit/command_moderator.php?id=453672",
          "link_type": "results"
        },
        {
          "domain": "www.vtjp.org",
          "link": "http://www.vtjp.org/articles/articlesarchives0608.php",
          "link_type": "results"
        },
        {
          "domain": "www.dailyblaguereader.com",
          "link": "http://www.dailyblaguereader.com/blog/?cat=1",
          "link_type": "results"
        },
        {
          "domain": "www.discoverchinatours.com",
          "link": "http://www.discoverchinatours.com/hotel_info.asp?id=13",
          "link_type": "results"
        },
        {
          "domain": "www.gamefaqs.com",
          "link": "http://www.gamefaqs.com/gba/561559-the-legend-of-zelda-a-link-to-the-past/faqs/45744",
          "link_type": "results"
        },
        {
          "domain": "www.radiotalsinki.ee",
          "link": "http://www.radiotalsinki.ee/index.php/Blog/14_Tulipa_mieleeni.",
          "link_type": "results"
        },
        {
          "domain": "www.hixbrosmusic.com",
          "link": "http://www.hixbrosmusic.com/blog/10/audiobox-studio",
          "link_type": "results"
        }
      ]
    },
    {
      "results": [
        {
          "domain": "bandito.sk",
          "link": "https://bandito.sk/nahlasovna/index.php?pg=1853",
          "link_type": "results"
        },
        {
          "domain": "www.pseudodictionary.com",
          "link": "http://www.pseudodictionary.com/search.php?searchterm=%s&searchpeople=&browsestart=700",
          "link_type": "results"
        },
        {
          "domain": "www.venairsport.com",
          "link": "http://www.venairsport.com/de/seat/leon-1/kit-venair-600001050017",
          "link_type": "results"
        },
        {
          "domain": "centrumdrewna.pl",
          "link": "http://centrumdrewna.pl/firma/437913/dekor_okna_,drzwi_i_bramy_garazowe_/opinie.html",
          "link_type": "results"
        },
        {
          "domain": "dm16.cside.jp",
          "link": "http://dm16.cside.jp/~s16068-1/slot/vote/vote.cgi?mode=com&no=47",
          "link_type": "results"
        },
        {
          "domain": "93.115.203.59",
          "link": "http://93.115.203.59/index.php?option=com_joomgallery&func=detail&id=1665&Itemid=415",
          "link_type": "results"
        },
        {
          "domain": "find-book.org",
          "link": "http://find-book.org/reader?file=248036",
          "link_type": "results"
        },
        {
          "domain": "ape.com.pk",
          "link": "http://ape.com.pk/?p=1",
          "link_type": "results"
        },
        {
          "domain": "www.leblogdeco.fr",
          "link": "http://www.leblogdeco.fr/annuaire/uaredesign-mobilier-design-s-7276.html",
          "link_type": "results"
        }
      ]
    },
    {
      "results": [
        {
          "domain": "enter.biz.ua",
          "link": "http://enter.biz.ua/item/62770/norton_360_multi_device_1_0_russian_1_user_5_lic_dvd_21262803?full",
          "link_type": "results"
        },
        {
          "domain": "www.wieringernieuws.nl",
          "link": "http://www.wieringernieuws.nl/index.php?pagina=Column&optie=Detail&cid=57",
          "link_type": "results"
        },
        {
          "domain": "www.ppgee.ufma.br",
          "link": "http://www.ppgee.ufma.br/aigaion/?page=form&type=note&form=change&note_id=87001&pub_id=441&return=%3Fpage%3Dauthor%26kind%3Dsingle%26ID%3D456",
          "link_type": "results"
        },
        {
          "domain": "knigi.mitras.ru",
          "link": "http://knigi.mitras.ru/index.php?productID=174&discuss=yes",
          "link_type": "results"
        },
        {
          "domain": "www3.big.or.jp",
          "link": "http://www3.big.or.jp/~ryopon/memberlist/memberlist.cgi?mode=res&resno=0050",
          "link_type": "results"
        },
        {
          "domain": "litresp.ru",
          "link": "http://litresp.ru/chitat/en/E/emerson-earl/into-the-inferno",
          "link_type": "results"
        },
        {
          "domain": "www.sanbb.co.jp",
          "link": "http://www.sanbb.co.jp/cp-bin/blog/index.php?eid=299",
          "link_type": "results"
        },
        {
          "domain": "www.goethe-weimar.de",
          "link": "http://www.goethe-weimar.de/bilder/imgkom.php?id=236",
          "link_type": "results"
        },
        {
          "domain": "www.gainesvilleregister.com",
          "link": "http://www.gainesvilleregister.com/topic/?q=%22down%22&t=&l=25&d=&d1=&d2=&f=html&s=start_time&sd=desc&app%5B0%5D=editorial&o=2975",
          "link_type": "results"
        }
      ]
    }
  ]
}