{
  "Origins": "On 15 September 2014, Infowars.com published an article about a purportedly worrisome incident in Jacksonville, Florida. According to the heavily conspiracy-oriented site, a 39-year-old teacher there had been suspended for giving an explicit sex-ed \"lesson\" to sixth grade students which included instructing them on how to utilize a strap-on dildo. The article went into extensive detail and described a scenario that would likely make any parent of an 11- or 12-year-old child uneasy, stating that:",
  "Fact Check": "",
  "Description": "Clinton Middle School in Duval County hired 39-year-old Sharon Mercer to teach the sex education class but after the photos emerged she was suspended and the school refused further comment. Mercer claimed her suspension was an act of \"bigotry\" because she was a \"proud member of the LGBTQ community.\" Newly implemented Common Core educational standards have been assailed for their attempt to create a lowest common denominator form of teaching which many assert only works to dumb down lessons and prevent smart students from excelling. The teaching of so-called \"alternative\" sexual lifestyles is being practiced in many states under Common Core as a result of sexual content finding its way into other subjects. A school district in Arizona banned a Common Core-approved book last year after it was found to contain sexually explicit passages that described scenes of bondage. The photos displayed in the original article were not in fact pictures of a Florida substitute teacher named Sharon Mercer, but rather pictures of Carlyle Jansen , the founder and owner of Good for Her (a progressive, female-friendly sex store in Toronto, Ontario), who has upon occasion been invited to give talks about sexual health at Toronto-area high schools. But Ms. Jansen told us that she also teaches sex ed classes for adult audiences, that the photographs displayed in the outrage-provoking article were snapped at a university-level (not a sixth grade) class, and that she \"would not have done those positions and discussed strap-ons to that extent in a high school setting.\" Instead, someone repurposed those photos and incorporated them into a post that read as a sort of melange of moral panics, touching on fears about the threat of common core curriculum, openly gay teachers, and general ambient concerns about acceptance of homosexuality in society. As quickly as it appeared, the Infowars post evaporated, leaving behind only a cached version of the article behind. That scrubbing may have taken place because the only other source for the claim about Sharon or Sandra Mercer, the \"proud LGBT\" teacher (with an arsenal of marital aids that would make a sailor blush), traces to an apparently satirical site. That original article read, in part: \"It's sick[,]\" said Nancy Watts, mother of two, and long time resident of Duval county. \"I went to this very same elementary school when I was a little girl. There were never any sort of these nasty classes back then. If a teacher had done something like what Ms. Mercer did, they would have been locked up in the county jail. How dare she leave the parents to explain all the disturbing mental images she has left our children with? Now my little girl thinks she may be gay. She can't be gay! She's only ten years old!\" The writer of that post included a biography touting her work on the National Report (a fake news outlet), and other articles on the site included such leg pulls as \"DISTURBING NEW TREND: KIDS ARE NOW SMOKING BED BUGS TO GET HIGH,\" \"TOP FIVE REASONS WHY I'M GLAD PAUL WALKER IS DEAD,\" and \"OUR TOP FIVE FAVORITE CELEBRITY OVERDOSES.\" In addition to the scrubbing of the Infowars article about Ms. Mercer and the Common Core strap-on, no legitimate news outlets covered the story. Given its outrageous elements and the involvement of several controversial aspects, it's highly unlikely such an incident would have gone unreported in the media.",
  "Originally Published": "",
  "Referred Links": "http://webcache.googleusercontent.com/search?q=cache:ahTFPjfStzIJ:www.infowars.com/common-core-6th-graders-taught-how-to-use-strap-on-dildo/+&cd=1&hl=en&ct=clnk&gl=us;http://www.goodforher.com/;http://www.thestar.com/news/insight/2009/09/27/sex_its_free_healthy_and_good_for_the_soul.html;http://modernwomandigest.com/jacksonville-florida-teacher-suspended-shocking-sex-ed-demonstration/;",
  "Example": "[Collected via email, September 2014] There are several really disgusting photos showing what this teacher did. Some are saying it is a fake. Can you let me know what you find? JACKSONVILLE, FLORIDA TEACHER SUSPENDED AFTER SHOCKING SEX ED DEMONSTRATION (Duval, Florida) - A substitute teacher in Jacksonville, Florida has been suspended from her job this week after a student captured photographs of the educator wearing a phallic apparatus and pantomiming graphic, adult-oriented scenarios during class. Sharon Mercer is the 39-year-old substitute teacher who was hired to present a course in sexual education to a group of 6th grade students at Clinton Middle school.",
  "Last Updated": "16 September 2014",
  "Credibility": "false",
  "URL": "www.snopes.com/media/notnews/strapon.asp",
  "Claim": "A Florida teacher gave 6th grade students an explicit sex ed lesson involving a strap-on sex toy to satisfy common core requirements.",
  "Claim_ID": "media_notnews_strapon",
  "Tags": "",
  "Google Results": [
    {
      "results": [
        {
          "domain": "www.snopes.com",
          "link": "http://www.snopes.com/media/notnews/strapon.asp",
          "link_type": "results"
        },
        {
          "domain": "www.teaparty.org",
          "link": "http://www.teaparty.org/common-core-6th-graders-taught-use-strap-dildo-55644/",
          "link_type": "results"
        },
        {
          "domain": "modernwomandigest.com",
          "link": "http://modernwomandigest.com/jacksonville-florida-teacher-suspended-shocking-sex-ed-demonstration/",
          "link_type": "results"
        },
        {
          "domain": "www.facebook.com",
          "link": "https://www.facebook.com/snopes/posts/509099225901268",
          "link_type": "results"
        },
        {
          "domain": "www.pinterest.com",
          "link": "https://www.pinterest.com/pin/162762974008969736/",
          "link_type": "results"
        },
        {
          "domain": "beforeitsnews.com",
          "link": "http://beforeitsnews.com/beyond-science/2014/09/teaching-your-children-how-to-use-a-strap-on-dildo-whats-going-on-with-the-us-department-of-education-2447514.html",
          "link_type": "results"
        },
        {
          "domain": "www.inquisitr.com",
          "link": "http://www.inquisitr.com/1480152/common-core-sex-education-teaches-masturbation-sex-and-abortion-through-pornographic-drawings-and-presentations/",
          "link_type": "results"
        },
        {
          "domain": "lunaticoutpost.com",
          "link": "http://lunaticoutpost.com/thread-466219-post-8876071.html",
          "link_type": "results"
        },
        {
          "domain": "www.darkpolitricks.com",
          "link": "http://www.darkpolitricks.com/2014/09/6th-graders-taught-how-to-use-strap-on-dildo/",
          "link_type": "results"
        },
        {
          "domain": "gpsbobserver.wordpress.com",
          "link": "https://gpsbobserver.wordpress.com/2014/09/30/the-abcs-of-a-sex-toy-ron-bellus-gpsboard-julie-smith-gets-caught-getting-excited-over-a-sexy-myth-commoncore/",
          "link_type": "results"
        },
        {
          "domain": "",
          "link": "/aclk?sa=l&ai=Ckb8auk2kVqHyE4SSpAO1oYGID7af3u0Hjvbu6Z0Cg7e9kQ8IABABYOUDoAH6k8vLA8gBAaoEKE_Qzdn3Pshky4A6RPSQyPEGlqaZ8ZWwRLZVSD9qTd7rPswCukoP4niAB-7rtDSQBwOoB6a-G9gHAQ&sig=AOD64_1lSyE0dyVkeDER8ovkn8-z3wuwsg&clui=0&q=&ved=0ahUKEwjS-J6YycHKAhXDsYMKHTuJBh4Q0QwIGA&adurl=http://www.lead2feed.org/how-to-participate/sample-lesson/",
          "link_type": "ads_main"
        }
      ]
    },
    {
      "results": [
        {
          "domain": "www.thetruthseeker.co.uk",
          "link": "http://www.thetruthseeker.co.uk/?p=106314",
          "link_type": "results"
        },
        {
          "domain": "www.topix.com",
          "link": "http://www.topix.com/who/origins/2014/09/uncommon-core",
          "link_type": "results"
        },
        {
          "domain": "liberalforum.net",
          "link": "http://liberalforum.net/viewtopic.php?p=319337",
          "link_type": "results"
        },
        {
          "domain": "www.exposingsatanism.org",
          "link": "http://www.exposingsatanism.org/showthread.php/259-The-Educational-System-Lucifers-plan",
          "link_type": "results"
        },
        {
          "domain": "politicalconundrum.lefora.com",
          "link": "http://politicalconundrum.lefora.com/reply/47101211",
          "link_type": "results"
        },
        {
          "domain": "www.laserbuddy.com",
          "link": "http://www.laserbuddy.com/people/origins.htm",
          "link_type": "results"
        },
        {
          "domain": "www.opposingviews.com",
          "link": "http://www.opposingviews.com/i/society/education/teacher-suspended-demonstrating-sex-toys-class",
          "link_type": "results"
        },
        {
          "domain": "truth-zone.net",
          "link": "http://truth-zone.net/forum/symbolism/64322-florida-11-12-year-olds-shown-how-to-use-strap-on-dildo-in-a-common-core-subject-class-lesbian-teacher-claims-bigotry.html",
          "link_type": "results"
        },
        {
          "domain": "honda-tech.com",
          "link": "http://honda-tech.com/general-discussion-debate-40/6th-graders-taught-how-use-strap-dildo-3223123/",
          "link_type": "results"
        },
        {
          "domain": "www.urlfo.com",
          "link": "http://www.urlfo.com/phrase/sex-education",
          "link_type": "results"
        },
        {
          "domain": "www.googleadservices.com",
          "link": "http://www.googleadservices.com/pagead/aclk?sa=L&ai=CuO9-vE2kVsqxNIHUpgPk37j4D7af3u0Hjvbu6Z0Cg7e9kQ8IAxABKANg5QOQAQKgAfqTy8sDyAEBqgQoT9ATYHcib7hKpCOQTviPsHmaMq9xlOcU-cHV0GrIBdGh9knZqKmhzogGAYAH7uu0NJAHA6gHpr4b2AcB&ohost=www.google.com.mx&cid=CAASIuRoDyS4wH_dDwLf0RWEEO7SsMLkdXcT7q4mgVJWMQJ6W78&sig=AOD64_3mHkIXl1AK-f3QV3wFWMgAnTvfAg&clui=0&q=&ved=0ahUKEwjS57eZycHKAhUHhYMKHUxzBPo4ChDRDAhZ&adurl=http://www.lead2feed.org/how-to-participate/sample-lesson/",
          "link_type": "ads_main"
        },
        {
          "domain": "www.googleadservices.com",
          "link": "http://www.googleadservices.com/pagead/aclk?sa=L&ai=Csv4GvE2kVsqxNIHUpgPk37j4D-rJ0Z9DktvRlJECsLjA1gQIAxACKANg5QOQAQKgAerc2fsDyAEBqgQoT9BDMR8ibLhKpCOQTviPsB20W6FxlOcU-cHV0GrIBdGh9knZzL22_ogGAYAH_qKmBJAHA6gHpr4b2AcB&ohost=www.google.com.mx&cid=CAASIuRoDyS4wH_dDwLf0RWEEO7SsMLkdXcT7q4mgVJWMQJ6W78&sig=AOD64_0I-nwob_iCbraNQsMBstDTpFopLA&clui=1&q=&ved=0ahUKEwjS57eZycHKAhUHhYMKHUxzBPo4ChDRDAhe&adurl=http://www.crf-usa.org/online-lessons-index/free-lessons-index.html",
          "link_type": "ads_main"
        },
        {
          "domain": "www.googleadservices.com",
          "link": "http://www.googleadservices.com/pagead/aclk?sa=L&ai=C49-0vE2kVsqxNIHUpgPk37j4D73ypMQGtcDGx64Ct6uhdQgDEAMoA2DlA5ABAqABg9-U5APIAQGqBChP0EMxHyJtuEqkI5BO-I-wUsAaoXGU5xT5wdXQasgF0aH2Sdnz1YfhiAYBgAfloOsbkAcDqAemvhvYBwE&ohost=www.google.com.mx&cid=CAASIuRoDyS4wH_dDwLf0RWEEO7SsMLkdXcT7q4mgVJWMQJ6W78&sig=AOD64_25jxn6fBOwCznOnWzWPT8bDPXTmw&clui=2&q=&ved=0ahUKEwjS57eZycHKAhUHhYMKHUxzBPo4ChDRDAhj&adurl=http://healthworldeducation.org",
          "link_type": "ads_main"
        }
      ]
    },
    {
      "results": [
        {
          "domain": "m.facebook.com",
          "link": "https://m.facebook.com/snopes/posts/709976582480197",
          "link_type": "results"
        },
        {
          "domain": "www.shoah.org.uk",
          "link": "http://www.shoah.org.uk/2014/11/page/59/",
          "link_type": "results"
        },
        {
          "domain": "www.remnantofgod.org",
          "link": "http://www.remnantofgod.org/archivedhomeschoolspurs.htm",
          "link_type": "results"
        },
        {
          "domain": "patriotsbillboard.org",
          "link": "http://patriotsbillboard.org/category/un-agenda-21-aka-sustainable-development/page/6/?adtrack=2",
          "link_type": "results"
        },
        {
          "domain": "www.sjpba.net",
          "link": "http://www.sjpba.net/Farsider/092514.htm",
          "link_type": "results"
        },
        {
          "domain": "thegipster.blogspot.com",
          "link": "http://thegipster.blogspot.com/2014_11_01_archive.html",
          "link_type": "results"
        }
      ]
    }
  ]
}