{
  "Origins": "On 14 November 2013, the site Newslo published an article titled \"Ted Cruz's Father Suggests Placing Atheists in 'Camps.'\" The site claimed to present \"hybrid\" content involving real and satirical (or fake) news stories, but it differed from similar sites in its style of presentation.",
  "Fact Check": "",
  "Description": "Buttons at the top of Newslo pages offered readers the ability to \"show facts\" or \"hide facts,\" and selecting the former altered the text presented to highlight the factual basis of the story in yellow. The unhighlighted portions were tacked on as an embellishment (underlined below): Rafael Cruz, father of Texas Senator and Tea-Party favorite Ted Cruz, spoke recently against atheism and secular humanism at a gathering of an Oklahoma Second Amendment advocacy group. He claimed that the belief systems are two of the main ills facing our society, that they lead to sexual perversion, sexual abuse, and the complete loss of hope, and that people following these two views should be rounded up and placed in special 'camps' to keep them separated from the rest of America. \"If there is no God, then we are ruled by our instincts,\" he said. \"Of course, this leads us, when there are no moral absolutes, leads us to sexual immorality, leads us to sexual abuse, leads us to perversion and, of course, no hope. No hope!\" As the site noted, some elements of the article were factual. Rafael Cruz spoke in November 2013 and decried secular morality, but he did not suggest atheists be rounded up into camps of any description. The gist of the article is fiction, as indicated by Newslo 's disclaimer: Newslo is the first hybrid News/Satire platform on the web. Readers come to us for a unique brand of entertainment and information that is enhanced by features like our fact-button, which allows readers to find what is fact and what is satire. Separate items from the same website involving Sarah Palin and Ted Nugent (written in mid to late 2014) also spiked in circulation in March 2015. The claim about the elder Cruz likely recaptured attention after his son's 23 March 2015 announcement of his candidacy for the 2016 presidential election.",
  "Originally Published": "",
  "Referred Links": "http://www.huffingtonpost.com/2013/11/13/rafael-cruz-sexual-abuse_n_4269503.html;http://www.donotlink.com/e99r;",
  "Example": "[Collected via Twitter, March 2015] Papa Cruz takes wingnut to a new level.RT \"@TheNewslo: Ted Cruz's Father Suggests Placing Atheists in 'Camps'",
  "Last Updated": "24 March 2015",
  "Credibility": "false",
  "URL": "www.snopes.com/media/notnews/cruzcamp.asp",
  "Claim": "Rafael Cruz, father of Senator Ted Cruz, believes atheists should be separated from the devout and placed in special \"camps.\"",
  "Claim_ID": "media_notnews_cruzcamp",
  "Tags": "",
  "Google Results": [
    {
      "results": [
        {
          "domain": "www.snopes.com",
          "link": "http://www.snopes.com/media/notnews/cruzcamp.asp",
          "link_type": "results"
        },
        {
          "domain": "www.facebook.com",
          "link": "https://www.facebook.com/snopes/posts/620863304724859",
          "link_type": "results"
        },
        {
          "domain": "www.newslo.com",
          "link": "http://www.newslo.com/ted-cruzs-father-suggests-placing-atheists-in-camps/",
          "link_type": "results"
        },
        {
          "domain": "www.newslo.com",
          "link": "http://www.newslo.com/ted-cruz-denies-his-father-suggested-placing-atheists-in-camps-he-meant-camping/",
          "link_type": "results"
        },
        {
          "domain": "mlbplayers.org",
          "link": "http://mlbplayers.org/tag/ted-cruzs-father-suggests-placing-atheists-in-camps",
          "link_type": "results"
        },
        {
          "domain": "hoax.trendolizer.com",
          "link": "http://hoax.trendolizer.com/trend/Rafael%20Cruz",
          "link_type": "results"
        },
        {
          "domain": "www.skepticink.com",
          "link": "http://www.skepticink.com/tippling/2015/03/24/ted-cruzs-father-is-a-total-idiot/",
          "link_type": "results"
        },
        {
          "domain": "kittyhello.net",
          "link": "http://kittyhello.net/tag/ted-cruzs-father-suggests-placing-atheists-in-camps",
          "link_type": "results"
        },
        {
          "domain": "www.christiantoday.com",
          "link": "http://www.christiantoday.com/article/what.do.we.know.about.the.faith.of.the.2016.presidential.candidates.so.far/51847.htm",
          "link_type": "results"
        },
        {
          "domain": "www.pinterest.com",
          "link": "https://www.pinterest.com/phucktyuu/atheist-view/",
          "link_type": "results"
        }
      ]
    },
    {
      "results": [
        {
          "domain": "www.wopular.com",
          "link": "http://www.wopular.com/ted-cruz-believes-atheists-should-not-be-president?p=4&d=bingsearch",
          "link_type": "results"
        },
        {
          "domain": "houseplans2016.xyz",
          "link": "http://houseplans2016.xyz/father-ted-logo",
          "link_type": "results"
        },
        {
          "domain": "aattp.org",
          "link": "http://aattp.org/christian-taliban-cleric-rafael-cruz-says-stop-electing-the-village-idiot-video/",
          "link_type": "results"
        },
        {
          "domain": "seattle98.wordpress.com",
          "link": "https://seattle98.wordpress.com/tag/batshit-insane/page/7/",
          "link_type": "results"
        },
        {
          "domain": "blogs.rollcall.com",
          "link": "http://blogs.rollcall.com/218/ted-cruz-house-republicans-meet-in-secret-at-tortilla-coast/",
          "link_type": "results"
        },
        {
          "domain": "www.japantoday.com",
          "link": "http://www.japantoday.com/category/world/view/tea-partys-ted-cruz-launches-white-house-bid",
          "link_type": "results"
        },
        {
          "domain": "scathingatheist.com",
          "link": "http://scathingatheist.com/2014/05/",
          "link_type": "results"
        },
        {
          "domain": "theimmoralminority.blogspot.com",
          "link": "http://theimmoralminority.blogspot.com/2015/03/ted-cruz-announces-he-is-running-for.html",
          "link_type": "results"
        },
        {
          "domain": "www.redstate.com",
          "link": "http://www.redstate.com/2015/09/13/hackery-lawrence-krauss/",
          "link_type": "results"
        },
        {
          "domain": "www.thehypertexts.com",
          "link": "http://www.thehypertexts.com/The%20Best%20Donald%20Trump%20Jokes%20%20Tweets%20Quotations.htm",
          "link_type": "results"
        }
      ]
    },
    {
      "results": [
        {
          "domain": "m.facebook.com",
          "link": "https://m.facebook.com/snopes/posts/620863304724859?comment_tracking=%7B%22tn%22%3A%22O%22%7D",
          "link_type": "results"
        },
        {
          "domain": "wearewatchmen.org",
          "link": "http://wearewatchmen.org/blog/",
          "link_type": "results"
        },
        {
          "domain": "dissonancepod.libsyn.com",
          "link": "http://dissonancepod.libsyn.com/rss",
          "link_type": "results"
        },
        {
          "domain": "www.spreaker.com",
          "link": "https://www.spreaker.com/show/261996/episodes/feed",
          "link_type": "results"
        },
        {
          "domain": "heartlandchronicle.com",
          "link": "http://heartlandchronicle.com/news/obama-demands-ted-cruzs-birth-certificate/",
          "link_type": "results"
        },
        {
          "domain": "www.conservapedia.com",
          "link": "http://www.conservapedia.com/Main_Page/Previous_Conservapedia_Breaking_News",
          "link_type": "results"
        },
        {
          "domain": "groups.google.com",
          "link": "https://groups.google.com/d/topic/atheism-vs-christianity/ERYJdXy_7CA",
          "link_type": "results"
        },
        {
          "domain": "nuzzel.com",
          "link": "http://nuzzel.com/story/03242015/snopes/cruz_control",
          "link_type": "results"
        },
        {
          "domain": "milescity.com",
          "link": "https://milescity.com/forums/posts/view/363494",
          "link_type": "results"
        },
        {
          "domain": "login.dogmadebate.com",
          "link": "http://login.dogmadebate.com/podcast/feed/",
          "link_type": "results"
        }
      ]
    }
  ]
}