{
  "Origins": "On 29 August 2014, Empire News published an article positing Congress, despite being in summer recess, had passed a White House-sponsored bill to provide free new cars to people on public assistance:",
  "Fact Check": "",
  "Description": "White House press secretary Josh Earnest announced the launching of the program in a late press briefing yesterday evening. The free automobile program gives low-income Americans the opportunity to take ownership of a vehicle at no cost, and will also include a monthly gas card for $100. Any United States Citizen receiving welfare benefits qualifies for the program, which will be starting on January 5, 2015, said Earnest. Senate minority leader Mitch McConnell told reporters that this will be the downfall of President Obama. \"This absurd plan that the democrats have conjured up is beyond belief. I have no idea how or why congress passed this.\" Soon afterwards links and excerpts referencing this article were being circulated via social media, with many of those who encountered the item mistaking it for a genuine news item. However, the article was just a spoof from Empire News , one of many fake news sites that publishes outrageous fictional stories such as \"Cure for Cancer Discovered; 'Amazingly Simple' Says Researcher,\" \"College Student Excused from Classes After Dog Eats Grandmother,\" and \"Woman Gives Birth, Confuses Doctors by Asking for Maternity Test.\" The site's disclaimer page notes that Empire News \"is a satirical and entertainment website.\" In November 2014, this rumor recirculated after it was republished by the disreputable, click-baiting American News web site.",
  "Originally Published": "",
  "Referred Links": "http://americannews.com/congress-approves-bill-offering-free-cars-to-welfare-recipients/;http://empirenews.net/about-disclaimer/;http://empirenews.net/congress-approves-bill-that-will-offer-free-automobiles-to-welfare-recipients/;",
  "Example": "[Collected via e-mail, September 2014] Did congress recently pass a bill that will allow welfarerecipients to receive a new vehicle free, including a monthly gas card of$100. Starting January 2015?",
  "Last Updated": "2 November 2014",
  "Credibility": "false",
  "URL": "www.snopes.com/media/notnews/freecars.asp",
  "Claim": "Congress has approved a program to provide welfare recipients with free cars and a monthly stipend for gas.",
  "Claim_ID": "media_notnews_freecars",
  "Tags": "",
  "Google Results": [
    {
      "results": [
        {
          "domain": "www.snopes.com",
          "link": "http://www.snopes.com/media/notnews/freecars.asp",
          "link_type": "results"
        },
        {
          "domain": "www.inquisitr.com",
          "link": "http://www.inquisitr.com/1457541/obama-car-program-giving-free-cars-to-welfare-recipients-mitt-romney-might-resemble-that-idea/",
          "link_type": "results"
        },
        {
          "domain": "americannews.com",
          "link": "http://americannews.com/congress-approves-bill-offering-free-cars-to-welfare-recipients/",
          "link_type": "results"
        },
        {
          "domain": "www.clammr.com",
          "link": "http://www.clammr.com/app/clammr/17522",
          "link_type": "results"
        },
        {
          "domain": "daro.hostik.ir",
          "link": "http://daro.hostik.ir/Congress-approves-bill-to-provide.html",
          "link_type": "results"
        },
        {
          "domain": "www.cbpp.org",
          "link": "http://www.cbpp.org/archives/11-8-01wel.htm",
          "link_type": "results"
        },
        {
          "domain": "ec2-23-20-167-227.compute-1.amazonaws.com",
          "link": "http://ec2-23-20-167-227.compute-1.amazonaws.com/curation/national/archive/?page=68",
          "link_type": "results"
        },
        {
          "domain": "books.google.com.mx",
          "link": "https://books.google.com.mx/books?id=WjS7fEScxqYC&pg=PA143&lpg=PA143&dq=Congress+has+approved+a+program+to+provide+welfare+recipients+with+free+cars+and+a+monthly+stipend+for+gas.&source=bl&ots=VVWI2Snyhk&sig=X36owLLF8PYIQtnCEPLTr_PjkeY&hl=en&sa=X&ved=0ahUKEwjE5cK9gsDKAhWEyIMKHdpzDRYQ6AEIRTAH",
          "link_type": "results"
        },
        {
          "domain": "truthinmedia.com",
          "link": "http://truthinmedia.com/welfare-recipients-in-new-york-can-now-earn-more-than-teachers/",
          "link_type": "results"
        },
        {
          "domain": "www.freegovernmentcellphones.net",
          "link": "http://www.freegovernmentcellphones.net/faq/obama-phone",
          "link_type": "results"
        }
      ]
    },
    {
      "results": [
        {
          "domain": "www.encyclopedia.com",
          "link": "http://www.encyclopedia.com/doc/1G2-3049500009.html",
          "link_type": "results"
        },
        {
          "domain": "www.thedailysheeple.com",
          "link": "http://www.thedailysheeple.com/alert-government-freezes-ebt-funds-orders-states-to-withhold-transfers-to-food-stamp-recipients_102013",
          "link_type": "results"
        },
        {
          "domain": "dwss.nv.gov",
          "link": "https://dwss.nv.gov/ESS.html",
          "link_type": "results"
        },
        {
          "domain": "www.ncsl.org",
          "link": "http://www.ncsl.org/research/human-services/ten-ways-to-use-short-term-tanf-benefits.aspx",
          "link_type": "results"
        },
        {
          "domain": "www.heritage.org",
          "link": "http://www.heritage.org/research/reports/2014/04/president-obamas-2015-budget-how-government-expansion-will-limit-opportunity-slow-economic-growth-and-erode-financial-and-national-security",
          "link_type": "results"
        },
        {
          "domain": "inside.mines.edu",
          "link": "http://inside.mines.edu/FAIA-Compliance_Regulation_Summaries",
          "link_type": "results"
        }
      ]
    },
    {
      "results": [
        {
          "domain": "humanservices.arkansas.gov",
          "link": "http://humanservices.arkansas.gov/Pages/servicesSearch.aspx",
          "link_type": "results"
        },
        {
          "domain": "www.sooverthis.com",
          "link": "http://www.sooverthis.com/how-do-people-survive-on-minimum-wage/",
          "link_type": "results"
        },
        {
          "domain": "www.statutes.legis.state.tx.us",
          "link": "http://www.statutes.legis.state.tx.us/Docs/GV/htm/GV.2113.htm",
          "link_type": "results"
        },
        {
          "domain": "lasvegassun.com",
          "link": "http://lasvegassun.com/news/2003/may/14/poor-folks-not-priority/",
          "link_type": "results"
        },
        {
          "domain": "www.kevinmd.com",
          "link": "http://www.kevinmd.com/blog/2013/03/skeptical-growing-number-disability-beneficiaries.html",
          "link_type": "results"
        },
        {
          "domain": "www.bti-project.org",
          "link": "http://www.bti-project.org/reports/country-reports/lac/bra/index.nc",
          "link_type": "results"
        },
        {
          "domain": "www.fns.usda.gov",
          "link": "http://www.fns.usda.gov/snap/facts-about-snap",
          "link_type": "results"
        }
      ]
    }
  ]
}