{
  "Origins": "On 19 January 2015, an image of Michele Bachmann along with a quote purportedly uttered by her about gun rights and the assassination of Martin Luther King began circulating on the Internet. The image received a viral push when it was posted to Reddit's \"Forwards from Grandma\" subreddit . The text from the image was also posted to the Orange County community politics section on Craigslist :",
  "Fact Check": "",
  "Description": "Both of these instances claim Bachmann uttered the phrase during the Martin Luther King Jr. Day Festival in St. Paul, Minnesota on 19 January 2015. While it is true several prominent Minnesota politicians, including Gov. Mark Dayton, St. Paul mayor Chris Coleman, and U.S. senators Amy Klobuchar and Al Franken joined citizens in the Twin Cities to honor Martin Luther King, there is no evidence showing Michele Bachmann was present at that event. Furthermore, Bachmann and her dubious diatribe were not mentioned by any local newspapers, and the only place where this questionable quote appeared was on a viral Michele Bachmann meme and a single California Craigslist post about an event that supposedly happened in Minnesota. It should also be noted this Michele Bachmann meme has nothing to do with Fox News. The photo was taken by Reuters photographer Jeff Haynes at a campaign stop in Des Moines, Iowa, on 9 December 2011. The Fox News logo was later digitally superimposed over the image.",
  "Originally Published": "",
  "Referred Links": "http://www.christianpost.com/news/bachmann-pledges-support-for-minnesota-gay-marriage-ban-68173/;http://orangecounty.craigslist.org/pol/4854998242.html;http://www.reddit.com/r/forwardsfromgrandma/comments/2t0gps/fwd_gram_knows_its_important_to_reflect_today/;",
  "Example": "[Collected via email, January 2015] Did Michelle Bachmann say this on MLK day? This quote is all over facebook.",
  "Last Updated": "20 January 2015",
  "Credibility": "false",
  "URL": "www.snopes.com/media/notnews/bachmannmlk.asp",
  "Claim": "Michele Bachmann said Martin Luther King would still be alive today if black people were allowed to own guns in the 1960s.",
  "Claim_ID": "media_notnews_bachmannmlk",
  "Tags": "",
  "Google Results": [
    {
      "results": [
        {
          "domain": "www.snopes.com",
          "link": "http://www.snopes.com/media/notnews/bachmannmlk.asp",
          "link_type": "results"
        },
        {
          "domain": "www.facebook.com",
          "link": "https://www.facebook.com/snopes/posts/583511538460036",
          "link_type": "results"
        },
        {
          "domain": "hoax.trendolizer.com",
          "link": "http://hoax.trendolizer.com/trend/bachmann",
          "link_type": "results"
        },
        {
          "domain": "hoax.trendolizer.com",
          "link": "http://hoax.trendolizer.com/trend/Michele%20Bachmann",
          "link_type": "results"
        },
        {
          "domain": "www.washingtontimes.com",
          "link": "http://www.washingtontimes.com/news/2009/jun/17/exclusive-minn-lawmaker-fears-census-abuse/",
          "link_type": "results"
        },
        {
          "domain": "www.amren.com",
          "link": "http://www.amren.com/features/2012/01/ron-paul-and-race/",
          "link_type": "results"
        },
        {
          "domain": "www.csbsju.edu",
          "link": "https://www.csbsju.edu/mccarthy-center/events-and-programming/mccarthy-lecture/eugene-j-mccarthy-lecture-archive/2008-lecture/2008-transcript",
          "link_type": "results"
        },
        {
          "domain": "www.allenbwest.com",
          "link": "http://www.allenbwest.com/2014/01/black-liberals-will-never-fulfill-kings-dream/",
          "link_type": "results"
        },
        {
          "domain": "www.faireconomy.org",
          "link": "http://www.faireconomy.org/tags/topic_inequality?page=11",
          "link_type": "results"
        },
        {
          "domain": "www.priestsforlife.org",
          "link": "http://www.priestsforlife.org/africanamerican/blog/index.php/category/black-history",
          "link_type": "results"
        }
      ]
    },
    {
      "results": [
        {
          "domain": "www.priestsforlife.org",
          "link": "http://www.priestsforlife.org/africanamerican/blog/index.php/category/martin-luther-king-jr",
          "link_type": "results"
        },
        {
          "domain": "bernardgoldberg.com",
          "link": "http://bernardgoldberg.com/what-president-obama-left-out-of-his-talk-on-race/",
          "link_type": "results"
        },
        {
          "domain": "semipartisansam.com",
          "link": "http://semipartisansam.com/2013/08/page/2/",
          "link_type": "results"
        },
        {
          "domain": "www.booksareweapons.com",
          "link": "http://www.booksareweapons.com/2015/07/29/welcome-to-the-dark-ages/",
          "link_type": "results"
        },
        {
          "domain": "macklyons.blogspot.com",
          "link": "http://macklyons.blogspot.com/2012_01_01_archive.html",
          "link_type": "results"
        },
        {
          "domain": "stuffblackpeopledontlike.blogspot.com",
          "link": "http://stuffblackpeopledontlike.blogspot.com/2011/08/history-always-repeats-itself-just-like.html",
          "link_type": "results"
        },
        {
          "domain": "lastresistance.com",
          "link": "http://lastresistance.com/2193/liberals-rip-michelle-bachmann-as-she-decides-not-to-seek-re-election/",
          "link_type": "results"
        },
        {
          "domain": "filmingcops.com",
          "link": "http://filmingcops.com/anonymous-exposes-cop-as-member-of-kkk-behind-letter-threatening-to-kill-ferguson-protesters/",
          "link_type": "results"
        },
        {
          "domain": "www.theatlantic.com",
          "link": "http://www.theatlantic.com/entertainment/archive/2011/07/how-curt-flood-changed-baseball-and-killed-his-career-in-the-process/241783/",
          "link_type": "results"
        },
        {
          "domain": "unsilentgeneration.net",
          "link": "http://unsilentgeneration.net/tag/tea-party/",
          "link_type": "results"
        }
      ]
    },
    {
      "results": [
        {
          "domain": "vikingkitties.blogspot.com",
          "link": "http://vikingkitties.blogspot.com/2011_01_01_archive.html",
          "link_type": "results"
        },
        {
          "domain": "fair.org",
          "link": "http://fair.org/blog/2014/01/03/how-racist-do-you-have-to-be-before-the-new-york-times-calls-you-a-racist/",
          "link_type": "results"
        },
        {
          "domain": "wizbangblog.com",
          "link": "http://wizbangblog.com/2014/12/23/climate-deniers/",
          "link_type": "results"
        },
        {
          "domain": "forum.prisonplanet.com",
          "link": "http://forum.prisonplanet.com/index.php?topic=225495.0",
          "link_type": "results"
        },
        {
          "domain": "wikiality.wikia.com",
          "link": "http://wikiality.wikia.com/wiki/History_Of_The_United_States",
          "link_type": "results"
        },
        {
          "domain": "www.rollingstone.com",
          "link": "http://www.rollingstone.com/politics/news/what-president-romney-would-mean-for-women-20120515",
          "link_type": "results"
        },
        {
          "domain": "www.livinginfearbook.com",
          "link": "http://www.livinginfearbook.com/essay-no-2.html",
          "link_type": "results"
        },
        {
          "domain": "www.historycommons.org",
          "link": "http://www.historycommons.org/context.jsp?item=a08212407nugentmachinegun",
          "link_type": "results"
        },
        {
          "domain": "ex-army.blogspot.com",
          "link": "http://ex-army.blogspot.com/2015_05_01_archive.html",
          "link_type": "results"
        },
        {
          "domain": "www.dailymail.co.uk",
          "link": "http://www.dailymail.co.uk/news/article-2614215/A-record-2-999-people-renounced-US-citizenship-year-not-just-avoid-taxes.html",
          "link_type": "results"
        }
      ]
    }
  ]
}