{
  "Origins": "In December 2014, the Extra Wire published an article claiming former New England Patriots tight end Aaron Hernandez, who is currently being held without bail over his indictment on three murder charges, had been released from custody after a judge dropped all pending charges again him and would be returning to the Patriots for the 2015 NFL season:",
  "Fact Check": "",
  "Description": "Aaron Hernandez has reason to celebrate today, as Judge E. Susan Garsh has ruled to drop all current charges against him due to a lack of evidence. Shortly after the decision was made, the NFL expressed that they would be glad to bring Hernandez back, along with Bill Belichick who let it be known that he is welcome to come back as a tight end for the team. Hernandez will still need to undergo some extensive training due to his muscles tightening up while in prison, but the strength he has built up during his time in lockup may help him as a lineman. Some are worried about his wide receiver capabilities, citing that prisoners can lose a tremendous amount of coordination while being locked in a cell for a long period of time, but it seems that Hernandez still has it in him. The Extra Wire does not clearly label itself as an entertainment publication, and in the absence of a proper disclaimer page on the site many readers believed the information provided in the satirical story quoted above was indeed factual. But other articles published by the Extra Wire , including \"Catcalling to Be Punishable by 20 Years in Prison\" and \"Louisiana Village Elects a Dog to Congress,\" make it clear that Extra Wire is not a source to be trusted for news. Furthermore, in December 2014 legitimate publications such as the Boston Globe reported that Aaron Hernandez was still in custody facing first-degree murder charges, with jury selection for his trial set to begin on 9 January 2015.",
  "Originally Published": "",
  "Referred Links": "https://www.bostonglobe.com/opinion/2014/12/18/can-aaron-hernandez-beat-rap/UVvqdxq3tiBZhab81f8tWP/story.html;http://extrawire.com/aaron-hernandez-found-not-guilty-will-return-new-england-patriots-for-2015-season/;",
  "Example": "[Collected via e-mail, December 2014] Is it true that Aaron Hernandez was found not guilty and will be going back to the Patriots in 2015?",
  "Last Updated": "21 December 2014",
  "Credibility": "false",
  "URL": "www.snopes.com/media/notnews/aaronhernandez.asp",
  "Claim": "Murder charges against former New England Patriots player Aaron Hernandez were dropped, and he will be returning to the Patriots for the 2015 NFL season.",
  "Claim_ID": "media_notnews_aaronhernandez",
  "Tags": "",
  "Google Results": [
    {
      "results": [
        {
          "domain": "en.wikipedia.org",
          "link": "https://en.wikipedia.org/wiki/Aaron_Hernandez",
          "link_type": "results"
        },
        {
          "domain": "www.snopes.com",
          "link": "http://www.snopes.com/media/notnews/aaronhernandez.asp",
          "link_type": "results"
        },
        {
          "domain": "abcnews.go.com",
          "link": "http://abcnews.go.com/topics/news/aaron-hernandez.htm",
          "link_type": "results"
        },
        {
          "domain": "www.cnn.com",
          "link": "http://www.cnn.com/2014/05/15/justice/aaron-hernandez-indictment/",
          "link_type": "results"
        },
        {
          "domain": "www.foxsports.com",
          "link": "http://www.foxsports.com/nfl/story/aaron-hernandez-murder-case-timeline-051414",
          "link_type": "results"
        },
        {
          "domain": "profootballtalk.nbcsports.com",
          "link": "http://profootballtalk.nbcsports.com/category/aaron-hernandez-case/",
          "link_type": "results"
        },
        {
          "domain": "ktla.com",
          "link": "http://ktla.com/2015/04/15/former-new-england-patriot-aaron-hernandez-found-guilty-of-murder/",
          "link_type": "results"
        },
        {
          "domain": "www.nytimes.com",
          "link": "http://www.nytimes.com/2015/04/16/sports/football/aaron-hernandez-found-guilty-of-first-degree-murder.html",
          "link_type": "results"
        },
        {
          "domain": "www.usatoday.com",
          "link": "http://www.usatoday.com/story/sports/nfl/2013/06/26/aaron-hernandez-released-new-england-patriots-arrested/2459401/",
          "link_type": "results"
        },
        {
          "domain": "www.nbcnews.com",
          "link": "http://www.nbcnews.com/storyline/aaron-hernandez/former-nfl-star-aaron-hernandez-starts-murder-trial-n282556",
          "link_type": "results"
        }
      ]
    },
    {
      "results": [
        {
          "domain": "www.cbssports.com",
          "link": "http://www.cbssports.com/nfl/eye-on-football/24597098/aaron-hernandez-double-murder-trial-set-for-may-2015",
          "link_type": "results"
        },
        {
          "domain": "www.biography.com",
          "link": "http://www.biography.com/people/aaron-hernandez-21269741",
          "link_type": "results"
        },
        {
          "domain": "nfl-arrests.pointafter.com",
          "link": "http://nfl-arrests.pointafter.com/d/a/New-England-Patriots",
          "link_type": "results"
        },
        {
          "domain": "www.politifact.com",
          "link": "http://www.politifact.com/punditfact/statements/2015/may/18/donald-trump/trump-tees-tom-bradys-suspension-says-players-murd/",
          "link_type": "results"
        },
        {
          "domain": "www.sportsgrid.com",
          "link": "http://www.sportsgrid.com/nfl/the-ray-lewis-guide-to-getting-away-with-murder-this-is-for-you-aaron-hernandez/",
          "link_type": "results"
        },
        {
          "domain": "www.tmz.com",
          "link": "http://www.tmz.com/category/aaron-hernandez-trial/",
          "link_type": "results"
        },
        {
          "domain": "www.dailymail.co.uk",
          "link": "http://www.dailymail.co.uk/news/article-2349985/Did-Aaron-Hernandez-shoot-dead-friend-knew-NFL-star-involved-drive-murder.html",
          "link_type": "results"
        },
        {
          "domain": "www.mirror.co.uk",
          "link": "http://www.mirror.co.uk/sport/other-sports/american-sports/nfl-star-aaron-hernandez-charged-2000801",
          "link_type": "results"
        },
        {
          "domain": "www.nydailynews.com",
          "link": "http://www.nydailynews.com/sports/football/myers-aaron-hernandez-ruined-lives-including-article-1.2186347",
          "link_type": "results"
        },
        {
          "domain": "www.nj.com",
          "link": "http://www.nj.com/giants/index.ssf/2015/04/aaron_hernandez_guilty_of_first-degree_murder_in_k.html",
          "link_type": "results"
        }
      ]
    },
    {
      "results": [
        {
          "domain": "www.i24news.tv",
          "link": "http://www.i24news.tv/en/news/sport/67910-150416-nfl-american-football-s-hall-of-shame",
          "link_type": "results"
        },
        {
          "domain": "www.theroar.com.au",
          "link": "http://www.theroar.com.au/2015/05/14/deflating-balls-is-nothing-compared-to-the-nfls-previous-misdemeanours/",
          "link_type": "results"
        },
        {
          "domain": "www.thewrap.com",
          "link": "http://www.thewrap.com/nfl-star-aaron-hernandez-convicted-of-first-degree-murder/",
          "link_type": "results"
        },
        {
          "domain": "wpri.com",
          "link": "http://wpri.com/aaron-hernandez/",
          "link_type": "results"
        },
        {
          "domain": "www.tvguide.com",
          "link": "https://www.tvguide.com/sports/nfl/new-england-patriots-nfl/video/281862/will-darrelle-revis-return-to-the-patriots-23454858/",
          "link_type": "results"
        },
        {
          "domain": "www.abc.net.au",
          "link": "http://www.abc.net.au/news/2015-04-16/ex-nfl-player-aaron-hernandez-convicted-murder-life-sentence/6396266",
          "link_type": "results"
        },
        {
          "domain": "www.nfl.com",
          "link": "http://www.nfl.com/news/author?id=09000d5d81b52bfe",
          "link_type": "results"
        },
        {
          "domain": "www.wbrz.com",
          "link": "http://www.wbrz.com/tags/patriots",
          "link_type": "results"
        },
        {
          "domain": "www.msn.com",
          "link": "http://www.msn.com/en-us/sports/nfl/murder-rape-guns-nfls-rap-sheet/ar-AAb51GK",
          "link_type": "results"
        },
        {
          "domain": "www.enstarz.com",
          "link": "http://www.enstarz.com/articles/69787/20150225/aaron-hernandez-news-shell-casings-found-in-former-nfl-stars-rental-car-fired-from-murder-weapons-video.htm",
          "link_type": "results"
        }
      ]
    }
  ]
}