{
  "Origins": "In April 2013, New Jersey city councilperson Kathy McBride became the object of some derision when, according to the Trentonian , she reported at a city council meeting that she had received an \"alarming call\" from a constituent who wanted to know \"what was the City of Trenton doing about an epidemic that s called the Blue Waffle Disease?\" McBride was mocked for taking the issue seriously and not recognizing that she had apparently been taken in by an April Fool's prank.",
  "Fact Check": "",
  "Description": "References to \"Blue Waffle Disease\" hit the Internet around March 2010 when an image ( disturbing image warning ) of scabbed, blue-tinted labia was circulated along with the claim that the image pictured a type of vaginal infection resulting from a sexually transmitted disease (a condition which was supposedly common enough that it had been identified and given the slang name \"blue waffle disease\"). Much discussion ensured about whether the photograph was real or a digital manipulation, and, if the former, whether it really pictured an infection (rather than, say, bruising resulting from rape or some other form of trauma). Whatever the origins of the photo, \"blue waffle disease\" is a bit of fiction and not a known symptom or result of any type of STD-related infection. As reported in the Women's Health Foundation blog, Dr. Amy Whitaker, an Assistant Professor of Obstetrics/Gynecology at the University of Chicago Hospital, said of the widely circulated \"blue waffles\" image that: There is no disease known as \"blue waffle disease,\" in the medical world. There is no disease that causes a blue appearance on the external genitalia. I had never heard of this until you wrote to our section and asked about it. The common belief among medical professionals with whom I have spoken or e-mailed about this is that it is a hoax; the picture and \"fake\" disease used to lure people into some web site. The picture itself is disturbing. It is possible that a bluish appearance to external genitalia could be from bruising, which could result from force, most likely from a sexual assault. I can't say, obviously, if that is the case here, but bruising certainly wouldn't be bright blue. No STDS cause external bruising. Additionally, there appears to be one or two lesions, which could be an STD of some sort (for example, a herpes lesion), although it is certainly not clear from the picture. It even appears that there might be some sort of laceration on her right labia, a \"cut\" of sorts, but again it's unclear. That could also be from force, or it could be an STD that presents with a lesion on the vulva. On the other hand, the entire thing could be 'photoshopped,' and nothing in it represents anything 'real.' In any case, this is not the typical appearance of any STD or any condition of the vagina or vulva. Columbia University's Go Ask Alice! Health column also notes that \"blue waffle disease\" is a hoax: \"Blue waffle,\" or \"blue waffle disease,\" is many things, but real is not one of them. It is an urban legend, a myth, a tall tale, a rumor, a hoax, etc. about a fictional sexually transmitted infection (STI). If you do an image search, you'll find (fake) pictures of blue waffle on the Internet. The blue refers to one of the alleged symptoms, and waffle is slang for vagina. Other supposed symptoms of blue waffle vary depending on the source and so does how it's spread, all of the details changing over time like a giant game of telephone. One reason the blue waffle myth may have spread so quickly is because of the fear and confusion surrounding STIs and sexual health. Symptoms associated with the imaginary blue waffle are reminiscent to symptoms of existing conditions or STIs. For example, a red or irritated vagina or vulva, smelly discharge, and itching or burning could all be signs of bacterial vaginosis (or vaginitis). Sores and lesions? Now it sounds more like herpes. Why blue? Perhaps this can be explained by the darker color of the clitoris and inner lips when increased blood flow due to arousal occurs in some women. Or perhaps a darker bluish color could be caused by a yeast infection or chronic irritation of the vulva, known as Lichen simplex. One common variation on the blue waffle myth is that it is an STI that passes exclusively from females to males and can be caused by improper hygiene. Perhaps this seems somewhat indicative of our society s tendency to blame, objectify, and vilify women.",
  "Originally Published": "",
  "Referred Links": "http://goaskalice.columbia.edu/blue-waffle;http://womenshealthfoundation.org/blog/?p=2336;http://www.bestgore.com/wp-content/uploads/2010/05/blue-waffle-infection.jpg;",
  "Example": "[Collected via e-mail, April 2013] There is a rumor going around about a new STD called \"Blue Waffle.\" \"A 'waffle' is a slang term for a vagina. A 'blue waffle' is a slang term for a severe vaginal infection. It's basically a slang term for an extremely nasty or severe vaginal infection/STD on the vagina. The infection could cause lesions on the outside of the vagina, as well as bruising, which causes it to look blue in color.\"",
  "Last Updated": "23 January 2015",
  "Credibility": "false",
  "URL": "www.snopes.com/medical/myths/bluewaffle.asp",
  "Claim": "Photograph shows an STD-related infection known as 'blue waffle disease.'",
  "Claim_ID": "medical_myths_bluewaffle",
  "Tags": "",
  "Google Results": [
    {
      "results": [
        {
          "domain": "www.snopes.com",
          "link": "http://www.snopes.com/medical/myths/bluewaffle.asp",
          "link_type": "results"
        },
        {
          "domain": "www.bluewafflespictures.com",
          "link": "http://www.bluewafflespictures.com/blue-waffles-pictures/",
          "link_type": "results"
        },
        {
          "domain": "www.bluewafflespictures.com",
          "link": "http://www.bluewafflespictures.com/blue-waffles-disease/",
          "link_type": "results"
        },
        {
          "domain": "en.wikipedia.org",
          "link": "https://en.wikipedia.org/wiki/Blue_waffle",
          "link_type": "results"
        },
        {
          "domain": "www.youtube.com",
          "link": "https://www.youtube.com/watch?v=xAajSdYhWeY",
          "link_type": "results"
        },
        {
          "domain": "www.facebook.com",
          "link": "https://www.facebook.com/snopes/posts/419536014857590",
          "link_type": "results"
        },
        {
          "domain": "womenshealthfoundation.org",
          "link": "http://womenshealthfoundation.org/2011/08/08/the-blue-waffles-myth/",
          "link_type": "results"
        },
        {
          "domain": "healthypair.net",
          "link": "http://healthypair.net/blue-waffles-disease-causes-symptoms-treatment-and-pictures",
          "link_type": "results"
        },
        {
          "domain": "www.documentingreality.com",
          "link": "http://www.documentingreality.com/forum/f149/blue-waffle-infection-really-gross-42939/",
          "link_type": "results"
        },
        {
          "domain": "www.urbandictionary.com",
          "link": "http://www.urbandictionary.com/define.php?term=Blue+waffle",
          "link_type": "results"
        },
        {
          "domain": "www.googleadservices.com",
          "link": "http://www.googleadservices.com/pagead/aclk?sa=L&ai=CfordhSOjVuXNKY_UpgOGk7roCrT3zKMG_Omlmgqn_eYMCAAQAWDlg4CAqBagAZiOlP4DyAEBqgQoT9BRGOekX1U7FO0U9ZYIgsdTQ2jEghfakzZ-lShn4bfbcbi5NfjGXYgGAYAH0PHrAZAHA6gHpr4b2AcB&ohost=www.google.com.mx&cid=CAASJORoz_E5vKb4ZTenzQJ47sBkAmnCEKBQxK62rIarIY_AlYewig&sig=AOD64_1ENJNcA5dojY1UVJMDUJJ-3DxYiQ&clui=0&q=&ved=0ahUKEwjM8JfmrL_KAhXrsYMKHWvCAAsQ0QwIGA&adurl=http://www.thewellproject.org/en_US/Diseases_and_Conditions/",
          "link_type": "ads_main"
        }
      ]
    },
    {
      "results": [
        {
          "domain": "v7k.y3.jcacq.pp.ua",
          "link": "http://v7k.y3.jcacq.pp.ua/",
          "link_type": "results"
        },
        {
          "domain": "69.ty.cdd.in.ua",
          "link": "http://69.ty.cdd.in.ua/",
          "link_type": "results"
        },
        {
          "domain": "wikidisease.org",
          "link": "http://wikidisease.org/blue-waffle-disease/",
          "link_type": "results"
        },
        {
          "domain": "www.washingtonhill.us",
          "link": "http://www.washingtonhill.us/blue-waffles/",
          "link_type": "results"
        },
        {
          "domain": "www.washingtonhill.us",
          "link": "http://www.washingtonhill.us/",
          "link_type": "results"
        },
        {
          "domain": "brodcapascu.blog.com",
          "link": "http://brodcapascu.blog.com/2014/07/07/stds-like-blue-waffle/",
          "link_type": "results"
        },
        {
          "domain": "www.bluewafflespics.com",
          "link": "http://www.bluewafflespics.com/blue-waffles-disease-pictures/",
          "link_type": "results"
        },
        {
          "domain": "gishluro.allalla.com",
          "link": "http://gishluro.allalla.com/0ed",
          "link_type": "results"
        },
        {
          "domain": "oralwura.uk.ht",
          "link": "http://oralwura.uk.ht/funy",
          "link_type": "results"
        },
        {
          "domain": "uniquemoments.ro",
          "link": "http://uniquemoments.ro/wp-admin/blue-waffles&page=6",
          "link_type": "results"
        },
        {
          "domain": "www.googleadservices.com",
          "link": "http://www.googleadservices.com/pagead/aclk?sa=L&ai=CcXDkiCOjVp2oEouApAOC3J6gCrT3zKMG_Omlmgqn_eYMCAAQAWDlg4CAqBaQAQKgAZiOlP4DyAEBqgQoT9CZvNH_Mz6WyS0gKciRZqb44HNS_8TklUpKSlyAFxDGsWjaDXWg6IgGAYAH0PHrAZAHA6gHpr4b2AcB&ohost=www.google.com.mx&cid=CAASJORourt030DodzKT1wgcW3cjEApXlnfrUdw9l1wDp3KGXJskLQ&sig=AOD64_0ncy8gr6TxatFoMKaCTOQePCaKCA&clui=0&q=&ved=0ahUKEwj0_bXnrL_KAhWBu4MKHfjUA1A4ChDRDAgY&adurl=http://www.thewellproject.org/en_US/Diseases_and_Conditions/",
          "link_type": "ads_main"
        },
        {
          "domain": "www.googleadservices.com",
          "link": "http://www.googleadservices.com/pagead/aclk?sa=L&ai=CDzL5iCOjVp2oEouApAOC3J6gCq_yjPcGr-uYq8QB1M3NNggDEAFg5YOAgKgWkAECoAHZ5KzTA8gBAaoEKE_Qida5_zA-lsktICnIkWbd7pRlUv_E5JVKSkpcgBcQxrFo2mpRmsaIBgGAB4-b0yyQBwOoB6a-G9gHAQ&ohost=www.google.com.mx&cid=CAASJORourt030DodzKT1wgcW3cjEApXlnfrUdw9l1wDp3KGXJskLQ&sig=AOD64_0lfHXZ4SoBC3J7va6Z32-IywQsiw&clui=4&q=&ved=0ahUKEwj0_bXnrL_KAhWBu4MKHfjUA1A4ChDRDAhR&adurl=http://www.helpage.org/blogs/prakash-tyagi-869/sexuallytransmitted-diseases-in-older-age-are-an-area-of-neglect-954/",
          "link_type": "ads_main"
        }
      ]
    },
    {
      "results": [
        {
          "domain": "partkop.cc.vg",
          "link": "http://partkop.cc.vg/tya",
          "link_type": "results"
        },
        {
          "domain": "listverse.com",
          "link": "http://listverse.com/2011/06/25/top-10-diseases-named-after-food/",
          "link_type": "results"
        },
        {
          "domain": "www.tumblr.com",
          "link": "https://www.tumblr.com/tagged/blue-waffle-infection",
          "link_type": "results"
        },
        {
          "domain": "whatisbluewaffledisease.blogspot.com",
          "link": "http://whatisbluewaffledisease.blogspot.com/",
          "link_type": "results"
        },
        {
          "domain": "www.ls2.com",
          "link": "http://www.ls2.com/forums/showthread.php/924832-PSA-for-people-that-annoy-you",
          "link_type": "results"
        },
        {
          "domain": "diseases-conditions.blurtit.com",
          "link": "http://diseases-conditions.blurtit.com/2505085/can-i-see-a-picture-of-the-blue-waffle-std",
          "link_type": "results"
        },
        {
          "domain": "jlsytpzg.vcu.bjjj.pp.ua",
          "link": "http://jlsytpzg.vcu.bjjj.pp.ua/",
          "link_type": "results"
        },
        {
          "domain": "www.examiner.com",
          "link": "http://www.examiner.com/article/new-std-blue-waffle-running-rampid",
          "link_type": "results"
        },
        {
          "domain": "ca.answers.yahoo.com",
          "link": "https://ca.answers.yahoo.com/question/index?qid=20110110210638AA7c7dz",
          "link_type": "results"
        },
        {
          "domain": "blue--waffle.blogspot.com",
          "link": "http://blue--waffle.blogspot.com/2014/01/blue-waffle.html",
          "link_type": "results"
        },
        {
          "domain": "www.googleadservices.com",
          "link": "http://www.googleadservices.com/pagead/aclk?sa=L&ai=CtrRgiiOjVoaANo6IpgPH47nYD7T3zKMG_Omlmgqn_eYMCAAQAWDlg4CAqBaQAQOgAZiOlP4DyAEBqgQoT9AyZaGnCYDcHAgNX4QkkY8_9JM8rmcDuN0_HVu962kWMNq9R2kc24gGAYAH0PHrAZAHA6gHpr4b2AcB&ohost=www.google.com.mx&cid=CAASJORoClohhvsEqVHg0eQKBoy0d2hFOhZyiqGnIoErBc85qP3gfg&sig=AOD64_0YrNPPJGT8T5WGp9xfXipchRqloA&clui=0&q=&ved=0ahUKEwjj_9TorL_KAhVpmIMKHXqcCfI4FBDRDAgY&adurl=http://www.thewellproject.org/en_US/Diseases_and_Conditions/",
          "link_type": "ads_main"
        }
      ]
    }
  ]
}