{
  "Origins": "On 24 February 2015, the entertainment web site Real News Right Now published an article titled \"Bradley Cooper to Wed 'American Sniper' Widow\". The article was published two days after Taya Kyle (widow of the movie's real-life subject, Chris Kyle) appeared at the 87th Annual Academy Awards in support of the film, and on the same day the article was published, Eddie Ray Routh was sentenced to life in prison for the murder of Chris Kyle.",
  "Fact Check": "",
  "Description": "The well-being of Taya Kyle in the wake of all the media attention focused on her likely inspired the rumor, of which the site said: Actor Bradley Cooper, who portrayed U.S. Navy SEAL Chris Kyle in the Oscar nominated film 'American Sniper,' has revealed that he and Taya Kyle, the sniper's widow, are engaged to be married. The announcement came during the Vanity Fair Oscar Party in L.A. Sunday night following the Academy Awards ceremony. \"We wanted to announce this during the acceptance speech for Best Picture,\" a smiling Cooper told attendees of the after party while standing hand in hand with Taya, adding, \"but it didn't work out that way.\" The couple have yet to publicly confirm the location of the ceremony but Texas Governor Greg Abbott, a Republican, has offered to host the wedding at the Governor's Mansion in downtown Austin. Speaking with reporters Monday afternoon, Governor Abbott said he would be honored to host the ceremony \"in honor of Chris Kyle.\" While Taya Kyle did attend the Oscars in 2015 (carrying her late husband's dog tags), she made no such announcement about an engagement to the film's star that evening or at any other time the rumor was nothing more than a bit of fiction spun by Real News Right Now , a fake news site. Taya Kyle published a Facebook status update the day of the ceremony, but her tone was somber and grief-stricken.",
  "Originally Published": "",
  "Referred Links": "https://www.facebook.com/HonorChrisKyle/posts/848712761856623;http://www.cnn.com/2015/02/24/us/american-sniper-chris-kyle-trial/;http://www.usmagazine.com/celebrity-news/news/taya-kyle-praises-jury-after-eddie-ray-routh-found-guilt-of-murder-2015252;http://www.donotlink.com/dvxg;",
  "Example": "[Collected via e-mail, February 2015] It is said that Bradley Cooper is engaged to Taya Kyle. Is thistrue or rumor?",
  "Last Updated": "27 February 2015",
  "Credibility": "false",
  "URL": "www.snopes.com/media/notnews/tayakyle.asp",
  "Claim": "American Sniper star Bradley Cooper is engaged to Taya Kyle.",
  "Claim_ID": "media_notnews_tayakyle",
  "Tags": "",
  "Google Results": [
    {
      "results": [
        {
          "domain": "www.snopes.com",
          "link": "http://www.snopes.com/media/notnews/tayakyle.asp",
          "link_type": "results"
        },
        {
          "domain": "kluv.cbslocal.com",
          "link": "http://kluv.cbslocal.com/2015/03/02/bradley-cooper-taya-kyle-are-not-getting-married/",
          "link_type": "results"
        },
        {
          "domain": "www.dailymail.co.uk",
          "link": "http://www.dailymail.co.uk/news/article-2964616/American-Sniper-Chris-Kyle-widow-Taya-describes-exhaustion-emotional-Oscars-night.html",
          "link_type": "results"
        },
        {
          "domain": "www.people.com",
          "link": "http://www.people.com/article/taya-kyle-dating-felt-betrayal",
          "link_type": "results"
        },
        {
          "domain": "www.people.com",
          "link": "http://www.people.com/article/bradley-cooper-american-sniper-taya-kyle-dc-premiere",
          "link_type": "results"
        },
        {
          "domain": "realnewsrightnow.com",
          "link": "http://realnewsrightnow.com/2015/02/bradley-cooper-to-wed-american-sniper-widow/",
          "link_type": "results"
        },
        {
          "domain": "www.businessinsider.com",
          "link": "http://www.businessinsider.com/american-sniper-taya-kyle-wife-of-chris-kyle-2015-1",
          "link_type": "results"
        },
        {
          "domain": "www.breitbart.com",
          "link": "http://www.breitbart.com/texas/2015/02/22/taya-kyle-at-the-oscars-bradley-cooper-absolutely-got-it-right/",
          "link_type": "results"
        },
        {
          "domain": "www.npr.org",
          "link": "http://www.npr.org/2014/12/21/371899414/bradley-cooper-and-american-sniper-widow-team-up-to-tell-seals-story",
          "link_type": "results"
        },
        {
          "domain": "www.businessinsider.com",
          "link": "http://www.businessinsider.com/eddie-ray-routh-is-on-trial-for-allegedly-killing-chris-kyle-2015-2",
          "link_type": "results"
        },
        {
          "domain": "www.oregonlive.com",
          "link": "http://www.oregonlive.com/lake-oswego/index.ssf/2013/02/taya_kyle_daughter_of_lake_osw.html",
          "link_type": "results"
        },
        {
          "domain": "www.chriskyleamericansniper.info",
          "link": "http://www.chriskyleamericansniper.info/",
          "link_type": "results"
        },
        {
          "domain": "en.m.wikipedia.org",
          "link": "http://en.m.wikipedia.org/wiki/Chris_Kyle",
          "link_type": "results"
        }
      ]
    },
    {
      "results": [
        {
          "domain": "www.historyvshollywood.com",
          "link": "http://www.historyvshollywood.com/reelfaces/american-sniper/",
          "link_type": "results"
        },
        {
          "domain": "www.etonline.com",
          "link": "http://www.etonline.com/news/163981_read_an_excerpt_from_taya_kyle_american_wife_book/",
          "link_type": "results"
        },
        {
          "domain": "abcnews.go.com",
          "link": "http://abcnews.go.com/US/american-sniper-chris-kyles-widow-taya-kyle-husband/story?id=30654597",
          "link_type": "results"
        },
        {
          "domain": "heavy.com",
          "link": "http://heavy.com/news/2015/01/american-sniper-wife-taya-kyle-5-fast-facts-you-need-to-know-chris-kyle-death-movie-bradley-cooper-navy-seal-sienna-miller/",
          "link_type": "results"
        },
        {
          "domain": "www.classicalite.com",
          "link": "http://www.classicalite.com/articles/15947/20150129/best-actor-bradley-cooper-chris-kyle-wife-taya-american-sniper.htm",
          "link_type": "results"
        },
        {
          "domain": "www.dallasnews.com",
          "link": "http://www.dallasnews.com/entertainment/movies/headlines/20150113-chris-kyles-widow-struggled-with-having-husband-portrayed-on-film.ece",
          "link_type": "results"
        },
        {
          "domain": "www.usmagazine.com",
          "link": "http://www.usmagazine.com/entertainment/news/chris-kyles-widow-taya-kyle-attends-oscars-2015-for-american-sniper-2015222",
          "link_type": "results"
        },
        {
          "domain": "www.mirror.co.uk",
          "link": "http://www.mirror.co.uk/news/world-news/american-sniper-chris-kyle-taya-5743601",
          "link_type": "results"
        },
        {
          "domain": "www.facebook.com",
          "link": "https://www.facebook.com/snopes/posts/604859619658561",
          "link_type": "results"
        },
        {
          "domain": "www.nydailynews.com",
          "link": "http://www.nydailynews.com/news/national/american-sniper-wife-tells-marriage-love-pain-article-1.2208315",
          "link_type": "results"
        }
      ]
    },
    {
      "results": [
        {
          "domain": "twitter.com",
          "link": "https://twitter.com/snopes/status/571369937689841664",
          "link_type": "results"
        },
        {
          "domain": "perezhilton.com",
          "link": "http://perezhilton.com/2015-01-19-bradley-cooper-american-sniper-taya-chris-kyle-facebook-message",
          "link_type": "results"
        },
        {
          "domain": "www.latimes.com",
          "link": "http://www.latimes.com/entertainment/movies/la-et-mn-taya-kyle-20150102-story.html",
          "link_type": "results"
        },
        {
          "domain": "www.militarytimes.com",
          "link": "http://www.militarytimes.com/story/entertainment/2014/12/16/american-sniper-widow-taya-kyle-reacts-bradly-cooper-movie-clint-eastwood-iraq/20468577/",
          "link_type": "results"
        },
        {
          "domain": "www.foxnews.com",
          "link": "http://www.foxnews.com/entertainment/2015/02/22/american-sniper-prepares-for-surreal-oscars-night/",
          "link_type": "results"
        },
        {
          "domain": "www.imdb.com",
          "link": "http://www.imdb.com/title/tt2179136/trivia",
          "link_type": "results"
        },
        {
          "domain": "www.independent.co.uk",
          "link": "http://www.independent.co.uk/arts-entertainment/films/news/american-sniper-original-ending-showing-death-of-chris-kyle-cut-at-request-of-his-widow-10053004.html",
          "link_type": "results"
        },
        {
          "domain": "en.wikipedia.org",
          "link": "https://en.wikipedia.org/wiki/Chris_Kyle",
          "link_type": "results"
        },
        {
          "domain": "www.watertowndailytimes.com",
          "link": "http://www.watertowndailytimes.com/curr/taya-kyle-wife-of-american-sniper-chris-kyle-on-life-love-and-loss-20150510",
          "link_type": "results"
        },
        {
          "domain": "www.justjared.com",
          "link": "http://www.justjared.com/2015/01/14/bradley-cooper-joins-the-real-tara-kyle-at-sniper-dc-premiere/",
          "link_type": "results"
        }
      ]
    }
  ]
}