{
  "Origins": "On 20 April 2015, the web site The People's Cube published an article positing that comedian and television personality Rosie O'Donnell (late of The View ) had recently shown off an ISIS tattoo she obtained \"in order to raise awareness about the Islamic State's struggle against Western imperialism\":",
  "Fact Check": "",
  "Description": "That article was widely circulated via social media, with many readers mistaking it for a genuine news report. However, the article was just a spoof from The People's Cube , a satirical conservative website that publishes (among other items) fictional news tidbits such as \"Lincoln's Portrait Removed for Picture of the First Dogs.\"",
  "Originally Published": "",
  "Referred Links": "http://www.donotlink.com/essw;",
  "Example": "[Collected via e-mail, April 2015] Is this true? Rosie O'Donnell Gets ISIS Tattoo for 'Freedom Fighters'",
  "Last Updated": "21 April 2015",
  "Credibility": "false",
  "URL": "www.snopes.com/media/notnews/rosietattoo.asp",
  "Claim": "Television personality Rosie O'Donnell got an ISIS tattoo in support of the Islamic State's \"struggle against Western imperialism.\"",
  "Claim_ID": "media_notnews_rosietattoo",
  "Tags": "",
  "Google Results": [
    {
      "results": [
        {
          "domain": "www.snopes.com",
          "link": "http://www.snopes.com/media/notnews/rosietattoo.asp",
          "link_type": "results"
        },
        {
          "domain": "www.snopes.com",
          "link": "http://www.snopes.com/search/?q=Now%208%20news&sort=relevance&order=desc&page=136",
          "link_type": "results"
        },
        {
          "domain": "www.iranian95.gq",
          "link": "http://www.iranian95.gq/c/Isis+Tattoo/",
          "link_type": "results"
        },
        {
          "domain": "mzginger.com",
          "link": "http://mzginger.com/tattoo-quotes-about-domestic-violence",
          "link_type": "results"
        },
        {
          "domain": "keepbown.net",
          "link": "http://keepbown.net/rosie-o-donnell-gets-isis-tattoo-for-freedom-fighters",
          "link_type": "results"
        },
        {
          "domain": "www.qwantz.com",
          "link": "http://www.qwantz.com/regret/index.php/index.php?show=all",
          "link_type": "results"
        },
        {
          "domain": "listensongcool.site",
          "link": "http://listensongcool.site/tag/rosie-odonnell-tattoo",
          "link_type": "results"
        },
        {
          "domain": "newtattoos.tk",
          "link": "http://newtattoos.tk/tattoo-quotes-about-struggle/",
          "link_type": "results"
        },
        {
          "domain": "tattoodesignideas.co",
          "link": "http://tattoodesignideas.co/i-did-this-tattoo-yesterday",
          "link_type": "results"
        },
        {
          "domain": "xploem.com",
          "link": "http://xploem.com/without-struggle-tattoo",
          "link_type": "results"
        }
      ]
    },
    {
      "results": [
        {
          "domain": "nuzzel.com",
          "link": "http://nuzzel.com/story/04212015/snopes/rosie_odonnell_gets_isis_tattoo_for_freedom_fighters",
          "link_type": "results"
        },
        {
          "domain": "back-show.cloudns.pro",
          "link": "http://back-show.cloudns.pro/rr2.html",
          "link_type": "results"
        },
        {
          "domain": "www.iranews.gq",
          "link": "http://www.iranews.gq/c/Isis+Tattoo/",
          "link_type": "results"
        },
        {
          "domain": "watch.tvtube.ga",
          "link": "http://watch.tvtube.ga/tags/rosie-odonnell-tattoo",
          "link_type": "results"
        },
        {
          "domain": "gosport99.xyz",
          "link": "http://gosport99.xyz/tags/rosie-odonnell-tattoo",
          "link_type": "results"
        }
      ]
    }
  ]
}