{
  "Origins": "On 1 February 2005, the Associated Press reported that Iraqi militants had claimed in a statement posted on a web site that they had taken an American soldier hostage and were threatening to behead him in 72 hours if the U.S. did not agree to release Iraqi prisoners: The posting, on a Web site that frequently carried militants' statements, included a photo of what that statement said was an American soldier, wearing desert fatigues and seated on a concrete floor with his hands tied behind his back. The figure in the photo appeared stiff and expressionless, and the photo's authenticity could not be confirmed. Perhaps there was good reason why the authenticity of the photo could not be confirmed. The image that accompanied the article was captioned thusly: This image of what appears to be a captured US soldier was posted on an Iraqi militant website, Tuesday Feb. 1, 2005. According to the website, the militants threatened to behead the hostage in 72 hours unless the Americans release Iraqi prisoners. The claim could not be verified. Here's a side-by-side comparison of the \"captured American\" image and a picture of a \"Special Ops\" action figure named Cody manufactured by Dragon Models USA . Note the similarities in the faces, uniforms, and weapons displayed in the two photographs:",
  "Fact Check": "",
  "Description": "The SITE Institute web site reported that by 2 February 2005 a confession and apology for the hoax written by an Iraqi using the nickname \"al-Iraqi4\" was circulated on Jihadist message boards: In the name of God, the Most Merciful and Most Compassionate, Soldier John Adam is a toy. I am a 20-year old Iraqi young man. I am unarmed, independent and do not belong to any party or group. I apologize to all the parties and everyone, for I meant nothing by that. The picture was a scheme that I made up with a toy that I bought with $5. Today I am announcing that this news was made up, and that the picture was of a toy that I worked on with the help of some children. I cannot provide any information about me because, as I mentioned earlier, I am unarmed, and any information about me might jeopardize my life and the lives of my family. My apologies to everyone.",
  "Originally Published": "",
  "Referred Links": "http://www.dragonmodelsusa.com/dmlusa/welcome.asp;http://www.dragonmodelsusa.com/dmlusa/prodd.asp?pid=DRF70264;",
  "Example": "",
  "Last Updated": "4 February 2005",
  "Credibility": "true",
  "URL": "www.snopes.com/media/goofs/gijoe.asp",
  "Claim": "Iraqi militant web site displays image of action figure toy identified as a captured American soldier.",
  "Claim_ID": "media_goofs_gijoe",
  "Tags": "",
  "Google Results": [
    {
      "results": [
        {
          "domain": "www.snopes.com",
          "link": "http://www.snopes.com/media/goofs/gijoe.asp",
          "link_type": "results"
        },
        {
          "domain": "www.unexplained-mysteries.com",
          "link": "http://www.unexplained-mysteries.com/forum/index.php?showtopic=32938&st=30",
          "link_type": "results"
        },
        {
          "domain": "wizbangblog.com",
          "link": "http://wizbangblog.com/content/2005/02/01/terrorists-clai.php",
          "link_type": "results"
        },
        {
          "domain": "www.nbcnews.com",
          "link": "http://www.nbcnews.com/id/6894934/ns/world_news-mideast_n_africa/t/doubts-cast-claim-us-soldier-kidnapped/",
          "link_type": "results"
        },
        {
          "domain": "jeffmilner.com",
          "link": "http://jeffmilner.com/2005/03/american-toy-soldier-captured.htm",
          "link_type": "results"
        },
        {
          "domain": "jeffmilner.com",
          "link": "http://jeffmilner.com/index.php/2005/03/08/american-toy-soldier-captured/",
          "link_type": "results"
        },
        {
          "domain": "jeffmilner.com",
          "link": "http://jeffmilner.com/index.php/2005/03/page/4/",
          "link_type": "results"
        },
        {
          "domain": "www.fark.com",
          "link": "http://www.fark.com/comments/9001928/Navy-releases-first-draft-of-official-story-about-how-ten-sailors-were-captured-by-Iran",
          "link_type": "results"
        },
        {
          "domain": "www.foxnews.com",
          "link": "http://www.foxnews.com/story/2005/02/02/hostage-claim-for-us-soldier-dubious.html",
          "link_type": "results"
        },
        {
          "domain": "www.sixfoot6.com",
          "link": "http://www.sixfoot6.com/links/2005/02/",
          "link_type": "results"
        },
        {
          "domain": "",
          "link": "/aclk?sa=L&ai=C5ZSSc6SnVuKBDdGApgOWnZXIA_rK56MGmuD32OwBjIuMTwgDEAEoA2DlA8gBAaoEKE_QWNTa6ZI5xOP-3v1bsxmwkfwA42QOCKklorszeSBmomFcj7XVKPmAB4LG5zaQBwOoB6a-G9gHAQ&sig=AOD64_3vmJZb3qZeuKnXWdfF4em37jLcRg&clui=0&q=&ved=0ahUKEwjb-Lio-MfKAhWlmIMKHaN7AGIQ0QwIVw&adurl=http://stuccu.com/s/Action%2BFigure%2BDisplay-MbSLsTI-Buy-Exclusive-Deals-70-OFF-Save-Big-Lowest-Price-On-Action-Figure-Display-Best-In-Stock-Fast-Free-Shipping%3Fmt%3Db%26keyword%3Daction%2520figure%2520display%26ap%3D1o1%26cid%3D63560244602%26caid%3D54e29257b1b1c614a43169a4%26netid%3D1%26network%3Dg%26aaid%3D54e29257b1b1c614a43169a6",
          "link_type": "ads_main"
        },
        {
          "domain": "",
          "link": "/aclk?sa=L&ai=CBwc5c6SnVuKBDdGApgOWnZXIA8Doo-IGuMC--rIB5sTrtIMBCAMQAigDYOUDyAEBqgQoT9AYnN_pkTnF4_7e_VuzGfqx73rjZA4IqSWiuzN5IGagYVyP37hD5oAHqPSgKZAHA6gHpr4b2AcB&sig=AOD64_3w0S8AvnLNTtzXpBA2h1J8K31TCw&clui=1&q=&ved=0ahUKEwjb-Lio-MfKAhWlmIMKHaN7AGIQ0QwIXQ&adurl=http://index.about.com/slp%3F%26q%3Dtoy%2Bsoldier%2Baction%2Bfigures%26sid%3Dcb3b6684-b2a6-4795-894a-495619b6de08-0-ab_gsb%26kwid%3D%252Btoy%2520%252Bsoldier%2520%252Baction%2520%252Bfigures%26cid%3D48036064808%26site%3D",
          "link_type": "ads_main"
        },
        {
          "domain": "",
          "link": "/aclk?sa=l&ai=CkgQvc6SnVuKBDdGApgOWnZXIA72w9Z4H5e2gqs8C1ujPkgUIAxADKANg5QOgAZb-x_kDyAEBqQI1Lp-6z8F-PqoEJU_QeIHe6ZA5xeP-lv3vybkr8EI4-BGFIBf66JMOS9CFNLxLExWAB82DqUGQBwOoB6a-G9gHAQ&sig=AOD64_02e-k5wyK8HTfJVziBB8X_yRL5pQ&clui=5&q=&ved=0ahUKEwjb-Lio-MfKAhWlmIMKHaN7AGIQ0QwIZw&adurl=http://www.zapmeta.ws/ws%3Fq%3Dtoy%2520soldiers%2520action%2520figures%26asid%3Dws_gc1_03%26mt%3Db%26nw%3Dg%26de%3Dc%26ap%3D1o3",
          "link_type": "ads_main"
        }
      ]
    },
    {
      "results": [
        {
          "domain": "www.freerepublic.com",
          "link": "http://www.freerepublic.com/focus/news/1333608/posts?page=932",
          "link_type": "results"
        },
        {
          "domain": "www.dailymail.co.uk",
          "link": "http://www.dailymail.co.uk/news/article-2720309/AmessagefromISIStoUS-Islamist-militants-tweet-gruesome-images-dead-American-soldiers-vow-blow-embassies-Obama-launches-airstrikes.html",
          "link_type": "results"
        },
        {
          "domain": "www.collectorsweekly.com",
          "link": "http://www.collectorsweekly.com/toys/mego",
          "link_type": "results"
        },
        {
          "domain": "www.rigorousintuition.ca",
          "link": "http://www.rigorousintuition.ca/board2/viewtopic.php?p=517991",
          "link_type": "results"
        },
        {
          "domain": "listverse.com",
          "link": "http://listverse.com/2013/03/23/10-recent-propaganda-pieces-that-were-lies/",
          "link_type": "results"
        },
        {
          "domain": "www.sott.net",
          "link": "http://www.sott.net/signs/signs20050202.htm",
          "link_type": "results"
        },
        {
          "domain": "www.zerohedge.com",
          "link": "http://www.zerohedge.com/news/2015-11-13/jihadi-john-hit-us-drone-strike-were-99-sure-we-got-him-pentagon-says",
          "link_type": "results"
        },
        {
          "domain": "www.wemeantwell.com",
          "link": "http://www.wemeantwell.com/",
          "link_type": "results"
        },
        {
          "domain": "",
          "link": "/aclk?sa=l&ai=CdGAadaSnVujIIo7SpgO826PgAsHPuLML-cHqyukCz9KAwwUIAxABKAJg5QOQAQKgAd7Rj-0DyAEBqQLhTZTZGvlsPqoEKU_QQ-vb5zu9f-eXCQo4ERByC30yD3cHgHHVTjdwMdXWm7oXE_yxdGsCgAfx285TkAcDqAemvhvYBwE&sig=AOD64_17P3OULnRZAmwmS10R4IWhOxPTiQ&clui=0&q=&ved=0ahUKEwjgpMip-MfKAhXGvIMKHUXhCrk4ChDRDAhU&adurl=http://www.info.com/Toy%2520Soldier%2520Display%3Fcb%3D100%26cmp%3D321026",
          "link_type": "ads_main"
        },
        {
          "domain": "",
          "link": "/aclk?sa=L&ai=Cup50daSnVujIIo7SpgO826PgAsjftJQE8KXr8KYC99exwAEIAxACKAJg5QOQAQLIAQGqBChP0DOf1uc4vX_nlwkKOBEQW0UX9detbijFQkUVhq-VNQo45_U6hTeQgAfg7bYokAcDqAemvhvYBwE&sig=AOD64_0PUnySsL_yAQZR5buTOXsrXn7-jw&clui=1&q=&ved=0ahUKEwjgpMip-MfKAhXGvIMKHUXhCrk4ChDRDAhZ&adurl=http://www.webcrawler.com/info.wbcrwl.305.03/search/web%3Fq%3Daction%2Bfigure%2Bpictures%26ad.network%3Dg%26ad.keyword%3Daction%2520figure%2520pictures%26ad.creative%3D79035702904%26ad.position%3D2o2%26ad.placement%3D%26ad.matchtype%3Db%26ad.aceid%3D%26ad.ismobile%3D%26ad.device%3Dc%26ad.devicemodel%3D%26ad.adgroupid%3D8610121624%26cid%3D142258264%26ad.segment%3Dinfo.wbcrwl.305.03",
          "link_type": "ads_main"
        }
      ]
    },
    {
      "results": [
        {
          "domain": "www.antiwar.com",
          "link": "http://www.antiwar.com/engelhardt/?articleid=4188",
          "link_type": "results"
        },
        {
          "domain": "www.abc.net.au",
          "link": "http://www.abc.net.au/news/2015-12-18/molan-we-need-a-good-strategy,-not-just-more-troops/7039582",
          "link_type": "results"
        },
        {
          "domain": "sedet.com",
          "link": "http://sedet.com/newstr.php",
          "link_type": "results"
        },
        {
          "domain": "www.indymedia.org.uk",
          "link": "https://www.indymedia.org.uk/en/2004/01/284086.html?c=on",
          "link_type": "results"
        },
        {
          "domain": "www.zoriah.net",
          "link": "http://www.zoriah.net/blog/suicide-bombing-in-anbar-.html",
          "link_type": "results"
        },
        {
          "domain": "horse.he.net",
          "link": "http://horse.he.net/~swiftpow/phpBB2/viewtopic.php?t=18338&view=previous&sid=455deb897141a3dad88d2b74b149b5fa",
          "link_type": "results"
        },
        {
          "domain": "www.eastvalleytribune.com",
          "link": "http://www.eastvalleytribune.com/topic/?q=home&l=25&sd=asc&app%5B0%5D=editorial&o=73050",
          "link_type": "results"
        },
        {
          "domain": "archive.mrc.org",
          "link": "http://archive.mrc.org/cyberalerts/2003/cyb20030722.asp",
          "link_type": "results"
        },
        {
          "domain": "www.newyorktelegraph.com",
          "link": "http://www.newyorktelegraph.com/index.php/sid/238016985",
          "link_type": "results"
        }
      ]
    }
  ]
}