{
  "Origins": "A rumor started circulating at the beginning of January 2015 that Donna Douglas (the stage name of Doris Smith), the actress who played Elly May Clampett on the popular 1960s television series The Beverly Hillbillies , had died at the age of 81.",
  "Fact Check": "",
  "Description": "The rumor originated on 2 January 2015 when the Southern Gospel Update posted the following message from Shelly Brown of the Christian gospel group The Browns to their Facebook page: We lost a dear family friend today...The world knew her as Ellie Mae Clampet... A Beverly Hillbilly...But we knew her as our precious Donna who never met a stranger, had style and grace, had a kind heart, always wore pretty pink, and loved people! I'm thankful for the time we got to spend with her and all the wisdom and lessons that the kids learned from her! I will forever hear her whistle and \"y'all come back now, hear\"!!! See you on the other side, my friend!!! Baton Rouge television station WAFB confirms the actress passed away at her Louisiana home on the morning of 2 January 2015: Family members say Donna Douglas passed away at the age of 81. Douglas was an actress, best known for her role as Elly May Clampett, the only daughter of Jed Clampett, in the CBS television series The Beverly Hillbillies. She was born in 1933, in Pride, LA and lived in Zachary, LA. Douglas attended St. Gerard High School, a Roman Catholic school, where she played softball and basketball. She was a member of the school's first graduating class. She was a \"Miss Baton Rouge\" and was named \"Miss New Orleans\" in 1957.",
  "Originally Published": "",
  "Referred Links": "http://www.wafb.com/story/27748304/donna-douglas-aka-elly-may-clampett-passes-away-at-age-81;https://www.facebook.com/southerngospelupdate/photos/a.734597853266197.1073741828.734583419934307/823804164345565/;",
  "Example": "[Collected via e-mail, January 2014] Did the actress, Donna Douglas die? She played Elly Mae Clampet on the Beverly Hillbillies.",
  "Last Updated": "2 January 2015",
  "Credibility": "true",
  "URL": "www.snopes.com/media/notnews/donnadouglas.asp",
  "Claim": "Beverly Hillbillies star Donna Douglas has passed away.",
  "Claim_ID": "media_notnews_donnadouglas",
  "Tags": "",
  "Google Results": [
    {
      "results": [
        {
          "domain": "www.usatoday.com",
          "link": "http://www.usatoday.com/story/life/tv/2015/01/02/beverly-hillbillies-star-donna-douglas-dies-at-81/21195559/",
          "link_type": "results"
        },
        {
          "domain": "www.dailymail.co.uk",
          "link": "http://www.dailymail.co.uk/tvshowbiz/article-2894776/Donna-Douglas-Beverly-Hillbillies-star-played-Elly-Clampett-dies-81.html",
          "link_type": "results"
        },
        {
          "domain": "en.wikipedia.org",
          "link": "https://en.wikipedia.org/wiki/Donna_Douglas",
          "link_type": "results"
        },
        {
          "domain": "www.eonline.com",
          "link": "http://www.eonline.com/news/610800/beverly-hillbillies-star-donna-douglas-dies-at-81",
          "link_type": "results"
        },
        {
          "domain": "www.foxnews.com",
          "link": "http://www.foxnews.com/entertainment/2015/01/03/beverly-hillbillies-star-donna-douglas-dead-at-81-reports-say/",
          "link_type": "results"
        },
        {
          "domain": "www.cnn.com",
          "link": "http://www.cnn.com/2015/01/02/showbiz/tv/feat-donna-douglas-beverly-hillbillies-elly-may-dead/",
          "link_type": "results"
        },
        {
          "domain": "www.tmz.com",
          "link": "http://www.tmz.com/2015/01/02/donna-douglas-dead-beverly-hillbillies-elly-may-clampett/",
          "link_type": "results"
        },
        {
          "domain": "www.express.co.uk",
          "link": "http://www.express.co.uk/news/obituaries/550054/Donna-Douglas-dies-age-81-Beverly-Hillbillies-star-Elly-May-Clampett",
          "link_type": "results"
        },
        {
          "domain": "www.snopes.com",
          "link": "http://www.snopes.com/media/notnews/donnadouglas.asp",
          "link_type": "results"
        },
        {
          "domain": "en.m.wikipedia.org",
          "link": "http://en.m.wikipedia.org/wiki/Max_Baer,_Jr.",
          "link_type": "results"
        },
        {
          "domain": "www.people.com",
          "link": "http://www.people.com/people/mobile/article/0,,20888280,00.html",
          "link_type": "results"
        }
      ]
    },
    {
      "results": [
        {
          "domain": "www.thewrap.com",
          "link": "http://www.thewrap.com/beverly-hillbillies-star-donna-douglas-dead-at-81/",
          "link_type": "results"
        },
        {
          "domain": "www.youtube.com",
          "link": "https://www.youtube.com/watch?v=FzhkQMqAkFc",
          "link_type": "results"
        },
        {
          "domain": "variety.com",
          "link": "http://variety.com/2015/tv/news/donna-douglas-dead-elly-may-clampett-on-beverly-hillbillies-at-81-1201391101/",
          "link_type": "results"
        },
        {
          "domain": "www.nydailynews.com",
          "link": "http://www.nydailynews.com/entertainment/tv/donna-douglas-dead-81-actress-beverly-hillbillies-article-1.2063988",
          "link_type": "results"
        },
        {
          "domain": "www.imdb.com",
          "link": "http://www.imdb.com/name/nm0235031/bio",
          "link_type": "results"
        },
        {
          "domain": "www.bbc.com",
          "link": "http://www.bbc.com/news/entertainment-arts-30679554",
          "link_type": "results"
        },
        {
          "domain": "www.tvguide.com",
          "link": "http://www.tvguide.com/news/donna-douglass-dead-1091379/",
          "link_type": "results"
        },
        {
          "domain": "www.nola.com",
          "link": "http://www.nola.com/tv/index.ssf/2015/01/elly_may_clamplett_actress_dea.html",
          "link_type": "results"
        },
        {
          "domain": "www.people.com",
          "link": "http://www.people.com/article/donna-douglas-elly-may-clampett-beverly-hillbillies-dies",
          "link_type": "results"
        },
        {
          "domain": "kxrb.com",
          "link": "http://kxrb.com/ellie-may-clampett-celebrates-milestone-birthday/",
          "link_type": "results"
        }
      ]
    },
    {
      "results": [
        {
          "domain": "www.wsmv.com",
          "link": "http://www.wsmv.com/story/27748304/donna-douglas-aka-elly-may-clampett-passes-away-at-age-82",
          "link_type": "results"
        },
        {
          "domain": "www.hollywoodreporter.com",
          "link": "http://www.hollywoodreporter.com/news/beverly-hillbillies-actress-donna-douglas-760919",
          "link_type": "results"
        },
        {
          "domain": "news.sky.com",
          "link": "http://news.sky.com/story/1401579/beverly-hillbillies-star-donna-douglas-dies",
          "link_type": "results"
        },
        {
          "domain": "hollywoodlife.com",
          "link": "http://hollywoodlife.com/2015/01/02/donna-douglas-dead-beverly-hillbillies-elly-may-clampett-dies/",
          "link_type": "results"
        },
        {
          "domain": "www.ew.com",
          "link": "http://www.ew.com/article/2015/01/02/donna-douglas-dies",
          "link_type": "results"
        },
        {
          "domain": "perezhilton.com",
          "link": "http://perezhilton.com/2015-01-02-donna-douglas-the-beverly-hillbillies-dies-81",
          "link_type": "results"
        },
        {
          "domain": "clarksvillenow.com",
          "link": "http://clarksvillenow.com/local/beverly-hillbillies-star-donna-douglas-dies/",
          "link_type": "results"
        },
        {
          "domain": "www.axs.com",
          "link": "http://www.axs.com/donna-douglas-81-passes-away-she-was-more-like-elly-may-clampett-than--35785",
          "link_type": "results"
        },
        {
          "domain": "www.news.com.au",
          "link": "http://www.news.com.au/entertainment/celebrity-life/beverly-hillbillies-star-dead-at-81/news-story/453661b067a274e34c5584921e571934",
          "link_type": "results"
        },
        {
          "domain": "www.thesun.co.uk",
          "link": "http://www.thesun.co.uk/sol/homepage/news/6234275/Beverly-Hillbillies-actress-Donna-Douglas-dies-at-81.html",
          "link_type": "results"
        }
      ]
    }
  ]
}