{
  "Origins": "Although it may be customary in our part of the world for parents to christen their children with names that are popular or \"sound nice,\" youngsters' names have traditionally been derived from a variety of sources. Parents have named their children after favored relatives, admired personages (or even several admired personages, as in the case of former baseball player Cal McLish , who was born \"Calvin Coolidge Julius Caesar Tuskahoma McLish\"), geographic locales (the first Major League baseball commissioner, Kenesaw Mountain Landis , was named after the site of a Civil War battle ), just plain nonsensical terms (the fate of musician Frank Zappa's daughter, Moon Unit ), and even natural phenomena in the wake of the 2004 Indian Ocean tsunami, many news outlets reported stories of parents who had supposedly named their children after the terrible wave:",
  "Fact Check": "",
  "Description": "About the same time as the reports of tsunami-named children came an item, picked up by Reuters from a Romanian publication and carried by hundreds of news outlets throughout the English-speaking world, that a couple had named their newborn child 'Yahoo' (after the popular web portal ) out of gratitude for having been brought together through the Internet: A Romanian couple named their son Yahoo as a sign of gratitude for meeting over the Internet, a Bucharest newspaper said Thursday. Daily Libertatea said Cornelia and Nonu Dragoman, both from Transylvania, met and decided they were meant for each other following a three-month relationship over the net. They married and had a baby this Christmas, whom they decided to name after one of the worldwide web's most popular portals. \"We named him Lucian Yahoo after my father and the net, the main beacon of my life,\" Cornelia Dragoman was quoted as saying.2 Ten days later came the correction: There was no such couple; the story had been invented by an overzealous reporter: A Romanian tabloid says it has fired a reporter for making up a story about a couple who named their son Yahoo as a sign of gratitude for meeting over the Internet. Earlier this month, major Bucharest daily Libertatea published a story saying two Romanians had named their baby Yahoo and printed a picture of his birth certificate. The news was widely picked up on the Internet. \"It was the reporter's child's birth certificate, which he modified,\" said Simona Ionescu, Libertatea's deputy editor-in-chief on Monday. \"We fired him.\" She said Ion Garnod, who had worked for the paper for several years, had admitted inventing the story to look good.3",
  "Originally Published": "",
  "Referred Links": "http://www.yahoo.com/;http://www.moonzappa.com/newmoon/;http://ngeorgia.com/history/kennesawmtn.html;http://www.baseballhalloffame.org/hofers_and_honorees/hofer_bios/Landis_Kenesaw.htm;http://www.baseballlibrary.com/baseballlibrary/ballplayers/M/McLish_Cal.stm;",
  "Example": "",
  "Last Updated": "25 January 2005",
  "Credibility": "false",
  "URL": "www.snopes.com/media/notnews/yahoo.asp",
  "Claim": "A Romanian couple named their son 'Yahoo' as an expression of gratitude for their having met over the Internet.",
  "Claim_ID": "media_notnews_yahoo",
  "Tags": "",
  "Google Results": [
    {
      "results": [
        {
          "domain": "www.snopes.com",
          "link": "http://www.snopes.com/media/notnews/yahoo.asp",
          "link_type": "results"
        },
        {
          "domain": "www.tomshardware.co.uk",
          "link": "http://www.tomshardware.co.uk/romanian-couple-name-their-son-yahoo,news-14654.html",
          "link_type": "results"
        },
        {
          "domain": "www.unexplained-mysteries.com",
          "link": "http://www.unexplained-mysteries.com/forum/index.php?showtopic=31618",
          "link_type": "results"
        },
        {
          "domain": "www.fark.com",
          "link": "http://www.fark.com/comments/1304208/Internet-couple-names-their-baby-Yahoo-Little-Fark-Curtis-unimpressed",
          "link_type": "results"
        },
        {
          "domain": "www.alldeaf.com",
          "link": "http://www.alldeaf.com/archive/index.php/t-13546.html",
          "link_type": "results"
        },
        {
          "domain": "news.yahoo.com",
          "link": "http://news.yahoo.com/latest-authorities-warn-paris-suburb-residents-052202969.html",
          "link_type": "results"
        },
        {
          "domain": "www.dorothyrosby.com",
          "link": "http://www.dorothyrosby.com/columns/",
          "link_type": "results"
        },
        {
          "domain": "catalog.freedomforum.org",
          "link": "http://catalog.freedomforum.org/FFLib/JournalistScandals.htm",
          "link_type": "results"
        },
        {
          "domain": "tuufaan.blogspot.com",
          "link": "http://tuufaan.blogspot.com/2005/01/yahoo-its-boy.html",
          "link_type": "results"
        },
        {
          "domain": "ejc.net",
          "link": "http://ejc.net/media_news/2005/01",
          "link_type": "results"
        }
      ]
    },
    {
      "results": [
        {
          "domain": "storageheroes.blogspot.com",
          "link": "http://storageheroes.blogspot.com/2012/12/5-things-you-may-or-may-not-know-about.html",
          "link_type": "results"
        },
        {
          "domain": "matthewgain.com",
          "link": "http://matthewgain.com/2009/03/eea2-visa-work-and-live-in-the-uk-as-a-family-member-of-an-eu-citizen/",
          "link_type": "results"
        },
        {
          "domain": "cupofjo.com",
          "link": "http://cupofjo.com/2013/06/are-you-having-a-boy-or-girl-12-old-wives-tales/",
          "link_type": "results"
        },
        {
          "domain": "www.anamericanindublin.com",
          "link": "http://www.anamericanindublin.com/2011/08/10/five-things-i-hate-about-dublin-ireland/",
          "link_type": "results"
        },
        {
          "domain": "madamenoire.com",
          "link": "http://madamenoire.com/552301/14-vintage-girls-names-unique-names-you-dont-hear-anymore/",
          "link_type": "results"
        },
        {
          "domain": "fake-scam.info",
          "link": "http://fake-scam.info/index.php?topic=17.0",
          "link_type": "results"
        },
        {
          "domain": "www.metafilter.com",
          "link": "http://www.metafilter.com/131766/Regret-your-international-adoption-Theres-an-app-for-that",
          "link_type": "results"
        },
        {
          "domain": "www.msn.com",
          "link": "http://www.msn.com/en-my/news",
          "link_type": "results"
        },
        {
          "domain": "www.scamguard.com",
          "link": "https://www.scamguard.com/dating-scams/?page=3",
          "link_type": "results"
        },
        {
          "domain": "www.vice.com",
          "link": "http://www.vice.com/read/facebook-for-sperm-donors-615",
          "link_type": "results"
        }
      ]
    },
    {
      "results": [
        {
          "domain": "www.avoiceformen.com",
          "link": "http://www.avoiceformen.com/men/mens-issues/8-reasons-straight-men-dont-want-to-get-married/",
          "link_type": "results"
        },
        {
          "domain": "prestigeparkantalya.com",
          "link": "http://prestigeparkantalya.com/",
          "link_type": "results"
        },
        {
          "domain": "yahoonews-ca.tumblr.com",
          "link": "http://yahoonews-ca.tumblr.com/post/137085404635/tributes-have-poured-in-for-singer-david-bowie",
          "link_type": "results"
        },
        {
          "domain": "www.huffingtonpost.com",
          "link": "http://www.huffingtonpost.com/2014/04/18/wisconsin-passes-rehoming-law_n_5174997.html",
          "link_type": "results"
        },
        {
          "domain": "www.dutchdailynews.com",
          "link": "http://www.dutchdailynews.com/unfriendly-country-expats/",
          "link_type": "results"
        },
        {
          "domain": "christiananswers.net",
          "link": "http://christiananswers.net/q-eden/edn-g003.html",
          "link_type": "results"
        },
        {
          "domain": "www.al-bab.com",
          "link": "http://www.al-bab.com/arab/countries/tunisia/tunisia_fall_of_ben_ali.htm",
          "link_type": "results"
        },
        {
          "domain": "pq-fave-quotes.150m.com",
          "link": "http://pq-fave-quotes.150m.com/quotes_for_consideration_00.html",
          "link_type": "results"
        },
        {
          "domain": "www.urbandictionary.com",
          "link": "http://www.urbandictionary.com/define.php?term=hipster",
          "link_type": "results"
        }
      ]
    }
  ]
}