{
  "Origins": "On 8 May 2015, World News Daily Report published an article titled \"'Yoko Ono: 'I Had An Affair with Hillary Clinton in the '70s.'\" According to that article, Yoko Ono (widow of John Lennon) \"shocked reporters\" at a press conference on 7 May 2015 when she casually admitted to a decades-earlier intimate partnering with former Secretary of State and First Lady Hillary Clinton:",
  "Fact Check": "",
  "Description": "A photograph of Clinton that accompanied the article bore a caption claiming the presidential hopeful \"has been hit by a series of allegations of being a lesbian in her career which could ruin her bid for the presidency, believe some experts.\" But while Yoko Ono did receive some media attention on 7 May 2015, it was not due to a major admission involving Hillary Clinton; rather it was an announcement that Ono was collaborating on a series of coffee cups with the company illy Art. Had Ono admitted anything of the sort, that report would have reached mainstream media sources. But World News Daily Report is a fake news site whose disclaimer page clearly states that its content is not news and is not meant to be taken seriously: World News Daily Report is a news and political satire web publication, which may or may not use real names, often in semi-real or mostly fictitious ways. All news articles contained within worldnewsdailyreport.com are fiction, and presumably fake news. Any resemblance to the truth is purely coincidental, except for all references to politicians and/or celebrities, in which case they are based on real people, but still based almost entirely in fiction. World News Daily Report 's past confabulations include a purported eyewitness account of Jesus' miracles , a sad (and fake) claim about loggers killing the world's oldest tree , and a spun-up tale about the discovery of a \"prehistoric shark \" in Pakistan.",
  "Originally Published": "",
  "Referred Links": "http://www.donotlink.com/d4oi;http://www.prnewswire.com/news-releases/yoko-ono-mended-cups-and-unbroken-cup-a-new-illy-art-collection-and-metaphor-for-life-300079603.html;http://www.donotlink.com/f328;",
  "Example": "[Collected via Facebook, May 2015] Yoko Ono says Hillary Clinton is gay... doesn't everybody know that by now? She should just be outspoken about it !",
  "Last Updated": "11 May 2015",
  "Credibility": "false",
  "URL": "www.snopes.com/media/notnews/yokohillary.asp",
  "Claim": "Yoko Ono confirmed that she had an affair with Hillary Clinton in the 1970s.",
  "Claim_ID": "media_notnews_yokohillary",
  "Tags": "",
  "Google Results": [
    {
      "results": [
        {
          "domain": "worldnewsdailyreport.com",
          "link": "http://worldnewsdailyreport.com/yoko-ono-i-had-an-affair-with-hillary-clinton-in-the-70s/",
          "link_type": "results"
        },
        {
          "domain": "www.truthorfiction.com",
          "link": "https://www.truthorfiction.com/yoko-ono-and-hillary-clinton-had-an-affair-during-the-1970s/",
          "link_type": "results"
        },
        {
          "domain": "www.snopes.com",
          "link": "http://www.snopes.com/media/notnews/yokohillary.asp",
          "link_type": "results"
        },
        {
          "domain": "yournewswire.com",
          "link": "http://yournewswire.com/yoko-ono-claims-i-had-affair-with-hillary-clinton-in-the-70s/",
          "link_type": "results"
        },
        {
          "domain": "beforeitsnews.com",
          "link": "http://beforeitsnews.com/celebrities/2015/06/yoko-ono-i-had-an-affair-with-hillary-clinton-in-the-70s-2473392.html",
          "link_type": "results"
        },
        {
          "domain": "www.facebook.com",
          "link": "https://www.facebook.com/snopes/posts/721002764710912",
          "link_type": "results"
        },
        {
          "domain": "lunaticoutpost.com",
          "link": "http://lunaticoutpost.com/post-10476132.html",
          "link_type": "results"
        },
        {
          "domain": "prepperchimp.com",
          "link": "http://prepperchimp.com/2015/05/09/yoko-ono-i-had-an-affair-with-hillary-clinton-in-the-70s/",
          "link_type": "results"
        },
        {
          "domain": "www.bretzelove.com",
          "link": "http://www.bretzelove.com/fes/1122",
          "link_type": "results"
        },
        {
          "domain": "mikesmithspoliticalcommentary.blogspot.com",
          "link": "http://mikesmithspoliticalcommentary.blogspot.com/2015/05/yoko-ono-says-she-had-sexual.html",
          "link_type": "results"
        }
      ]
    },
    {
      "results": [
        {
          "domain": "lunaticoutpost.com",
          "link": "http://lunaticoutpost.com/post-10477788.html",
          "link_type": "results"
        },
        {
          "domain": "www.thedailybeast.com",
          "link": "http://www.thedailybeast.com/articles/2015/10/13/yoko-ono-i-still-fear-lennon-s-killer.html",
          "link_type": "results"
        },
        {
          "domain": "kingfm.com",
          "link": "http://kingfm.com/yoko-cheated-on-john-lennon-with-hillary/",
          "link_type": "results"
        },
        {
          "domain": "www.pirate4x4.com",
          "link": "http://www.pirate4x4.com/forum/general-chit-chat/2068497-yoko-ono-i-had-affair-hillary-clinton-70s.html",
          "link_type": "results"
        },
        {
          "domain": "www.dailymail.co.uk",
          "link": "http://www.dailymail.co.uk/news/article-3022203/Cynthia-secret-wife-John-Lennon-treated-cruelly-Beatles-star-s-wife-watched-sidelines-silence-husband-adored-millions.html",
          "link_type": "results"
        },
        {
          "domain": "www.datehookup.com",
          "link": "http://www.datehookup.com/Thread-1410675-1021.htm",
          "link_type": "results"
        },
        {
          "domain": "www.datehookup.com",
          "link": "http://www.datehookup.com/Thread-1413435-121.htm",
          "link_type": "results"
        },
        {
          "domain": "www.arktimes.com",
          "link": "http://www.arktimes.com/ArkansasBlog/archives/2015/10/26/mondays-open-line",
          "link_type": "results"
        },
        {
          "domain": "osberteagho.blogspot.com",
          "link": "http://osberteagho.blogspot.com/2015_10_18_archive.html",
          "link_type": "results"
        },
        {
          "domain": "theinternetpost.net",
          "link": "http://theinternetpost.net/category/entertainment/",
          "link_type": "results"
        }
      ]
    },
    {
      "results": [
        {
          "domain": "m.facebook.com",
          "link": "https://m.facebook.com/snopes/posts/721002764710912",
          "link_type": "results"
        },
        {
          "domain": "www.pinterest.com",
          "link": "https://www.pinterest.com/halzark/hilton/",
          "link_type": "results"
        },
        {
          "domain": "www.mashada.com",
          "link": "http://www.mashada.com/blogs/p/185230/82-yr-old-grandma-admits-to-having-lesbian-love-affair-with-presidential-hopeful-hillary-clinton",
          "link_type": "results"
        },
        {
          "domain": "mysticmedusa.com",
          "link": "https://mysticmedusa.com/2015/08/the-plutonic-uranian-career-adviser-on-hillary-clinton/",
          "link_type": "results"
        },
        {
          "domain": "www.johnwayne-thealamo.com",
          "link": "http://www.johnwayne-thealamo.com/forum/viewtopic.php?f=20&t=790&p=150679",
          "link_type": "results"
        },
        {
          "domain": "thelatestcelebritygossip.com",
          "link": "http://thelatestcelebritygossip.com/2015/05/",
          "link_type": "results"
        },
        {
          "domain": "opitslinkfest.blogspot.com",
          "link": "http://opitslinkfest.blogspot.com/2015/11/1-nov-blogs-im-following.html",
          "link_type": "results"
        },
        {
          "domain": "picturesdotnews.com",
          "link": "http://picturesdotnews.com/2014/05/17/the-pimps-and-prostitutes-of-1970s-times-square/",
          "link_type": "results"
        },
        {
          "domain": "oldephartte.blogspot.com",
          "link": "http://oldephartte.blogspot.com/2015/11/1-nov-blogs-im-following.html",
          "link_type": "results"
        },
        {
          "domain": "www.dailybalita.tk",
          "link": "http://www.dailybalita.tk/2015_06_01_archive.html",
          "link_type": "results"
        }
      ]
    }
  ]
}