{
  "Origins": "An age-old technique for mobilizing a populace to fight a war is to so thoroughly demonize the enemy that the conflict becomes seen by the public as a moral battle rather than a political one. This technique was used to maximum effect in America during World War I , when for the first time the U.S. was engaged as a late entrant in an overseas war, a war that many Americans wanted no part of. Accordingly, the Germans were recast as \"Huns\" to whom all sorts of atrocity tales were attributed, and suddenly everything Germanic became anathema. German-Americans sought to avoid being branded as disloyalists, traitors, or spies by declaring themselves to be Dutch or anglicizing their names, and common items with German names were retitled: sauerkraut became \"victory cabbage,\" hamburgers turned into \"liberty sandwiches,\" and \"hamburger steak\" was henceforth known as \"Salisbury steak.\" And a young comic named Julius Marx, who came from a German family and who was touring America in a vaudeville show with his three brothers, altered the persona of his stage character from German to Yiddish and finally to American. Julius would later became nationally famous as Groucho, one of the celebrated Marx Brothers.",
  "Fact Check": "",
  "Description": "The renaming frenzy didn't carry over to World War II (in large part because the Nazis did such a thorough job of demonizing themselves), but one result of the Nazi era in Germany was the long-lasting stigmatization of the names \"Adolph\" and \"Hitler.\" Thousands of people (on both sides of the conflict) bearing those names changed them in order to avoid any association with the notorious German dictator. So when Marx Brothers fans eventually learned that although Harpo Marx had always stated his first name as Arthur, he had actually been born Adolph Marx, they naturally assumed he had changed his first name for a similar reason. In fact, this was a retroactive explanation for a transition that had actually taken place many years earlier. Although Harpo was indeed born under the name of Adolph Marx, he had quickly been nicknamed \"Ahdie,\" a name he much preferred to Adolph so much so that he eventually adopted the name Arthur in place of his given name. When exactly Adolph became Arthur is difficult to pin down, but the change seems to have been effected by 1911; and newspaper reviews of Marx Brothers performances document that he was identified as \"Arthur\" as early as 1913. Thus Adolph Marx's name change demonstrably took place long before the world had heard of an Austrian named Adolf Hitler, well before the outbreak of World War I , and even a few years before that momentous day when the comic was tagged with the moniker of \"Harpo.\"",
  "Originally Published": "",
  "Referred Links": "",
  "Example": "",
  "Last Updated": "28 October 2014",
  "Credibility": "false",
  "URL": "www.snopes.com/movies/actors/harpo.asp",
  "Claim": "Harpo Marx changed his given name from Adolph to Arthur in order to avoid an association with Adolf Hitler.",
  "Claim_ID": "movies_actors_harpo",
  "Tags": "",
  "Google Results": [
    {
      "results": [
        {
          "domain": "www.snopes.com",
          "link": "http://www.snopes.com/movies/actors/harpo.asp",
          "link_type": "results"
        },
        {
          "domain": "en.wikipedia.org",
          "link": "https://en.wikipedia.org/wiki/Harpo_Marx",
          "link_type": "results"
        },
        {
          "domain": "twitter.com",
          "link": "https://twitter.com/snopes/status/527202015487602688",
          "link_type": "results"
        },
        {
          "domain": "m.delphiforums.com",
          "link": "http://m.delphiforums.com/newtish/messages/46433/265",
          "link_type": "results"
        },
        {
          "domain": "m.delphiforums.com",
          "link": "http://m.delphiforums.com/newtish/messages/46433/264",
          "link_type": "results"
        },
        {
          "domain": "kenlevine.blogspot.com",
          "link": "http://kenlevine.blogspot.com/2015/10/how-to-name-names.html",
          "link_type": "results"
        },
        {
          "domain": "camelopardid2.rssing.com",
          "link": "http://camelopardid2.rssing.com/chan-1192507/all_p111.html",
          "link_type": "results"
        },
        {
          "domain": "www.reddit.com",
          "link": "https://www.reddit.com/r/AskHistorians/comments/1k3r77/how_common_was_the_surname_hitler_in/",
          "link_type": "results"
        },
        {
          "domain": "www.astrotheme.com",
          "link": "http://www.astrotheme.com/astrology/Harpo_Marx",
          "link_type": "results"
        },
        {
          "domain": "skeptoid.com",
          "link": "https://skeptoid.com/blog/2013/07/04/was-walt-disney-an-anti-semite/",
          "link_type": "results"
        }
      ]
    },
    {
      "results": [
        {
          "domain": "answers.yahoo.com",
          "link": "https://answers.yahoo.com/question/index?qid=20100519102200AAiS3lh",
          "link_type": "results"
        },
        {
          "domain": "takeaquiz.com",
          "link": "http://takeaquiz.com/10-lists-of-misc.html",
          "link_type": "results"
        },
        {
          "domain": "www.desktoppages.com",
          "link": "http://www.desktoppages.com/search/harpo-marx",
          "link_type": "results"
        },
        {
          "domain": "www.sjpba.net",
          "link": "http://www.sjpba.net/Farsider/110614.htm",
          "link_type": "results"
        },
        {
          "domain": "rss2.com",
          "link": "http://rss2.com/feeds/New-Urban-Legends/page96",
          "link_type": "results"
        },
        {
          "domain": "www.timelines.ws",
          "link": "http://www.timelines.ws/1887_1890.HTML",
          "link_type": "results"
        },
        {
          "domain": "www.etsy.com",
          "link": "https://www.etsy.com/nz/listing/196476027/harpo-marx-hollywood-actore-comedian-the",
          "link_type": "results"
        },
        {
          "domain": "snippits-and-slappits.blogspot.com",
          "link": "http://snippits-and-slappits.blogspot.com/2013/03/codex-magica-chapter-14.html",
          "link_type": "results"
        },
        {
          "domain": "www.ebay.de",
          "link": "http://www.ebay.de/itm/GROUCHO-MARX-with-Margaret-Dumont-4-x-6-in-postcard/331691976381",
          "link_type": "results"
        },
        {
          "domain": "www.ebay.ca",
          "link": "http://www.ebay.ca/itm/HARPO-MARX-JOHN-BARRYMORE-BOOK-FROM-HARPOS-LIBRARY-SIGNED-TO-HARPO-/361382107415",
          "link_type": "results"
        }
      ]
    },
    {
      "results": [
        {
          "domain": "newsgroups.derkeiler.com",
          "link": "http://newsgroups.derkeiler.com/Archive/Alt/alt.usage.english/2010-09/msg02530.html",
          "link_type": "results"
        },
        {
          "domain": "www.freerepublic.com",
          "link": "http://www.freerepublic.com/focus/news/1851352/posts?page=84",
          "link_type": "results"
        },
        {
          "domain": "www.ebay.es",
          "link": "http://www.ebay.es/itm/HARPO-MARX-HOLLYWOOD-ACTOR-COMEDIAN-MARX-BROTHERS-8x10-HAND-COLOR-TINTED-PHOTO-/161880034295?hash=item25b0cd4bf7:g:QdQAAMXQj9xRlTPe",
          "link_type": "results"
        },
        {
          "domain": "www.docfoc.com",
          "link": "http://www.docfoc.com/ppwktwo5593",
          "link_type": "results"
        },
        {
          "domain": "www.doublequicktime.net",
          "link": "http://www.doublequicktime.net/item/descriptionn/id/151939170288/d/HARPO+MARX+HOLLYWOOD+ACTOR+COMEDIAN+MARX+BROTHERS+8x10%22+HAND+COLOR+TINTED+PHOTO",
          "link_type": "results"
        },
        {
          "domain": "self.gutenberg.org",
          "link": "http://self.gutenberg.org/article/whebn0000012426/groucho%20marx",
          "link_type": "results"
        },
        {
          "domain": "www.geni.com",
          "link": "http://www.geni.com/popular/ancestors?%3Fpage=25&page=47",
          "link_type": "results"
        },
        {
          "domain": "greatentertainersarchives.blogspot.com",
          "link": "http://greatentertainersarchives.blogspot.com/2011_10_01_archive.html",
          "link_type": "results"
        },
        {
          "domain": "www.ebooklibrary.org",
          "link": "http://www.ebooklibrary.org/articles/groucho_marx",
          "link_type": "results"
        },
        {
          "domain": "nameberry.com",
          "link": "http://nameberry.com/nametalk/threads/70774-Adolf-or-Ashley-which-would-you-rather-name-a-boy/page4",
          "link_type": "results"
        }
      ]
    }
  ]
}