{
  "Origins": "On 16 December 2014, a video that purportedly showed a car being struck by lightning spread virally on Facebook, accompanied by a news story claiming the passengers in the vehicle had just robbed a church in St. Petersburg, Russia: ST. PETERSBURG, Russia An group of masked men robbed a church in St. Petersburg and led police on a high speed chase last Tuesday. The pursuit was cut short however, when a bolt of lightning destroyed the car and killed all the passengers inside. According to police reports another car was also damaged after hitting the ruined getaway vehicle. While the story is certainly fantastic, it is also completely false. There have not been any recent reports of a church being robbed in St. Petersburg, nor have any credible sources confirmed several people died there in December 2014 after a vehicle was struck by lightning. In fact, it appears the only source reporting on these incredible and unbelievable claims is in the text accompanying the YouTube video.",
  "Fact Check": "",
  "Description": "The vehicle shown in the video above was not fleeing the scene of a church heist. As for the lightning? Well, that was also the work of someone's imagination. The video was uploaded by World TV News on 16 December 2014. This is the only video World TV News has uploaded. While this does not discredit the video, it does cast a skeptical shadow over its credibility. As for the video itself, there are several factors that prove this is a hoax. First, the video is clearly edited at the moment of the lightning strike. A split second before the screen goes white there is a snowy hill on the right side of the screen: A split second later, however, the hill is gone: Pausing the video at the moment of the supposed lightning strike also makes it clear the video shows a head-on collision and not the wrath of an angry god: Indeed, the full, unedited version of the video shows this to be an ordinary head-on collision and not a Wrath of God lightning strike on a vehicle fleeing a church heist:",
  "Originally Published": "",
  "Referred Links": "https://www.youtube.com/channel/UCb_MNuGu4vRYK2ZR_tYj1Zw;",
  "Example": "[Collected via email, December 2014] There's a video circulating on Facebook that claims that the car in the video was someone who had just robbed a church and was struck by lightning. True?",
  "Last Updated": "23 December 2014",
  "Credibility": "false",
  "URL": "www.snopes.com/photos/automobiles/lightningcar.asp",
  "Claim": "A getaway car was struck by lightning after its occupants robbed a church.",
  "Claim_ID": "photos_automobiles_lightningcar",
  "Tags": "",
  "Google Results": [
    {
      "results": [
        {
          "domain": "www.snopes.com",
          "link": "http://www.snopes.com/photos/automobiles/lightningcar.asp",
          "link_type": "results"
        },
        {
          "domain": "www.dailymail.co.uk",
          "link": "http://www.dailymail.co.uk/news/article-2881287/Gone-flash-moment-car-explodes-pieces-LIGHTNING-allegedly-hits-high-speed-police-chase.html",
          "link_type": "results"
        },
        {
          "domain": "www.youtube.com",
          "link": "https://www.youtube.com/watch?v=nQvDpS4bH9A",
          "link_type": "results"
        },
        {
          "domain": "www.breitbart.com",
          "link": "http://www.breitbart.com/big-government/2014/12/20/russian-thieves-struck-and-killed-by-lightning-after-robbing-church/",
          "link_type": "results"
        },
        {
          "domain": "www.facebook.com",
          "link": "https://www.facebook.com/permalink.php?id=1427611070816252&story_fbid=1678836289027061",
          "link_type": "results"
        },
        {
          "domain": "hoax.trendolizer.com",
          "link": "http://hoax.trendolizer.com/trend/struck%20by%20lightning",
          "link_type": "results"
        },
        {
          "domain": "hoax.trendolizer.com",
          "link": "http://hoax.trendolizer.com/2014/12/lightning-smite.html",
          "link_type": "results"
        },
        {
          "domain": "lifeinsurance.topinsurancetips.net",
          "link": "http://lifeinsurance.topinsurancetips.net/car-logo-with-lightning-bolt",
          "link_type": "results"
        },
        {
          "domain": "www.iranian95.gq",
          "link": "http://www.iranian95.gq/c/snopes.com%3A+Lightning+Strikes+Getaway+Car+in+Church+Robbery/",
          "link_type": "results"
        },
        {
          "domain": "thenailart.tk",
          "link": "http://thenailart.tk/high-speed-lightning-strikes",
          "link_type": "results"
        }
      ]
    },
    {
      "results": [
        {
          "domain": "chimpout2.rssing.com",
          "link": "http://chimpout2.rssing.com/chan-13785935/all_p288.html",
          "link_type": "results"
        },
        {
          "domain": "bobmccarty.com",
          "link": "http://bobmccarty.com/2014/12/20/was-justice-served-on-russian-roadway/",
          "link_type": "results"
        },
        {
          "domain": "www.bobmccarty.com",
          "link": "http://www.bobmccarty.com/tag/russia/",
          "link_type": "results"
        },
        {
          "domain": "woundedamericanwarrior.com",
          "link": "http://woundedamericanwarrior.com/video-divine-intervention-lightning-strikes-thieves-just-robbed-church/",
          "link_type": "results"
        },
        {
          "domain": "www.sjpba.net",
          "link": "http://www.sjpba.net/Farsider/010115.htm",
          "link_type": "results"
        },
        {
          "domain": "www.usatoday.com",
          "link": "http://www.usatoday.com/news/usaedition/2011-05-10-states10_ST_U.htm",
          "link_type": "results"
        },
        {
          "domain": "www.theshadowlands.net",
          "link": "http://www.theshadowlands.net/places/missouri.htm",
          "link_type": "results"
        },
        {
          "domain": "www.streamnewsnow.com",
          "link": "http://www.streamnewsnow.com/index.php/oil-heritage-softball/itemlist/category/17-oilcity-news",
          "link_type": "results"
        },
        {
          "domain": "en.wikipedia.org",
          "link": "https://en.wikipedia.org/wiki/Emmerdale",
          "link_type": "results"
        },
        {
          "domain": "pittsburgh.cbslocal.com",
          "link": "http://pittsburgh.cbslocal.com/tag/crafton/feed/",
          "link_type": "results"
        }
      ]
    },
    {
      "results": [
        {
          "domain": "jocofire.com",
          "link": "http://jocofire.com/",
          "link_type": "results"
        },
        {
          "domain": "derbyhistorical.org",
          "link": "http://derbyhistorical.org/TWIH%20Archive/1931/1931-Main.htm",
          "link_type": "results"
        },
        {
          "domain": "www.worldwideweirdnews.com",
          "link": "http://www.worldwideweirdnews.com/2015_03_18_archive.html",
          "link_type": "results"
        },
        {
          "domain": "www.worldwideweirdnews.com",
          "link": "http://www.worldwideweirdnews.com/2014_12_22_archive.html",
          "link_type": "results"
        },
        {
          "domain": "southtahoenow.com",
          "link": "http://southtahoenow.com/categories/news",
          "link_type": "results"
        },
        {
          "domain": "www.sandiegouniontribune.com",
          "link": "http://www.sandiegouniontribune.com/news/2001/aug/18/the-back-page/",
          "link_type": "results"
        },
        {
          "domain": "www.theobserver.com",
          "link": "http://www.theobserver.com/2011/12/top-news-stories-reported-in-2011/",
          "link_type": "results"
        },
        {
          "domain": "whnt.com",
          "link": "https://whnt.com/author/whntrobertrichardson/page/6/",
          "link_type": "results"
        },
        {
          "domain": "fox2now.com",
          "link": "http://fox2now.com/?category=news&year=2013&monthnum=4&day&s=car+accident&search_submit",
          "link_type": "results"
        },
        {
          "domain": "www.kzbkradio.com",
          "link": "http://www.kzbkradio.com/",
          "link_type": "results"
        }
      ]
    }
  ]
}