{
  "Origins": "Most viewers who frequently watch television with closed captioning (CC) enabled have likely noticed that the captioning doesn't always match the audio. This sort of mismatch can occur for a number of reasons: In recorded programs, it may be because the script provided to the captioner was altered before production was completed, because the program was later edited, or because an actor/speaker spontaneously departed from the script. As well, captions may sometimes be edited to accommodate audiences with lower reading levels or slower reading speeds.",
  "Fact Check": "",
  "Description": "Live broadcasts can present captioners with additional problems: Multiple speakers may talk at the same time, external noise may render some speech inaudible or otherwise difficult to understand, and some words and phrases used by speakers may be unfamiliar to the captioner. And, since live audio is typically captured phonetically via stenotype or stenomask machines, with the output instantly translated into text by computer, unusually-spelled items such as foreign words, place names, and proper names can sometimes end up being rendered quite oddly in the captioning. (The French term laissez faire, for example, might end up in English captioning as \"lassie fare.\") As we sat glued to television news coverage of the Malibu fire on the morning of Saturday, 24 November, 2007 to see if our area was in danger (fortunately, winds blew the conflagration away from us and towards the ocean), one or more of these factors produced some rather amusing (and risqu ) captioning. As a reporter from Los Angeles' KABC-TV was explaining how important it is for residents to evacuate fire areas when asked to do so because such prompt compliance allows firefighters to deal with just the fire and not also with \"people in the middle of the road evacuating,\" the captioning (as shown in the still frame displayed above) reflected a distinctly different climax to that statement.",
  "Originally Published": "",
  "Referred Links": "",
  "Example": "[KABC-TV, November 2007] Is this a real news screen shot?",
  "Last Updated": "28 August 2015",
  "Credibility": "true",
  "URL": "www.snopes.com/photos/risque/firenews.asp",
  "Claim": "Television news coverage of the 2007 Malibu fire displayed risqu closed captioning.",
  "Claim_ID": "photos_risque_firenews",
  "Tags": "",
  "Google Results": [
    {
      "results": [
        {
          "domain": "www.snopes.com",
          "link": "http://www.snopes.com/photos/risque/firenews.asp",
          "link_type": "results"
        },
        {
          "domain": "m.facebook.com",
          "link": "https://m.facebook.com/snopes/posts/696886907122498?comment_id=696962010448321&offset=0&total_comments=13&comment_tracking=%7B%22tn%22%3A%22R0%22%7D",
          "link_type": "results"
        },
        {
          "domain": "www.facebook.com",
          "link": "https://www.facebook.com/snopes/posts/696886907122498",
          "link_type": "results"
        },
        {
          "domain": "laist.com",
          "link": "http://laist.com/2007/12/01/kabcs_captioner.php",
          "link_type": "results"
        },
        {
          "domain": "www.unexplained-mysteries.com",
          "link": "http://www.unexplained-mysteries.com/forum/index.php?showtopic=112606",
          "link_type": "results"
        },
        {
          "domain": "www.jumbojoke.com",
          "link": "http://www.jumbojoke.com/southern_california_fires.html",
          "link_type": "results"
        },
        {
          "domain": "www.dailymail.co.uk",
          "link": "http://www.dailymail.co.uk/news/article-2078409/Railway-services-Britain-close-Christmas-strike-action-begins.html",
          "link_type": "results"
        },
        {
          "domain": "www.dailymail.co.uk",
          "link": "http://www.dailymail.co.uk/news/article-2223369/Richard-Mourdock-Indiana-GOP-Senate-candidate-says-gained-support-rape-comments.html",
          "link_type": "results"
        },
        {
          "domain": "www.dailymail.co.uk",
          "link": "http://www.dailymail.co.uk/news/article-2288847/Group-men-lit-trash-bag-puppies-outside-Brooklyn-warehouse.html",
          "link_type": "results"
        },
        {
          "domain": "www.dailymail.co.uk",
          "link": "http://www.dailymail.co.uk/news/article-2299868/Cross-Channel-ferry-passengers-face-Easter-travel-chaos-French-port-control-officers-plan-24-hour-strike-pay.html",
          "link_type": "results"
        }
      ]
    },
    {
      "results": [
        {
          "domain": "www.dailymail.co.uk",
          "link": "http://www.dailymail.co.uk/news/article-2788598/US-stocks-close-worst-week-May-2012.html",
          "link_type": "results"
        },
        {
          "domain": "www.dailymail.co.uk",
          "link": "http://www.dailymail.co.uk/news/article-1005094/Brilliant-murder-plan-Chilling-chronicle-sons-hammer-killing-mother.html",
          "link_type": "results"
        },
        {
          "domain": "www.dailymail.co.uk",
          "link": "http://www.dailymail.co.uk/news/article-1131765/Continuing-attacks-Palestine-Israel-threaten-undermine-efforts-Obamas-Middle-East-envoy.html",
          "link_type": "results"
        },
        {
          "domain": "www.dailymail.co.uk",
          "link": "http://www.dailymail.co.uk/news/article-2631661/Firefighter-struggled-breathe-colleagues-shackled-truck-sprayed-oven-cleaner-humiliating-farewell-ceremony.html",
          "link_type": "results"
        },
        {
          "domain": "www.foxnews.com",
          "link": "http://www.foxnews.com/story/2007/11/02/pop-tarts-paris-uses-parties-and-panties-to-get-political.html",
          "link_type": "results"
        },
        {
          "domain": "gladyssantiago.wordpress.com",
          "link": "https://gladyssantiago.wordpress.com/category/advertising/",
          "link_type": "results"
        },
        {
          "domain": "www.imdb.com",
          "link": "http://www.imdb.com/search/text?realm=name&field=bio&q=Fitness%20for&",
          "link_type": "results"
        },
        {
          "domain": "www.screeningthepast.com",
          "link": "http://www.screeningthepast.com/2011/11/cinema-lost-and-found-trajectories-of-relocation/",
          "link_type": "results"
        },
        {
          "domain": "refractory.unimelb.edu.au",
          "link": "http://refractory.unimelb.edu.au/tag/television/",
          "link_type": "results"
        },
        {
          "domain": "www.npr.org",
          "link": "http://www.npr.org/programs/waitwait/quiz/wwdtm_quiz.xml",
          "link_type": "results"
        },
        {
          "domain": "",
          "link": "/aclk?sa=l&ai=Cju6kYKGnVtLlJ4bzpAOejrjIDs30ltQInae7qsMClqy6GQgDEAEoA2Dlq_mEqBaQAQKgAd7Rj-0DyAEBqQLhTZTZGvlsPqoEKE_QOwRHwuH2DRh0jtBpoeWoHmA40hu1h-owNbG8ls-AhZRGyuP0wzKAB9Xw1TGQBwOoB6a-G9gHAQ&sig=AOD64_1BXZPy-0RcWGqqaU0flDmxn_UL2Q&clui=0&q=&ved=0ahUKEwjd1q2x9cfKAhXjkIMKHQKGAhk4ChDRDAhR&adurl=http://www.info.com/Closed%2520Caption%2520Television%3Fcb%3D110%26cmp%3D321024",
          "link_type": "ads_main"
        },
        {
          "domain": "",
          "link": "/aclk?sa=l&ai=CENxVYKGnVtLlJ4bzpAOejrjIDvne6IoHsdz-ghequ4GUAQgDEAIoA2Dlq_mEqBaQAQKgAfvH0u8DyAEBqgQoT9ALKCHC4vYNGHSO0Gmh5dRtVg_SG7WH6jA1sbyWz4CFlEbKteCJD4AH7betEJAHA6gHpr4b2AcB&sig=AOD64_2ory6IahMiDku9sI_zw682jEMCrA&clui=1&q=&ved=0ahUKEwjd1q2x9cfKAhXjkIMKHQKGAhk4ChDRDAhW&adurl=http://www.kpbs.org/border/",
          "link_type": "ads_main"
        },
        {
          "domain": "",
          "link": "/aclk?sa=l&ai=ChQ-xYKGnVtLlJ4bzpAOejrjIDp_79ssE3-re_60BstzAqgIIAxADKANg5av5hKgWkAECoAGp9vvIA8gBAaoEKE_QW38swuP2DRh0jtBpoeXKA0od0hu1h-owNbG8ls-AhZRGyqnk-TeAB7-JhDeQBwOoB6a-G9gHAQ&sig=AOD64_17wblfZ8rTgp4WsEft5qxPn7r6AQ&clui=2&q=&ved=0ahUKEwjd1q2x9cfKAhXjkIMKHQKGAhk4ChDRDAhb&adurl=http://www.wildnatureinstitute.org/snag-forest.html",
          "link_type": "ads_main"
        }
      ]
    },
    {
      "results": [
        {
          "domain": "www.jeanneandersen.net",
          "link": "http://www.jeanneandersen.net/venues.html",
          "link_type": "results"
        },
        {
          "domain": "www.winpublib.org",
          "link": "http://www.winpublib.org/lists/listdvd.htm",
          "link_type": "results"
        },
        {
          "domain": "www.theworldpress.com",
          "link": "http://www.theworldpress.com/press/worldpress/englandpress/england6.htm",
          "link_type": "results"
        },
        {
          "domain": "www.dailymails.xyz",
          "link": "http://www.dailymails.xyz/tvshowbiz/article-3272684/Victoria-Justice-flaunts-risque-dress-Cosmo-Latinas-event-admitting-thyroid-disorder.html",
          "link_type": "results"
        },
        {
          "domain": "github.com",
          "link": "https://github.com/robennals/think-link/blob/master/ruby/snopesclaims.csv",
          "link_type": "results"
        },
        {
          "domain": "slaymonstrobot.blogspot.com",
          "link": "http://slaymonstrobot.blogspot.com/2013_01_01_archive.html",
          "link_type": "results"
        },
        {
          "domain": "archive.org",
          "link": "https://archive.org/stream/bub_gb_kyYEAAAAMBAJ/bub_gb_kyYEAAAAMBAJ_djvu.txt",
          "link_type": "results"
        },
        {
          "domain": "moviecitynews.com",
          "link": "http://moviecitynews.com/author/gary-dretzka/page/5/?keepThis=true&TB_iframe=true%20%3Fiframe%3Dtrue&width=100%25&height=100%25",
          "link_type": "results"
        },
        {
          "domain": "elleabd.blogspot.com",
          "link": "http://elleabd.blogspot.com/2010_03_01_archive.html",
          "link_type": "results"
        }
      ]
    }
  ]
}