{
  "Origins": "In February 2005, tennis pros Roger Federer and Andre Agassi were in Dubai, United Arab Emirates, for the ATP's Dubai Duty Free Men's Open, a $1 million International Series Gold event. While in town, they took part in a publicity stunt, engaging in a friendly exhibition tennis match on the grass helipad atop the luxurious Burj Al Arab hotel.",
  "Fact Check": "",
  "Description": "The Burj Al Arab hotel, built upon a man-made island and designed in shape to resemble the sail of a dhow, features a large cantilevered helipad that extends out from one side of the hotel and over the ocean. The helipad itself rests 692 feet above ground level, and on the day depicted in these photographs it was temporarily set up as a tennis court for the exhibition. (A year earlier, golf star Tiger Woods had engaged in a similar publicity stunt, hitting several golf balls off the helipad and into the waters of the Persian Gulf.) As Andre Agassi said of the experience of playing tennis on a platform several hundred feet in the air: This was an absolutely amazing experience. When you first get over how high you are and start playing it's an absolute joy and it was a great time. I had no issues with the height as long as I didn't have to bungee jump off the side.",
  "Originally Published": "",
  "Referred Links": "http://www.burj-al-arab.com/;http://www.burj-al-arab.com/tennis/;",
  "Example": "[Collected via e-mail, 2006] TENNIS ANYONE ? I DON'T THINK SO !!!! That's Andre Agassi and Roger Federer playing on a tennis court at a hotel in Dubai over by Saudia Arabia - These pictures are amazing, especially the last one. There's not even a fence around them!!!!",
  "Last Updated": "15 March 2006",
  "Credibility": "true",
  "URL": "www.snopes.com/photos/sports/skytennis.asp",
  "Claim": "Photographs show a tennis match played atop a hotel.",
  "Claim_ID": "photos_sports_skytennis",
  "Tags": "",
  "Google Results": [
    {
      "results": [
        {
          "domain": "www.snopes.com",
          "link": "http://www.snopes.com/photos/sports/skytennis.asp",
          "link_type": "results"
        },
        {
          "domain": "www.snopes.com",
          "link": "http://www.snopes.com/photos/sports/sports.asp",
          "link_type": "results"
        },
        {
          "domain": "inhabitat.com",
          "link": "http://inhabitat.com/world%E2%80%99s-highest-tennis-court-was-a-green-roof-atop-the-burj-al-arab-in-dubai/",
          "link_type": "results"
        },
        {
          "domain": "laughingsquid.com",
          "link": "http://laughingsquid.com/the-worlds-highest-tennis-court-on-top-of-the-burj-al-arab-in-dubai/",
          "link_type": "results"
        },
        {
          "domain": "www.facebook.com",
          "link": "https://www.facebook.com/NYCSpikeball/posts/211293705679307",
          "link_type": "results"
        },
        {
          "domain": "www.dailymail.co.uk",
          "link": "http://www.dailymail.co.uk/news/article-1343734/Tennis-stars-Rafael-Nadal-Roger-Federer-play-match-floating-court-IN-Persian-Gulf.html",
          "link_type": "results"
        },
        {
          "domain": "cia3.cloudns.pro",
          "link": "http://cia3.cloudns.pro/lb3.html",
          "link_type": "results"
        },
        {
          "domain": "www.mirror.co.uk",
          "link": "http://www.mirror.co.uk/sport/tennis/tennis-match-fixing-qa-who-7196850",
          "link_type": "results"
        },
        {
          "domain": "www.pinterest.com",
          "link": "https://www.pinterest.com/pin/256775616225292365/",
          "link_type": "results"
        },
        {
          "domain": "www.businessinsider.com",
          "link": "http://www.businessinsider.com/buzzfeed-and-bbc-report-match-fixing-at-the-top-of-world-tennis-2016-1",
          "link_type": "results"
        }
      ]
    },
    {
      "results": [
        {
          "domain": "sports.yahoo.com",
          "link": "http://sports.yahoo.com/tennis/",
          "link_type": "results"
        },
        {
          "domain": "www.reuters.com",
          "link": "http://www.reuters.com/article/tennis-corruption-idUSKCN0UW04N",
          "link_type": "results"
        },
        {
          "domain": "ewn.co.za",
          "link": "http://ewn.co.za/2016/01/18/Documents-show-match-fixing-at-top-level-of-world-tennis",
          "link_type": "results"
        },
        {
          "domain": "www.timesunion.com",
          "link": "http://www.timesunion.com/news/slideshow/Nation-World-photos-967.php",
          "link_type": "results"
        },
        {
          "domain": "www.smh.com.au",
          "link": "http://www.smh.com.au/sport/tennis/australian-open-tennis-rocked-by-allegations-of-widespread-matchfixing-among-top-players-20160117-gm7y9s.html",
          "link_type": "results"
        },
        {
          "domain": "www.maxim.com",
          "link": "http://www.maxim.com/entertainment/tennis-match-fixing-investigation-2016-01",
          "link_type": "results"
        },
        {
          "domain": "www.tennis.com",
          "link": "http://www.tennis.com/",
          "link_type": "results"
        },
        {
          "domain": "www.usopen.org",
          "link": "http://www.usopen.org/videos/",
          "link_type": "results"
        },
        {
          "domain": "www.greenvalleyspa.com",
          "link": "http://www.greenvalleyspa.com/tennis-1/tennis.htm",
          "link_type": "results"
        },
        {
          "domain": "www.theweek.co.uk",
          "link": "http://www.theweek.co.uk/jeremy-clarkson/62887/jeremy-clarkson-14-things-we-know-about-new-amazon-show",
          "link_type": "results"
        }
      ]
    },
    {
      "results": [
        {
          "domain": "www.tripadvisor.com",
          "link": "http://www.tripadvisor.com/Attraction_Review-g32523-d291280-Reviews-Indian_Wells_Tennis_Garden-Indian_Wells_California.html",
          "link_type": "results"
        },
        {
          "domain": "www.gq-magazine.co.uk",
          "link": "http://www.gq-magazine.co.uk/article/gq-sport-wimbledon-nicolas-mahut-john-isner-tennis",
          "link_type": "results"
        },
        {
          "domain": "www.atpworldtour.com",
          "link": "http://www.atpworldtour.com/",
          "link_type": "results"
        },
        {
          "domain": "www.abc.net.au",
          "link": "http://www.abc.net.au/news/2016-01-20/journeymen-players-money-struggles-prompt-tennis-corruption-fear/7100082",
          "link_type": "results"
        },
        {
          "domain": "www.tmz.com",
          "link": "http://www.tmz.com/2015/09/10/james-blake-tennis-nypd-arrest-real-suspect-photo/",
          "link_type": "results"
        },
        {
          "domain": "www.yelp.com",
          "link": "http://www.yelp.com/biz/indian-wells-tennis-garden-indian-wells",
          "link_type": "results"
        },
        {
          "domain": "www.telegraph.co.uk",
          "link": "http://www.telegraph.co.uk/news/celebritynews/11523229/Andy-Murray-and-Kim-Sears-marry-in-Dunblane-Cathedral-in-pictures.html",
          "link_type": "results"
        },
        {
          "domain": "www.biography.com",
          "link": "http://www.biography.com/people/bobby-riggs-9458786",
          "link_type": "results"
        },
        {
          "domain": "www.aljazeera.com",
          "link": "http://www.aljazeera.com/news/2016/01/australian-open-begins-match-fixing-allegations-160118035143679.html",
          "link_type": "results"
        }
      ]
    }
  ]
}