{
  "Origins": "A very unusual genetic color variation in white-tailed deer rarer even than albinism produces all-black offspring in that species which are known as \"melanistic\" or \"melanic\" deer. (This news account shows one such fawn born in 2005 on Colorado's Western Slope.) As noted on the North American Whitetail web site:",
  "Fact Check": "",
  "Description": "The images of the melanistic black fawn displayed above were taken from the web site of photographer Richard Buquoi (of R.M.Buquoi Photographics ), who specializes in nature photography. In response to our query about the origins of these pictures, Mr. Buquoi told us: I can understand the curiosity from people of the highly melanistic black fawn images that we have on our website. They are a rare phenomenon to see. We're always happy to find someone who enjoys viewing our images as much as we enjoyed taking them. I took the photos of the black fawn near Austin, TX. That area of central Texas seems to have a concentration of black \"white-tailed\" deer, although it is still extremely rare to find them. This is a wild deer, but resides in a greenbelt near a neighborhood. I took the images when the deer were roaming through the neighborhood. The two fawns in the photos are twins, but only the one is black. The images being circulated were taken in May [2010] and I again captured some images of them about seven weeks later which I added to our website. They are going to be published along with an article about \"Melanism\" in \"Deer and Deer Hunting\" magazine due out in September [2010].",
  "Originally Published": "",
  "Referred Links": "http://www.rmbphotographics.com/;http://www.rmbphotographics.com/;http://rmbuquoiphoto.photoshelter.com/gallery/Land-Mammals/G0000TFzI4B5LV_k/;http://www.northamericanwhitetail.com/weirdwhitetails/wt_1201melanistic/;http://www.thedenverchannel.com/family/4612526/detail.html;",
  "Example": "[Collected via e-mail, August 2010] True or photo shopped? Don't ask me where this was taken at, some where for sure....This is a first for me to see this.... PICTURES OF A BLACK FAWN Photographs 2010 by Richard Buquoi",
  "Last Updated": "16 May 2015",
  "Credibility": "true",
  "URL": "www.snopes.com/photos/animals/blackfawn.asp",
  "Claim": "Photographs show a black white-tailed deer fawn.",
  "Claim_ID": "photos_animals_blackfawn",
  "Tags": "",
  "Google Results": [
    {
      "results": [
        {
          "domain": "www.snopes.com",
          "link": "http://www.snopes.com/photos/animals/blackfawn.asp",
          "link_type": "results"
        },
        {
          "domain": "www.pinterest.com",
          "link": "https://www.pinterest.com/pin/270497521344409646/",
          "link_type": "results"
        },
        {
          "domain": "www.youtube.com",
          "link": "https://www.youtube.com/watch?v=BvymevjQAPY",
          "link_type": "results"
        },
        {
          "domain": "www.northamericanwhitetail.com",
          "link": "http://www.northamericanwhitetail.com/news/weirdwhitetails_wt_1201melanistic/",
          "link_type": "results"
        },
        {
          "domain": "www.shutterstock.com",
          "link": "http://www.shutterstock.com/s/fawn/search.html",
          "link_type": "results"
        },
        {
          "domain": "www.gettyimages.com",
          "link": "http://www.gettyimages.com/photos/white-tailed-deer",
          "link_type": "results"
        },
        {
          "domain": "download185.baybooks.org",
          "link": "http://download185.baybooks.org/pdf/the-black-fawn_gkvyi.pdf",
          "link_type": "results"
        },
        {
          "domain": "www.outdoorlife.com",
          "link": "http://www.outdoorlife.com/photos/gallery/hunting/2010/09/texas-black-fawn",
          "link_type": "results"
        },
        {
          "domain": "animals.nationalgeographic.com",
          "link": "http://animals.nationalgeographic.com/animals/mammals/white-tailed-deer/",
          "link_type": "results"
        },
        {
          "domain": "",
          "link": "/aclk?sa=L&ai=CaCrXO9WjVp7qIojcpAONl7mADZSr5NMGhLTZ-ucB-LWwrUoIAxABYOWr-YSoFsgBAaoEJ0_QlarC5sIEqcx-r9iqUq9BYuOdEpuWLo0qr8E6ANOnOKbG7GShwaAGLIAHyOqeCJAHA6gHpr4b2AcB&sig=AOD64_3gi66VJx0k5PObjg36UeBGv6YV6Q&clui=0&q=&ved=0ahUKEwiEjq6j1sDKAhXKm4MKHaGFBqsQ0QwIWA&adurl=http://www.wildernessclassroom.com/wilderness-library/white-tailed-deer/",
          "link_type": "ads_main"
        }
      ]
    },
    {
      "results": [
        {
          "domain": "blogs.discovery.com",
          "link": "http://blogs.discovery.com/animal_oddities/2010/09/rare-dark-deer-photographed-in-texas.html",
          "link_type": "results"
        },
        {
          "domain": "www.wideopenspaces.com",
          "link": "http://www.wideopenspaces.com/10-beautiful-piebald-whitetail-deer-pictures-pics/",
          "link_type": "results"
        },
        {
          "domain": "www.canstockphoto.com",
          "link": "http://www.canstockphoto.com/images-photos/fawn.html",
          "link_type": "results"
        },
        {
          "domain": "www.neonbooks.org",
          "link": "http://www.neonbooks.org/pdf/the-black-fawn_cyh81.pdf",
          "link_type": "results"
        },
        {
          "domain": "en.wikipedia.org",
          "link": "https://en.wikipedia.org/wiki/White-tailed_deer",
          "link_type": "results"
        },
        {
          "domain": "windmill12.com",
          "link": "http://windmill12.com/2012/07/18/the-difference-between-mule-and-whitetail-deer/",
          "link_type": "results"
        },
        {
          "domain": "jualpulsa.info",
          "link": "http://jualpulsa.info/black-tail-deer-fawn",
          "link_type": "results"
        },
        {
          "domain": "www.lovethesepics.com",
          "link": "http://www.lovethesepics.com/2013/01/incredible-yellowstone-national-park-wildlife-60-pics/",
          "link_type": "results"
        },
        {
          "domain": "",
          "link": "/aclk?sa=L&ai=CdlFPP9WjVv2mC4aapgPRyIPgDdzJiPoIhJOLoMEC-LWwrUoIAxABKANg5av5hKgWkAECyAEBqgQkT9CSzqOZ445PG99RrvzHyF58fOHrve2NwqslvW--ibQY0s2boAYsgAf8vPE5kAcDqAemvhvYBwE&sig=AOD64_0HunvPqtC7urt2MKmJSaohsR94Yw&clui=0&q=&ved=0ahUKEwi92Iml1sDKAhWGvIMKHf6iB8g4ChDRDAhR&adurl=http://rover.ebay.com/rover/1/711-216658-2056-0/2%3Fmpre%3Dhttp://www.ebay.com/itm/NEW-SCHLEICH-14711-White-Tailed-Deer-Fawn-Baby-/141254512380%26rule%3D_cat%253Aebay.com%26crlp%3D86105657220%26adpos%3D2o1%26device%3Dc%26cmpgn%3D282757620%26PARM3_ID%3DGBH_136",
          "link_type": "ads_main"
        },
        {
          "domain": "",
          "link": "/aclk?sa=l&ai=CQzFGP9WjVv2mC4aapgPRyIPgDZecw6sHn4TP-qwCk4P44BYIAxACKANg5av5hKgWkAECoAGW_sf5A8gBAakCAjw1dO60fj6qBCVP0OK0opngjk8b31Gu58C7Xnx84eu97Y3CqyW9byZ5Urqxy16VgAevhYpEkAcDqAemvhvYBwE&sig=AOD64_2UZgSqSzCz0krdT0qlm6gUVESkvA&clui=1&q=&ved=0ahUKEwi92Iml1sDKAhWGvIMKHf6iB8g4ChDRDAhW&adurl=http://www.zapmeta.ws/ws%3Fq%3Dstag%2520deer%2520pictures%26asid%3Dws_gc3_03%26mt%3Db%26nw%3Dg%26de%3Dc%26ap%3D2o2",
          "link_type": "ads_main"
        },
        {
          "domain": "",
          "link": "/aclk?sa=l&ai=CmhHyP9WjVv2mC4aapgPRyIPgDYO29s4Hk4zs6MoCvprWdwgDEAMoA2Dlq_mEqBaQAQKgAYWng9QDyAEBqgQoT9Cy29CZ4Y5PG98ZrmnvT8djy-W2dzKGQXjJF1zVibEsFvOnMl-_zIAH49j8K5AHA6gHpr4b2AcB&sig=AOD64_1FO8qxzuLgyhamxUfabukMjfwcCQ&clui=3&q=&ved=0ahUKEwi92Iml1sDKAhWGvIMKHf6iB8g4ChDRDAhc&adurl=http://andsonsmagazine.com/19/shame-and-buck",
          "link_type": "ads_main"
        }
      ]
    },
    {
      "results": [
        {
          "domain": "www.westernhunter.com",
          "link": "http://www.westernhunter.com/Pages/Vol02Issue24/blacktail.html",
          "link_type": "results"
        },
        {
          "domain": "www.stsoftindia.com",
          "link": "http://www.stsoftindia.com/?q=fetus+soup+snopes",
          "link_type": "results"
        },
        {
          "domain": "www.the-whitetail-deer.com",
          "link": "http://www.the-whitetail-deer.com/",
          "link_type": "results"
        },
        {
          "domain": "www.pbase.com",
          "link": "http://www.pbase.com/muskrat/mammals",
          "link_type": "results"
        },
        {
          "domain": "www.hww.ca",
          "link": "http://www.hww.ca/en/wildlife/mammals/white-tailed-deer.html",
          "link_type": "results"
        },
        {
          "domain": "www.1atexasdeerhunting.com",
          "link": "http://www.1atexasdeerhunting.com/bodyagingdeer.htm",
          "link_type": "results"
        },
        {
          "domain": "www.icr.org",
          "link": "http://www.icr.org/article/deer-black-white/",
          "link_type": "results"
        },
        {
          "domain": "www.bear-tracker.com",
          "link": "http://www.bear-tracker.com/deer.html",
          "link_type": "results"
        },
        {
          "domain": "www.nps.gov",
          "link": "http://www.nps.gov/media/photo/gallery.htm?id=1AA355B0-155D-451F-67BE513F4A1A328B",
          "link_type": "results"
        },
        {
          "domain": "www.lovahaisa.com",
          "link": "http://www.lovahaisa.com/pictures-of-baby-deer/",
          "link_type": "results"
        }
      ]
    }
  ]
}