{
  "Origins": "One on the benchmarks of a successful advertising campaign is that it generates \"buzz\" it gets people talking about it, and thereby keeps both the ads and the products they promote in the public eye. Even consumers who don't already use the plugged products are therefore constantly reminded of them.",
  "Fact Check": "",
  "Description": "Judging by the way our inbox fills up every time they come out with a new commercial, we have to say the folks behind the advertising campaign for Powerade (an energy drink produced by the Coca-Cola Company) have been incredibly successful at creating ads with more \"buzz\" than anyone else. A Powerade commercial filmed in December 2003 featured 19-year-old basketball wunderkind Lebron James of the NBA's Cleveland Cavaliers sinking a series of four consecutive shots from nearly the full length of a basketball court , about 75 to 90 feet away. It aired during the 2004 NCAA college basketball \"March Madness\" championships, and now that the spot is running again during this year's NCAA competition, \"Is this commercial for real?\" queries are popping up in our e-mail again several times a day. Even knowing nothing about Powerade's style of advertising, one would have to suspect this commercial wasn't quite on the level. Lebron James is a incredibly gifted athlete with amazing skills on the basketball court, but if he could sink 80-foot shots as consistently and effortlessly as depicted in this Powerade spot, he'd be shattering NBA scoring records left and right. If this commercial didn't employ digital manipulation or least some heavy editing, they'd have had to do a prohibitively large number of takes before Lebron managed to hit four straight shots from the distances it depicts. But persons familiar with earlier Powerade commercials know that their stock in trade is using digital editing techniques to create a series of clever ads featuring \"extreme\" sporting events in which athletes accomplish seemingly impossible feats of strength and skill, all to the accompaniment of breathless narration by on-the-spot announcers. Previous entries in this series include a spot in which Atlanta Falcons quarterback Michael Vick knocks a couple of receivers flat on their backs with the force of his passes, then hurls an impossibly long pass not just the length of the field but completely out of the stadium, and a pseudo-foreign commercial in which the Powerade creative team manipulated some video footage of a killer whale breaching the surface of the ocean to make it appear that the marine giant had landed atop a group of plucky kayakers, who emerge amazingly unscathed by the ordeal. A Roanoke Times question and answer column identified the special effects outfit used to produce these commercials: Q: During March Madness they've shown a commercial of LeBron James making incredible three-point shots. We were talking about it at work and wondering if it was real. A: The beauty of this Powerade commercial is that you think you're watching the work of a single cameraman accidentally catching a miraculous moment. In truth, the commercial is the work of a talented special effects team from Method Studios, including at least two visual effects artists and a 3-D designer. Method Studios is the same company that made it look like Michael Vick could throw a football a country mile in a previous Powerade commercial. The Method Studios web site lists the names of the special effects crew members used in producing the Powerade \"Lebron Practice\" commercial.",
  "Originally Published": "",
  "Referred Links": "http://www.methodstudios.com/mox599;http://www.mknx.com/v/powerade.wmv;http://www.ncaasports.com/;http://www.basketball-goals.com/basketball%20court%20dimensions.htm#bbcourt;http://www.nba.com/playerfile/lebron_james/;",
  "Example": "[Note: This video clip is a 3 MB file please be patient while it downloads.]",
  "Last Updated": "25 March 2005",
  "Credibility": "false",
  "URL": "www.snopes.com/photos/advertisements/lebron.asp",
  "Claim": "Powerade commercial shows footage of basketball star Lebron James sinking a series of extraordinarily long shots.",
  "Claim_ID": "photos_advertisements_lebron",
  "Tags": "",
  "Google Results": [
    {
      "results": [
        {
          "domain": "www.youtube.com",
          "link": "https://www.youtube.com/watch?v=dbmW7CY0sBw",
          "link_type": "results"
        },
        {
          "domain": "www.snopes.com",
          "link": "http://www.snopes.com/photos/advertisements/lebron.asp",
          "link_type": "results"
        },
        {
          "domain": "decydewumo.xpg.uol.com.br",
          "link": "http://decydewumo.xpg.uol.com.br/powerade-commercials-download.html",
          "link_type": "results"
        },
        {
          "domain": "eeve.net",
          "link": "http://eeve.net/Lebron-James-and-Powerade(dbmW7CY0sBw)",
          "link_type": "results"
        },
        {
          "domain": "www.mediavida.com",
          "link": "http://www.mediavida.com/foro/deportes/flipen-con-lebron-james-172303/2",
          "link_type": "results"
        },
        {
          "domain": "www.inspirationline.com",
          "link": "http://www.inspirationline.com/WebWise/APRIL.htm",
          "link_type": "results"
        },
        {
          "domain": "datab.us",
          "link": "http://datab.us/Search/Powerade%2BPlayListIDPL67E12360E38D9E9E",
          "link_type": "results"
        },
        {
          "domain": "www.volnation.com",
          "link": "http://www.volnation.com/forum/tennessee-vols-football/6304-urban-myth-countdown-9.html",
          "link_type": "results"
        },
        {
          "domain": "blogs.chicagotribune.com",
          "link": "http://blogs.chicagotribune.com/news_columnists_ezorn/2005/03/did_lebron_jame.html",
          "link_type": "results"
        },
        {
          "domain": "www.dailymail.co.uk",
          "link": "http://www.dailymail.co.uk/news/article-2240940/LeBron-James-tweets-video-son-8-sinking-trick-shot-mansion-balcony.html",
          "link_type": "results"
        },
        {
          "domain": "www.googleadservices.com",
          "link": "http://www.googleadservices.com/pagead/aclk?sa=L&ai=CRmfbB1CjVrfmIovSpgOT9ZGYB-fJwZII37OMnfcBgZnqlbcCCAAQAWDlq_mEqBagAfXou_sDyAEBqgQoT9BmZHrn4kmI5C4REMWknAF3zBJKlS9K9Z7stGuQyX80xHRIGW77w4gGAYAH85bEBJAHA6gHpr4b2AcB&ohost=www.google.com.mx&cid=CAASJORok-kPA8auud1v0qyh7YgHjAPsm-lzkCbxDBiFe5L6hzr_Kw&sig=AOD64_0KgLki2VMJ13DDrtPsBmbzMAxeUg&clui=0&q=&ved=0ahUKEwiBr5uf17_KAhUktYMKHWkVA-oQ0QwIGA&adurl=http://www.pond5.com/stock-video-footage/1/basketball.html",
          "link_type": "ads_main"
        }
      ]
    },
    {
      "results": [
        {
          "domain": "www.statemaster.com",
          "link": "http://www.statemaster.com/encyclopedia/Powerade",
          "link_type": "results"
        },
        {
          "domain": "yougetmp3mp4.com",
          "link": "http://yougetmp3mp4.com/DCSHOECOUSA(G7ap1xja2ZI)",
          "link_type": "results"
        },
        {
          "domain": "throsretaref23.soup.io",
          "link": "http://throsretaref23.soup.io/",
          "link_type": "results"
        },
        {
          "domain": "gofootholda1976.pen.io",
          "link": "http://gofootholda1976.pen.io/",
          "link_type": "results"
        },
        {
          "domain": "downloader.site",
          "link": "http://downloader.site/Powerade-Werbung(REU5ncgXAEQ)",
          "link_type": "results"
        },
        {
          "domain": "dm065.blogspot.com",
          "link": "http://dm065.blogspot.com/2005_03_01_archive.html",
          "link_type": "results"
        },
        {
          "domain": "www.scribd.com",
          "link": "https://www.scribd.com/doc/143609914/The-Washington-Post-2011-05-04",
          "link_type": "results"
        },
        {
          "domain": "fabricchase.com",
          "link": "http://fabricchase.com/index.php?page=item&id=2281",
          "link_type": "results"
        },
        {
          "domain": "www.cs.cmu.edu",
          "link": "https://www.cs.cmu.edu/~ark/TweetNLP/clusters/750kpaths",
          "link_type": "results"
        },
        {
          "domain": "lebret.ch",
          "link": "http://lebret.ch/embeddings/50/vocab.txt",
          "link_type": "results"
        },
        {
          "domain": "www.googleadservices.com",
          "link": "http://www.googleadservices.com/pagead/aclk?sa=L&ai=COE9eClCjVvnPIoykpgPGra-wD-fJwZII37OMnfcBgZnqlbcCCAAQAWDlq_mEqBaQAQKgAfXou_sDyAEBqgQoT9AjJVTEZK0Bkv018XHiRcgmoK-JTITNqyH5tNct3qfqyo6XITl-LIgGAYAH85bEBJAHA6gHpr4b2AcB&ohost=www.google.com.mx&cid=CAASJORoLfeHEbOzSBggvmKTqaa7oBqCsqP_GsaY_Md8F1r7Yu7hLw&sig=AOD64_2EnheDRZamV5U8KI4HNaQE35MVLA&clui=0&q=&ved=0ahUKEwibntGg17_KAhVhl4MKHVz6BHM4ChDRDAgY&adurl=http://www.pond5.com/stock-video-footage/1/basketball.html",
          "link_type": "ads_main"
        }
      ]
    },
    {
      "results": [
        {
          "domain": "coreypage.wordpress.com",
          "link": "https://coreypage.wordpress.com/2013/05/15/mohini-1-patd-2-fawk-2-bahaahah-1-gavar-2-2ii-1-sonja-1-bjorli-1/",
          "link_type": "results"
        },
        {
          "domain": "www.sportandme.com",
          "link": "http://www.sportandme.com/search/zoom_dictionary.zdat",
          "link_type": "results"
        },
        {
          "domain": "sotteville.ouvaton.org",
          "link": "http://sotteville.ouvaton.org/dotclear/index.php?2013/03/15/99-reforme-des-rythmes-scolaires-a-sotteville-rien-n-est-pret-ni-chiffre-mais-on-applique-des-la-rentree-prochaine",
          "link_type": "results"
        },
        {
          "domain": "www.strojnadzor.lv",
          "link": "http://www.strojnadzor.lv/portal/index.php?option=com_datsogallery&Itemid=103&func=detail&catid=1&id=19",
          "link_type": "results"
        },
        {
          "domain": "ww.ogl.co",
          "link": "http://ww.ogl.co/attractive-offer/",
          "link_type": "results"
        },
        {
          "domain": "project2adb.googlecode.com",
          "link": "https://project2adb.googlecode.com/svn-history/r15/trunk/MetaSearcher/tempResult",
          "link_type": "results"
        },
        {
          "domain": "www.boomsocial.com",
          "link": "http://www.boomsocial.com/EN/Facebook/Page/Adweek-126756847074",
          "link_type": "results"
        },
        {
          "domain": "github.com",
          "link": "https://github.com/dropbox/zxcvbn/blob/master/src/frequency_lists.coffee",
          "link_type": "results"
        },
        {
          "domain": "www.ytvid.com",
          "link": "http://www.ytvid.com/Powerade(1fg26L4ybxo)",
          "link_type": "results"
        },
        {
          "domain": "www.campoactivo.com",
          "link": "http://www.campoactivo.com/foro/forocomentario.php?foro=&id_categoria=5&id_tema=53",
          "link_type": "results"
        },
        {
          "domain": "www.googleadservices.com",
          "link": "http://www.googleadservices.com/pagead/aclk?sa=L&ai=CbeqODFCjVqfuKJSFpgOQhrP4AufJwZII37OMnfcBgZnqlbcCCAMQAWDlq_mEqBaQAQOgAfXou_sDyAEBqgQnT9D5kyr4XpNEA2QdycHOi2kK-UPmmU2Uo72E5I5iSY5HV1haYVzdiAYBgAfzlsQEkAcDqAemvhvYBwE&ohost=www.google.com.mx&cid=CAASJORo0jMXHKqbOc_Cowa9tD_RDXJcG0UcM2QvkJ51yvmY_xOyTg&sig=AOD64_0hZDrbne9bM05506ws-S3FZhQX8Q&clui=0&q=&ved=0ahUKEwinxNKh17_KAhVskIMKHWf7BqY4FBDRDAhH&adurl=http://www.pond5.com/stock-video-footage/1/basketball.html",
          "link_type": "ads_main"
        }
      ]
    }
  ]
}