{
  "Origins": "The year 2000 brought one of the worst fire seasons in half a century to the U.S. By the month of August over 4 million acres (an area greater in size than the states of Connecticut and Rhode Island combined) had been burned by wildfires, and dozens of blazes raged out of control in eleven western states, with nearly half of the conflagrations occurring in Idaho and Montana.",
  "Fact Check": "",
  "Description": "On 6 August 2000, as several fires converged in the Bitterroot National Forest near the town of Sula in western Montana, John McColgan, a fire behavior analyst in the employ of the USDA Forest Service , snapped the spectacular photograph shown above with a digital camera. As McColgan described the experience to a writer for the Western Montana newspaper The Missoulian: \"That's a once-in-a-lifetime look there. I just happened to be in the right place at the right time. I've been doing this for 20 years and it ranks in the top three days of fire behavior I've seen.\" The day was Aug. 6, the Sunday when several forest fires converged near Sula into a firestorm that overran 100,000 acres and destroyed 10 homes. Temperatures in the flame front were estimated at more than 800 degrees. Nevertheless, McColgan said, the wildlife appeared to be taking the crisis in stride, gathering near the East Fork of the Bitterroot River where it crosses under U.S. Highway 93. \"They know where to go, where their safe zones are,\" McColgan said. \"A lot of wildlife did get driven down there to the river. There were some bighorn sheep there. A small deer was standing right underneath me, under the bridge.\" McColgan snapped the photo with a Kodak DC280 digital camera. Since he was working as a Forest Service firefighter, the shot is public property and cannot be sold or used for commercial purposes After McColgan downloaded his amazing image to an office computer, a friend found it, e-mailed a copy to another friend, and by mid-September 2000 the picture was blazing its way across the Internet. Because many forwarded copies of the image lacked any attribution or explanation, e-mail recipients began to circulate rumors about its origins and authenticity some claimed that the photo was snapped by a tourist, that it was taken during the extensive Yellowstone National Park fire of 1988, or that it was yet another digital fake. As John McColgan said afterwards, \"I couldn't have profited from [the photograph], so I guess I'm glad so many people are enjoying it.\" We're happy to help him at least receive proper credit for his work.",
  "Originally Published": "",
  "Referred Links": "http://web.archive.org/web/20001207024400/http://www.yellowstoneparknet.com/history/history_fire.htm;http://www.fs.fed.us/;http://www.fs.fed.us/r1/bitterroot/;",
  "Example": "[Collected via e-mail, 2000] A Once in a Lifetime Photo of a forest fire in Bitterroot Forest/Montana This awsome picture was taken in the Bitterroot National Forest in Montana on August 6, 2000 by a fire behavior analyst from Fairbanks, Alaska by the name of John McColgan with a Digital camera. Since he was working while he took the picture, he cannot sell or profit from it so he should at least be recognized as the photographer of this once in a lifetime shot. Variations: This picture has also been circulated with text identifying it as a photograph of August 2003 forest fires in British Columbia, of October 2007 California wildfires, and of the June 2012 Waldo Canyon Fire in Colorado Springs, Colorado.",
  "Last Updated": "19 September 2014",
  "Credibility": "true",
  "URL": "www.snopes.com/photos/natural/bitterroot.asp",
  "Claim": "Photograph captures wildlife fleeing a fire in Bitterroot Forest, Montana.",
  "Claim_ID": "photos_natural_bitterroot",
  "Tags": "",
  "Google Results": [
    {
      "results": [
        {
          "domain": "www.snopes.com",
          "link": "http://www.snopes.com/photos/natural/bitterroot.asp",
          "link_type": "results"
        },
        {
          "domain": "www.facebook.com",
          "link": "https://www.facebook.com/snopes/posts/511153399029184",
          "link_type": "results"
        },
        {
          "domain": "www.facebook.com",
          "link": "https://www.facebook.com/permalink.php?id=548208428556098&story_fbid=795881977122074",
          "link_type": "results"
        },
        {
          "domain": "twitter.com",
          "link": "https://twitter.com/skepnet/status/218592303542050816",
          "link_type": "results"
        },
        {
          "domain": "www.flickr.com",
          "link": "https://www.flickr.com/photos/catherinetodd/3326323876",
          "link_type": "results"
        },
        {
          "domain": "www.tuneinfo.pk",
          "link": "http://www.tuneinfo.pk/video/1185039/how-to-photograph-fire",
          "link_type": "results"
        },
        {
          "domain": "theatre21.download",
          "link": "http://theatre21.download/bitterroot-forest-fire-deer-elk-by-john-mccolgan",
          "link_type": "results"
        },
        {
          "domain": "www.pinterest.com",
          "link": "https://www.pinterest.com/pin/265923552970251529/",
          "link_type": "results"
        },
        {
          "domain": "camelopardid2.rssing.com",
          "link": "http://camelopardid2.rssing.com/chan-1192507/all_p16.html",
          "link_type": "results"
        },
        {
          "domain": "www.feedsee.com",
          "link": "http://www.feedsee.com/new-urban-legends.html",
          "link_type": "results"
        }
      ]
    },
    {
      "results": [
        {
          "domain": "www.smithsonianmag.com",
          "link": "http://www.smithsonianmag.com/history/the-legacy-of-americas-largest-forest-fire-141413416/",
          "link_type": "results"
        },
        {
          "domain": "bigfootevidence.blogspot.com",
          "link": "http://bigfootevidence.blogspot.com/2011/07/bigfoot-injured-by-forest-fire-was.html",
          "link_type": "results"
        },
        {
          "domain": "www.sjpba.net",
          "link": "http://www.sjpba.net/Farsider/070512.htm",
          "link_type": "results"
        },
        {
          "domain": "www.reddit.com",
          "link": "https://www.reddit.com/r/offbeat/comments/2ba9eq/elk_water_and_fire_photographed_by_john_mccolgan/",
          "link_type": "results"
        },
        {
          "domain": "www.motherjones.com",
          "link": "http://www.motherjones.com/environment/2012/08/major-policy-reversal-us-forest-service-fighting-every-fire-year",
          "link_type": "results"
        },
        {
          "domain": "www.googleadservices.com",
          "link": "http://www.googleadservices.com/pagead/aclk?sa=L&ai=CialH-kimVojhJIep-gPM976gDprE1oIH-uWY3s4ByoqlBQgDEAEoA2DlA5ABAqAB3IPM_gPIAQGqBCdP0H0AMjJ4iUd8h67BkqiNbzRQVmJRO3VpBhpcplhLAPxLa73KpdWIBgGAB4z8swGQBwOoB6a-G9gHAQ&ohost=www.google.com.mx&cid=CAASIuRo3tAzLdjJSeJ6y5MY1tb7JKdkkGqUXH5C58ieXyWocIo&sig=AOD64_3mfR6eBJRhOcwBy5ke9VGJcrawWw&clui=0&q=&ved=0ahUKEwjp58T4rMXKAhVW1mMKHQ0vAtc4ChDRDAhZ&adurl=http://www.wilderness.org",
          "link_type": "ads_main"
        },
        {
          "domain": "www.googleadservices.com",
          "link": "http://www.googleadservices.com/pagead/aclk?sa=L&ai=Cput_-kimVojhJIep-gPM976gDtSd3f0F3Jzc9pYC7taNmgEIAxACKANg5QOQAQKgAdzIk_gDyAEBqgQoT9BtQywye4lGfIeuwZKojWk9CnxiUTt1aQYaXKZYSwD-S2u9xPE1LYgGAYAHjLfsB5AHA6gHpr4b2AcB&ohost=www.google.com.mx&cid=CAASIuRo3tAzLdjJSeJ6y5MY1tb7JKdkkGqUXH5C58ieXyWocIo&sig=AOD64_0DO7Ry8vMtpTqeE-A0pNHa9ot6ww&clui=5&q=&ved=0ahUKEwjp58T4rMXKAhVW1mMKHQ0vAtc4ChDRDAhj&adurl=http://photographerswithoutborders.org",
          "link_type": "ads_main"
        },
        {
          "domain": "www.googleadservices.com",
          "link": "http://www.googleadservices.com/pagead/aclk?sa=L&ai=CHsVr-kimVojhJIep-gPM976gDozLh6cHlLPdnp0C4IyA0l0IAxADKANg5QOQAQKgAZii8PwDyAEBqgQoT9AtNTQyeolHfIeuwZKojUk3BEhiUTt1aQYaXKZYSwD8S2u93OkVLogGAYAH0N2PA5AHA6gHpr4b2AcB&ohost=www.google.com.mx&cid=CAASIuRo3tAzLdjJSeJ6y5MY1tb7JKdkkGqUXH5C58ieXyWocIo&sig=AOD64_3OzAD0CcXTAu6OABtKrtfVZA88ng&clui=10&q=&ved=0ahUKEwjp58T4rMXKAhVW1mMKHQ0vAtc4ChDRDAht&adurl=http://www.sheldrickwildlifetrust.org/asp/gallery.asp",
          "link_type": "ads_main"
        }
      ]
    },
    {
      "results": [
        {
          "domain": "m.flickr.com",
          "link": "https://m.flickr.com/photos/catherinetodd/3326323876/in/favorites-cooldeep/",
          "link_type": "results"
        },
        {
          "domain": "www.theguardian.com",
          "link": "http://www.theguardian.com/environment/gallery/2014/jan/08/satellite-eye-earth-space-pictures",
          "link_type": "results"
        },
        {
          "domain": "www.kfbb.com",
          "link": "http://www.kfbb.com/story/22886050/smoke-from-idaho-wildfire-drifts-into-bitterroot-valley",
          "link_type": "results"
        },
        {
          "domain": "www.desdemonadespair.net",
          "link": "http://www.desdemonadespair.net/2010/12/photo-gallery-50-doomiest-photos-of.html",
          "link_type": "results"
        },
        {
          "domain": "robertlindsay.wordpress.com",
          "link": "https://robertlindsay.wordpress.com/2011/05/13/why-has-no-hunter-ever-shot-and-killed-a-bigfoot/",
          "link_type": "results"
        }
      ]
    }
  ]
}