{
  "Origins": "The pictures of the opulent mansion shown above are all-purpose denigrative images, photos which have been used to document the purported lavish excesses of a number of celebrities and political figures by claiming that they own the luxurious digs pictured here (and purchased the estate with money that would have been better spent relieving the poverty and suffering of their fellow citizens).",
  "Fact Check": "",
  "Description": "In recent years, ownership of this manse has been attributed to former Nigerian military ruler Ibrahim Babangida, Indian film star Shahrukh Khan, Universal Church of the Kingdom of God founder Edir Macedo, the former Secretary of Health Care for Azerbaijan , and Zimbabwean president Robert Mugabe . The latest iteration, from February 2010, is a political smear which sites the mansion in Salt Lake City, Utah, and holds that it belongs to senator (and presidential candidate) Manny Villar of the Philippines (who, like all the other putative owners of the property, is said to wallow in greedy excess while his countrymen are mired in poverty): In a phone interview, Nacionalista Party spokesman Gilbert Remulla downplayed the latest attempt to besmirch the reputation of Villar. \"Who would want to buy a mansion in Salt Lake City? Are there papers to support it?\" he said, adding that there was absolutely no truth to the rumor. He added: \"The campaign being waged by Villar's opponents reaches record lows everyday, starting with the false associations of 'Villaroyo.' It only shows that his opponents are insecure and desperate. We pray that they campaign on platforms and capabilities rather than mudslinging.\" At least one of those who forwarded the e-mail about Villar has apologized. Domingo Guevara Jr. of the Guevara Group of Companies apologized to the Villar camp for forwarding the bogus e-mail to his contacts. He said he issued his apology \"not because I support Villar but I wish to be fair to all concerned.\" In fact, these photographs actually depict a home half a world away from the Philippines, a mansion in the tony Bel Air section of Los Angeles which has been used for location shoots for a number of movies and television programs and has therefore been extensively photographed inside and out.",
  "Originally Published": "",
  "Referred Links": "http://www.onlocation.com/displayimage.asp?searchtype=blueid&blueid=1662;http://www.mannyvillar.com.ph/theman.asp;http://www.travelblog.org/Africa/Zimbabwe/Harare/blog-219289.html;http://englishrussia.com/?p=1209;http://egoexcentrismo.blogspot.com/2008/01/manso-do-bispo-dos-pobres.html;http://www.shareordie.in/shahrukh-khans-residence-mannat/;http://lindaikeji.blogspot.com/2007/10/ibrahim-babagindas-mansion-article-by.html;",
  "Example": "[Collected via e-mail, February 2010] Who owns a house like this?? Imagine who would have such taste and live in such opulence? An American Billionaire? A Saudi Prince? Louis XIV of France ? Savour the pictures then scroll to the bottom of the page to see who owns this Work of Art. This Mansion is in Salt Lake City, Utah, USA and belongs to: Senator Manny Villar of the PHILIPPINES While Filipinos starve, and die because of abject poverty ....and while Sen. Villar brags that he had poor beginnings and he had helped his poor countrymen over and over again... but look now.. he and his family live like this.......his GREED kills his poverty stricken fellow Filipinos PLEASE send this to everyone you know. They can send it to everyone they know. Soon Filipinos around the world will know what this man is doing tothe people he wishes to serve if elected President.",
  "Last Updated": "5 March 2010",
  "Credibility": "false",
  "URL": "www.snopes.com/photos/architecture/belairmansion.asp",
  "Claim": "Photographs show a mansion belonging to Filipino senator Manny Villar.",
  "Claim_ID": "photos_architecture_belairmansion",
  "Tags": "",
  "Google Results": [
    {
      "results": [
        {
          "domain": "www.snopes.com",
          "link": "http://www.snopes.com/photos/architecture/belairmansion.asp",
          "link_type": "results"
        },
        {
          "domain": "www.snopes.com",
          "link": "http://www.snopes.com/photos/architecture/mugabe.asp",
          "link_type": "results"
        },
        {
          "domain": "philurbanlegends.blogspot.com",
          "link": "http://philurbanlegends.blogspot.com/2012/06/hoax-of-manny-villars-us-mansion-i-am.html",
          "link_type": "results"
        },
        {
          "domain": "www.youtube.com",
          "link": "https://www.youtube.com/watch?v=SDyoBAap33M",
          "link_type": "results"
        },
        {
          "domain": "www.opendbteam.com",
          "link": "http://www.opendbteam.com/mugabe-house-pics.html",
          "link_type": "results"
        },
        {
          "domain": "en.wikipedia.org",
          "link": "https://en.wikipedia.org/wiki/Manny_Villar",
          "link_type": "results"
        },
        {
          "domain": "www.facebook.com",
          "link": "https://www.facebook.com/permalink.php?story_fbid=173531406007339&id=123983864281191",
          "link_type": "results"
        },
        {
          "domain": "www.facebook.com",
          "link": "https://www.facebook.com/permalink.php?story_fbid=219074328163837&id=169357116425347&stream_ref=10",
          "link_type": "results"
        },
        {
          "domain": "lengthphotos.indexbuzz.net",
          "link": "http://lengthphotos.indexbuzz.net/lengthphotos/4035069/mugabe_mansion",
          "link_type": "results"
        },
        {
          "domain": "groups.yahoo.com",
          "link": "https://groups.yahoo.com/neo/groups/Villaluz-Zurita/conversations/topics/243",
          "link_type": "results"
        }
      ]
    },
    {
      "results": [
        {
          "domain": "pinoysijuan.blogspot.com",
          "link": "http://pinoysijuan.blogspot.com/2010/03/five-of-diamonds.html",
          "link_type": "results"
        },
        {
          "domain": "pepperyhot.blogspot.com",
          "link": "http://pepperyhot.blogspot.com/2010/02/mansions-of-manny-villar.html",
          "link_type": "results"
        },
        {
          "domain": "www.hauntedamericatours.com",
          "link": "http://www.hauntedamericatours.com/ghosthunting/phillipines.php",
          "link_type": "results"
        },
        {
          "domain": "espiya.net",
          "link": "http://espiya.net/forum/index.php?topic=112713.0",
          "link_type": "results"
        },
        {
          "domain": "bongaustero.blogspot.com",
          "link": "http://bongaustero.blogspot.com/2010_02_01_archive.html",
          "link_type": "results"
        },
        {
          "domain": "www.philippinefailblog.com",
          "link": "http://www.philippinefailblog.com/do-filipinos-have-the-ability-to-feel-guilt-shame-empathy-embarrassment/",
          "link_type": "results"
        },
        {
          "domain": "filipinogerman.blogsport.eu",
          "link": "http://filipinogerman.blogsport.eu/philippine-history-part-iii-nation-section-2-marcos-period/",
          "link_type": "results"
        },
        {
          "domain": "thepoc.net",
          "link": "http://thepoc.net/index.php/villarroyo-black-propaganda-and-negative-campaigning/",
          "link_type": "results"
        },
        {
          "domain": "beginer-aling.blogspot.com",
          "link": "http://beginer-aling.blogspot.com/2012_06_01_archive.html",
          "link_type": "results"
        }
      ]
    },
    {
      "results": [
        {
          "domain": "documents.mx",
          "link": "http://documents.mx/documents/political-dynasty-families.html",
          "link_type": "results"
        },
        {
          "domain": "opinion.inquirer.net",
          "link": "http://opinion.inquirer.net/75081/janet-napoless-other-scam",
          "link_type": "results"
        },
        {
          "domain": "www.mindanews.com",
          "link": "http://www.mindanews.com/maguindanao-watch/2012/11/22/andal-ampatuan-jr-sells-8-big-properties-72-ampatuans-running-in-2013/",
          "link_type": "results"
        },
        {
          "domain": "joeam.com",
          "link": "http://joeam.com/2014/10/02/is-grace-poe-just-an-ordinary-trapo/",
          "link_type": "results"
        },
        {
          "domain": "www.newsflash.org",
          "link": "http://www.newsflash.org/sbframe.htm",
          "link_type": "results"
        },
        {
          "domain": "www.francescainfrance.com",
          "link": "http://www.francescainfrance.com/2010_02_01_archive.html",
          "link_type": "results"
        },
        {
          "domain": "www.atimes.com",
          "link": "http://www.atimes.com/atimes/Southeast_Asia/HF02Ae04.html",
          "link_type": "results"
        },
        {
          "domain": "www.pep.ph",
          "link": "http://www.pep.ph/photos/922/Inah_Revilla-Vince_del_Rosario_wedding/num/1/252",
          "link_type": "results"
        },
        {
          "domain": "www.pep.ph",
          "link": "http://www.pep.ph/photos/922/Tears-flow",
          "link_type": "results"
        },
        {
          "domain": "bulatlat.com",
          "link": "http://bulatlat.com/main/2013/06/19/part-3/",
          "link_type": "results"
        }
      ]
    }
  ]
}