{
  "Origins": "This dramatic video clip of an air race pilot's making a safe landing after his plane lost a wing during aerobatic maneuvers hit the Internet in October 2008. The pilot of the plane shown in the clip was identified as James Andersson, whose web site touted him as a former Royal Air Force pilot who now engaged in air races and stunt aviation.",
  "Fact Check": "",
  "Description": "However, rather than this being a video record of a real incident in which superior piloting skill avoided an almost certain fatal disaster, multiple signs indicated the clip was a digitally produced viral video promotion for the German clothing company killathrill . For starters, when this video suddenly appeared on the Internet, there were no news stories or other sources documenting or discussing the remarkable event it supposedly captured. Furthermore, information about James Andersson's supposed past feats of aviation prowess and his long involvement in stunt flying and air races was virtually non-existent outside of his own web site, which (aside from a short biography) included little content other than this \"one-wing landing\" clip and another interview clip of him discussing the incident. The killathrill brand of clothing was all over the place, though: Its name appeared prominently on the fuselage and wings of the airplane shown in the \"one-wing\" clip, on the jacket Andersson wore during in interview clip, and on Andersson's web site. Moreover, the domain name for Andersson's web site (jamesandersson.com) had been registered just a few weeks before this video hit the Internet, and the registration listed Sandra Thielecke as the domain name owner the same Sandra Thielecke who just happened to be a managing director at killathrill. Coincidence? We think not. The clip was produced by JOTZ! Film through editing techniques and digital manipulation that used video of a smaller, remote-controlled aircraft melded with footage of a real airplane, as shown in the following \"making of\" video: The Dutch travel company X-Travel used a similar \"remarkable airplane landing\" gimmick in an earlier promotion:",
  "Originally Published": "",
  "Referred Links": "http://www.jotzfilm.com/work/online/;http://www.jamesandersson.com/video01.html;http://www.killathrill.com;http://www.jamesandersson.com/index.html;",
  "Example": "[Collected via e-mail, November 2008] Could not find any reference to this clip on your website - Just find it difficult to believe that it is authentic .",
  "Last Updated": "7 July 2014",
  "Credibility": "false",
  "URL": "www.snopes.com/photos/airplane/onewing.asp",
  "Claim": "Video clip shows an airplane making a safe landing after losing a wing.",
  "Claim_ID": "photos_airplane_onewing",
  "Tags": "",
  "Google Results": [
    {
      "results": [
        {
          "domain": "www.youtube.com",
          "link": "https://www.youtube.com/watch?v=I89EMDZ0dsc",
          "link_type": "results"
        },
        {
          "domain": "www.youtube.com",
          "link": "https://www.youtube.com/watch?v=naSZBdJoEbM",
          "link_type": "results"
        },
        {
          "domain": "www.youtube.com",
          "link": "https://www.youtube.com/watch?v=K5uVaG9k6kw",
          "link_type": "results"
        },
        {
          "domain": "www.snopes.com",
          "link": "http://www.snopes.com/photos/airplane/onewing.asp",
          "link_type": "results"
        },
        {
          "domain": "www.hoax-slayer.com",
          "link": "http://www.hoax-slayer.com/one-wing-plane-landing-video.shtml",
          "link_type": "results"
        },
        {
          "domain": "rogerdodgeraviation.blogspot.com",
          "link": "http://rogerdodgeraviation.blogspot.com/2008/10/fake-video-plane-lands-after-losing.html",
          "link_type": "results"
        },
        {
          "domain": "www.facebook.com",
          "link": "https://www.facebook.com/snopes/posts/469225973221927",
          "link_type": "results"
        },
        {
          "domain": "www.facebook.com",
          "link": "https://www.facebook.com/snopes/posts/209817122551443",
          "link_type": "results"
        },
        {
          "domain": "www.fark.com",
          "link": "http://www.fark.com/comments/3988931/Stunt-plane-loses-a-wing-authenticity-determined-by-pixels",
          "link_type": "results"
        },
        {
          "domain": "answers.yahoo.com",
          "link": "https://answers.yahoo.com/question/index?qid=20081030140510AAqZPAb",
          "link_type": "results"
        }
      ]
    },
    {
      "results": [
        {
          "domain": "www.telegraph.co.uk",
          "link": "http://www.telegraph.co.uk/news/uknews/3458590/Video-of-pilot-landing-his-one-winged-plane-becomes-YouTube-hit.html",
          "link_type": "results"
        },
        {
          "domain": "slamet.xyz",
          "link": "http://slamet.xyz/music/mp3/download/one-wing-landing.html",
          "link_type": "results"
        },
        {
          "domain": "www.dailymail.co.uk",
          "link": "http://www.dailymail.co.uk/travel/travel_news/article-3226606/So-S-happens-plane-dumps-fuel-Video-shows-aircraft-ensures-make-safe-emergency-landing.html",
          "link_type": "results"
        },
        {
          "domain": "www.dailymail.co.uk",
          "link": "http://www.dailymail.co.uk/news/article-3315228/Plane-makes-emergency-landing-passenger-spots-fuel-pouring-wing.html",
          "link_type": "results"
        },
        {
          "domain": "en.wikipedia.org",
          "link": "https://en.wikipedia.org/wiki/List_of_air_show_accidents_and_incidents",
          "link_type": "results"
        },
        {
          "domain": "www.ar15.com",
          "link": "http://www.ar15.com/archive/topic.html?b=1&f=5&t=792236",
          "link_type": "results"
        },
        {
          "domain": "m.delphiforums.com",
          "link": "http://m.delphiforums.com/newtish/messages/46433/236",
          "link_type": "results"
        },
        {
          "domain": "www.jonjonesmusic.com",
          "link": "http://www.jonjonesmusic.com/view-from-an-airplane.html",
          "link_type": "results"
        },
        {
          "domain": "fearoflanding.com",
          "link": "http://fearoflanding.com/accidents/accident-reports/the-wings-fell-off/",
          "link_type": "results"
        },
        {
          "domain": "www.military.com",
          "link": "http://www.military.com/video/military-aircraft-operations/crash-landings/f-15-one-wing-miracle-landing/660534011001",
          "link_type": "results"
        }
      ]
    },
    {
      "results": [
        {
          "domain": "results.uhostall.com.leechlink.net",
          "link": "http://results.uhostall.com.leechlink.net/cari/Real_Airplane_Crash_Videos.html",
          "link_type": "results"
        },
        {
          "domain": "registrarleader.com",
          "link": "http://registrarleader.com/2016/01/19/a-wing-and-a-prayer/",
          "link_type": "results"
        },
        {
          "domain": "disqus.com",
          "link": "https://disqus.com/home/discussion/hoax-slayer/one_wing_plane_landing_best_air_race_pilot_ever_video/",
          "link_type": "results"
        },
        {
          "domain": "www.nomadicmatt.com",
          "link": "http://www.nomadicmatt.com/travel-blogs/cabin-pressurization/",
          "link_type": "results"
        },
        {
          "domain": "www.1001crash.com",
          "link": "http://www.1001crash.com/index-page-video-lg-2.html",
          "link_type": "results"
        },
        {
          "domain": "abcnews.go.com",
          "link": "http://abcnews.go.com/US/plane-makes-emergency-landing-passenger-spots-fuel-leaking/story?id=35134132",
          "link_type": "results"
        },
        {
          "domain": "www.pinterest.com",
          "link": "https://www.pinterest.com/pin/211950726185497954/",
          "link_type": "results"
        },
        {
          "domain": "www.huffingtonpost.com",
          "link": "http://www.huffingtonpost.com/2015/06/22/cat-takes-ride-on-plane_n_7640062.html",
          "link_type": "results"
        },
        {
          "domain": "www.soaringsafety.org",
          "link": "http://www.soaringsafety.org/learning/FSvideos.html",
          "link_type": "results"
        },
        {
          "domain": "flyawaysimulation.com",
          "link": "https://flyawaysimulation.com/news/4500/",
          "link_type": "results"
        }
      ]
    }
  ]
}