{
  "Origins": "The text on the sign shown in the above picture reads:",
  "Fact Check": "",
  "Description": "The legend underneath advises readers that the sign was \"Authorized and paid for by the Funeral Directors Association\" and urges them to \"Support your local funeral home. We gotta eat too, you know.\" All of this, accompanied by the image of a happy face inside a hangman's noose, was a bit too much for some viewers to take, prompting them to send us inquiries asking who could have been so heartless and cruel as to create and allow the display of such a sign. As usual, context is king. This isn't a sign that was actually displayed in any U.S. city; it's an entry from a 2005 Worth1000.com Photoshop contest challenging participants to come up with the most creative Public Harm Announcement (i.e., \"the opposite of a public safety announcement\"). This entry, which was based on an iStockphoto of a billboard on a building, was the 2nd place finisher.",
  "Originally Published": "",
  "Referred Links": "http://fx.worth1000.com/entries/201951/suicide;http://www.istockphoto.com/stock-photo-249682-billboard-on-building.asp;http://fx.worth1000.com/contests/6342/public-harm-announcement-7;",
  "Example": "[Collected via e-mail, January 2012] Is this billboard real? I just can't imagine any humanely moral city allowing that to be posted.",
  "Last Updated": "16 July 2015",
  "Credibility": "false",
  "URL": "www.snopes.com/photos/signs/suicide.asp",
  "Claim": "Billboard sponsored by the Funeral Directors Association urges viewers to commit suicide.",
  "Claim_ID": "photos_signs_suicide",
  "Tags": "",
  "Google Results": [
    {
      "results": [
        {
          "domain": "www.snopes.com",
          "link": "http://www.snopes.com/photos/signs/suicide.asp",
          "link_type": "results"
        },
        {
          "domain": "twitter.com",
          "link": "https://twitter.com/snopes/status/159124483762954240",
          "link_type": "results"
        },
        {
          "domain": "www.mandatory.com",
          "link": "http://www.mandatory.com/2014/04/29/the-best-snopes-false-urban-myths/",
          "link_type": "results"
        },
        {
          "domain": "camelopardid2.rssing.com",
          "link": "http://camelopardid2.rssing.com/chan-1192507/all_p6.html",
          "link_type": "results"
        },
        {
          "domain": "meloplasty3.rssing.com",
          "link": "http://meloplasty3.rssing.com/chan-3312089/all_p182.html",
          "link_type": "results"
        },
        {
          "domain": "www.sjpba.net",
          "link": "http://www.sjpba.net/Farsider/011912.htm",
          "link_type": "results"
        },
        {
          "domain": "writ.news.findlaw.com",
          "link": "http://writ.news.findlaw.com/",
          "link_type": "results"
        },
        {
          "domain": "timesofindia.indiatimes.com",
          "link": "http://timesofindia.indiatimes.com/2015/9/30/archivelist/year-2015,month-9,starttime-42277.cms",
          "link_type": "results"
        },
        {
          "domain": "www.congress.gov",
          "link": "https://www.congress.gov/congressional-report/107th-congress/senate-report/158/2",
          "link_type": "results"
        },
        {
          "domain": "www.justinaoladele.com",
          "link": "http://www.justinaoladele.com/2015_04_01_archive.html",
          "link_type": "results"
        }
      ]
    },
    {
      "results": [
        {
          "domain": "www.googleadservices.com",
          "link": "http://www.googleadservices.com/pagead/aclk?sa=L&ai=CbAkR-sKiVqGGPIjQpgPs6pu4AqK_yuEI2tzkxocBg-X8EQgDEAFg5YOAgKgWkAECoAGWv5LeA8gBAaoEJU_Q9MGsnncBRcGY2hEW5JUAXFKwNu3b9lHhaYg_WwD4MabPoIqIBgGAB9LA7SGQBwOoB6a-G9gHAQ&ohost=www.google.com.mx&cid=CAASIuRocr8knBWbScvf8UEiEb6HIN8UXO-Ph8eQZPJVFztPaa8&sig=AOD64_1lk9Y2z1s2h8c2UvY5OiTuDCsX4w&clui=0&q=&ved=0ahUKEwiOkKTd0L7KAhUDs4MKHaroDKU4ChDRDAhK&adurl=http://www.naturaldeath.org.uk",
          "link_type": "ads_main"
        },
        {
          "domain": "www.dailymail.co.uk",
          "link": "http://www.dailymail.co.uk/home/sitemaparchive/day_20150212.html",
          "link_type": "results"
        },
        {
          "domain": "www.humanlifereview.com",
          "link": "http://www.humanlifereview.com/issue/spring-2007/",
          "link_type": "results"
        },
        {
          "domain": "archive.org",
          "link": "https://archive.org/stream/newsmenatwork030167mbp/newsmenatwork030167mbp_djvu.txt",
          "link_type": "results"
        },
        {
          "domain": "www.courthousenews.com",
          "link": "http://www.courthousenews.com/CNSNEWS/Search?Author=Jack%20Bouboushian&doSearch=1",
          "link_type": "results"
        },
        {
          "domain": "billstamets.com",
          "link": "http://billstamets.com/",
          "link_type": "results"
        },
        {
          "domain": "www.ahmadiyya.us",
          "link": "http://www.ahmadiyya.us/sitemap",
          "link_type": "results"
        },
        {
          "domain": "www.thirteen.org",
          "link": "http://www.thirteen.org/baker/category/media-briefing/page/47/",
          "link_type": "results"
        },
        {
          "domain": "bulk.resource.org",
          "link": "https://bulk.resource.org/gpo.gov/reports/107/sr158v2.107.txt",
          "link_type": "results"
        },
        {
          "domain": "publishing.cdlib.org",
          "link": "http://publishing.cdlib.org/ucpressebooks/view?docId=ft8k4008kx;chunk.id=0;doc.view=print",
          "link_type": "results"
        },
        {
          "domain": "www.calameo.com",
          "link": "http://www.calameo.com/books/0039709878dbaf0a0aef0",
          "link_type": "results"
        }
      ]
    },
    {
      "results": [
        {
          "domain": "www.location1.org",
          "link": "http://www.location1.org/search/viewer/feed/rss2/",
          "link_type": "results"
        },
        {
          "domain": "nlp.stanford.edu",
          "link": "http://nlp.stanford.edu/projects/infer/data/byformat/rte-plaintext/rte.txt.downcase",
          "link_type": "results"
        },
        {
          "domain": "www.heal-online.org",
          "link": "http://www.heal-online.org/humannews.htm",
          "link_type": "results"
        },
        {
          "domain": "grepcode.com",
          "link": "http://grepcode.com/file/repo1.maven.org/maven2/eu.tekul/szxcvbn_2.9.2/0.1/english.txt",
          "link_type": "results"
        },
        {
          "domain": "leasingnews.org",
          "link": "http://leasingnews.org/archives/May2012/5_04.htm",
          "link_type": "results"
        },
        {
          "domain": "en.wikipedia.org",
          "link": "https://en.wikipedia.org/wiki/December_1963",
          "link_type": "results"
        },
        {
          "domain": "moviecitynews.com",
          "link": "http://moviecitynews.com/author/gary-dretzka/page/3/?keepThis=true&amp;TB___",
          "link_type": "results"
        },
        {
          "domain": "www.aparchive.com",
          "link": "http://www.aparchive.com/search?query=MIDDLE%20EAST&allFilters=Crime:Subject,IRAQ:Keyword,Children:Subject,DESERTS:Keyword",
          "link_type": "results"
        }
      ]
    }
  ]
}