{
  "Origins": "The photograph displayed above is genuine and shows Warrant Officer 1 Brook Turner tending a plot of grass with a pair of scissors at a military post north of Baghdad. The picture was taken by Staff Sgt. Mark Grimshaw in mid-July 2004, but evidently a problem with the camera's batteries caused the date/time stamp shown on the picture to reset to an earlier date rather than reflecting the date the photo was actually taken.",
  "Fact Check": "",
  "Description": "According to the Salem Statesman Journal : [Turner] asked his wife to send him some grass seed because he missed the green he was accustomed to in Hawaii and before that in Oregon. Kim Turner was happy to send her husband a little slice of home. She bought a packet of grass seed and a small hoe and mailed them with other goodies in a care box. Brook prepared a spot behind the single-wide trailer he shares with a few other soldiers, lining the 3-foot-by-7-foot area with large rocks and adding some dirt. As soon as the seed arrived, he planted it. He knew keeping the seed moist would be a challenge in the 125-degree heat. His fellow soldiers teased him about his failed project, but he was determined to grow a patch of grass. He talked with some Iraqis civilians authorized to be on post, and arranged to buy some sod. He purchased seven 1-foot-by-3-foot patches. Turner watered his lawn three times a day. He used a 5-gallon jug he filled in the bathroom, where the camp has running water. Planting plots of grass are just one of many ways soldiers decorate their tents at other arid U.S. military outposts in the Middle East, including this example of a similar grass plot grown alongside a tent at Al Udeid Air Base in Doha, Qatar: (Click to enlarge) A former staff sergeant with the United States Air Force wrote to tell us: The grass patch [just above] is located at the recently declassified Air Force base in Qatar, known as Al Udeid. I lived three months of my life (fall of 2002) two tent rows from that grass. It was the only grass on the whole base, and though I don't know who planted it originally I do know that the soldiers who rotated through that tent each became caretakers of it. They watered it from their water bottles, trimmed the grass with scissors (as seen in the photo) and kept it shaded in the summer with a tarp awning over the front of the tent (many of the tents had such awnings, but this tent had a more elaborate one while I was there) to protect it from the 135+ degree summer sun. The grass is real, and really is a comment on how we (US soldiers) work to make the best of things when we deploy in defense of ourcountry and your freedom.",
  "Originally Published": "",
  "Referred Links": "http://www.weekspace.com/Qatar/qindex.htm;http://www.weekspace.com/Qatar/moredecoratedtents.htm;",
  "Example": "[Collected on the Internet, 2004] Sometimes the little things we take for granted Priceless Here is a soldier stationed in Iraq, stationed in a big sand box he asked his wife to send him dirt, fertilizer and some grass seeds so he can have the sweet aroma and feel the grass grow beneath his feet. If you notice, he is even cutting the grass with a pair of scissors. Sometimes we are in such a hurry that we don't stop and think about the little things that we take for granted. Upon receiving this, please say a prayer for our soldiers that give (and give up) so unselfishly for us. You don't have to send this on, but who wouldn't...? (Click to enlarge)",
  "Last Updated": "31 December 2004",
  "Credibility": "true",
  "URL": "www.snopes.com/photos/military/grass.asp",
  "Claim": "Photograph shows U.S. soldier in Iraq growing grass from gardening supplies sent by his wife.",
  "Claim_ID": "photos_military_grass",
  "Tags": "",
  "Google Results": [
    {
      "results": [
        {
          "domain": "www.snopes.com",
          "link": "http://www.snopes.com/photos/military/grass.asp",
          "link_type": "results"
        },
        {
          "domain": "www.snopes.com",
          "link": "http://www.snopes.com/photos/military/military.asp",
          "link_type": "results"
        },
        {
          "domain": "www.yavuzselimsen.com.tr",
          "link": "http://www.yavuzselimsen.com.tr/yavuzselimsen/lil-green-patch-hoax-meaning.php",
          "link_type": "results"
        },
        {
          "domain": "www.inspirationline.com",
          "link": "http://www.inspirationline.com/WebWise/FEBRUARY.htm",
          "link_type": "results"
        },
        {
          "domain": "www.inspirationline.com",
          "link": "http://www.inspirationline.com/WebWise/NOVEMBER.htm",
          "link_type": "results"
        },
        {
          "domain": "www.pinterest.com",
          "link": "https://www.pinterest.com/pin/125749014566578134/",
          "link_type": "results"
        },
        {
          "domain": "www.pinterest.com",
          "link": "https://www.pinterest.com/pin/208502657719471212/",
          "link_type": "results"
        },
        {
          "domain": "www.instructables.com",
          "link": "http://www.instructables.com/id/How-to-grow-flowers-on-a-military-base-in-Iraq/",
          "link_type": "results"
        },
        {
          "domain": "dm065.blogspot.com",
          "link": "http://dm065.blogspot.com/2004/10/buzz-weekly-junkettes_23.html",
          "link_type": "results"
        },
        {
          "domain": "sbhhq1bq5dkuv.ga",
          "link": "http://sbhhq1bq5dkuv.ga/page/true_religion_patches/",
          "link_type": "results"
        },
        {
          "domain": "",
          "link": "/aclk?sa=L&ai=CauQr21-jVvCdFI_gpAOBva9g_KTUlwXsiPi8uALYoMHiBQgDEAEoAmDlA8gBAaoEKE_QcBLZzFwdzgboWOahjg5Ov_fP67J3ukK4sC_38zFOhTwuFwc30viAB8TcwzOQBwOoB6a-G9gHAQ&sig=AOD64_0h8oGWzVAmbDEomI1fzeqyHK9CDA&clui=0&q=&ved=0ahUKEwirqJ-r5r_KAhVEtYMKHdOiBD8Q0QwIQg&adurl=http://info.dogpile.com/dogpl.305.07/search/web%3Fq%3Dpictures%2Bof%2Bgrasses%26ad.network%3Dg%26ad.keyword%3Dpictures%2520of%2520grasses%26ad.creative%3D83879648524%26ad.position%3D1o1%26ad.placement%3D%26ad.matchtype%3Db%26ad.aceid%3D%26ad.ismobile%3D%26ad.device%3Dc%26ad.devicemodel%3D%26ad.adgroupid%3D14219190724%26cid%3D206331484%26ad.segment%3Ddogpl.305.07",
          "link_type": "ads_main"
        },
        {
          "domain": "",
          "link": "/aclk?sa=l&ai=Ca-Hb21-jVvCdFI_gpAOBva9g_4T95wf_mJmeEvOtqp0BCAMQAigCYOUDoAGZr5P8A8gBAaoEKE_QEBWHzF8dzgboWOahjg59-Zyt67J3ukK4sC_38zFOhTwuFwBl4smAB8_Q7AOQBwOoB6a-G9gHAQ&sig=AOD64_0Ge9MhIZ-DRyBWFUhNLqVjFSUU7Q&clui=2&q=&ved=0ahUKEwirqJ-r5r_KAhVEtYMKHdOiBD8Q0QwISA&adurl=http://www.cfr.org/publication/18876/timeline.html",
          "link_type": "ads_main"
        }
      ]
    },
    {
      "results": [
        {
          "domain": "avawodow.opx.pl",
          "link": "http://avawodow.opx.pl/solider-plants-us-grass-in-iraq.php",
          "link_type": "results"
        },
        {
          "domain": "www.npr.org",
          "link": "http://www.npr.org/2006/05/29/5435131/tending-defiant-gardens-during-wartime",
          "link_type": "results"
        },
        {
          "domain": "www.dailymail.co.uk",
          "link": "http://www.dailymail.co.uk/news/article-2367436/Fukushima-mutant-vegetable-images-sweep-region-years-nuclear-disaster.html",
          "link_type": "results"
        },
        {
          "domain": "www.dailymail.co.uk",
          "link": "http://www.dailymail.co.uk/femail/article-1034538/Graffiti-artist-Banksy-unmasked---public-schoolboy-middle-class-suburbia.html",
          "link_type": "results"
        },
        {
          "domain": "s.telegraph.co.uk",
          "link": "http://s.telegraph.co.uk/graphics/projects/afghanistan-war-memorial-uk/",
          "link_type": "results"
        },
        {
          "domain": "www.encyclopedia.com",
          "link": "http://www.encyclopedia.com/topic/Netherlands.aspx",
          "link_type": "results"
        },
        {
          "domain": "en.wikipedia.org",
          "link": "https://en.wikipedia.org/wiki/Cougar_Town",
          "link_type": "results"
        },
        {
          "domain": "www.newyorker.com",
          "link": "http://www.newyorker.com/magazine/2011/01/17/death-of-the-tiger",
          "link_type": "results"
        },
        {
          "domain": "www.smithsonianmag.com",
          "link": "http://www.smithsonianmag.com/arts-culture/sebastiao-salgado-forest-trees-180956620/",
          "link_type": "results"
        },
        {
          "domain": "www.theguardian.com",
          "link": "http://www.theguardian.com/environment/2009/feb/22/lawrence-anthony-conservationist",
          "link_type": "results"
        },
        {
          "domain": "",
          "link": "/aclk?sa=L&ai=CaCSY3l-jVtXEBpSPpgOivIf4Deu-osEGs_ygjoUCmu3B6gcIAxABKAJg5QOQAQLIAQGqBCVP0BQ2WsfhP_NnMZkCBFtDcsB9_aTlxGzBxWT8z7OOW9Ey7W3igAfz2rg6kAcDqAemvhvYBwE&sig=AOD64_0UCyy_OAZRhaDvRv98YWhx_h_Uyg&clui=0&q=&ved=0ahUKEwjxg8ms5r_KAhWjtIMKHYoCDHc4ChDRDAhS&adurl=http://openfarm.cc",
          "link_type": "ads_main"
        },
        {
          "domain": "",
          "link": "/aclk?sa=l&ai=CSpnC3l-jVtXEBpSPpgOivIf4DYj9gIUJ8O-J-rYB097qBggDEAIoAmDlA5ABAqABmNHN0APIAQGqBCVP0ERadcfiP_NnMZkCJ3AFQcB9_aTlxGzBxWT8z7OOW9FhxGH2gAfQrrIvkAcDqAemvhvYBwE&sig=AOD64_39CN4YHIIOzYEoWb65QPh7k8ZN_A&clui=1&q=&ved=0ahUKEwjxg8ms5r_KAhWjtIMKHYoCDHc4ChDRDAhX&adurl=http://myarmswideopen.org/causes/my-world-my-garden.html",
          "link_type": "ads_main"
        }
      ]
    },
    {
      "results": [
        {
          "domain": "weaverofgrass.blogspot.com",
          "link": "http://weaverofgrass.blogspot.com/2009_07_01_archive.html",
          "link_type": "results"
        },
        {
          "domain": "www.theatlantic.com",
          "link": "http://www.theatlantic.com/magazine/archive/2003/12/the-backside-of-war/302843/",
          "link_type": "results"
        },
        {
          "domain": "www.archives.gov",
          "link": "http://www.archives.gov/research/guides/still-pictures-guide.html",
          "link_type": "results"
        },
        {
          "domain": "www.pbs.org",
          "link": "http://www.pbs.org/wgbh/pages/frontline/shows/heart/readings/lit.html",
          "link_type": "results"
        },
        {
          "domain": "www.fao.org",
          "link": "http://www.fao.org/docrep/x5382e/x5382e0a.htm",
          "link_type": "results"
        },
        {
          "domain": "www.panthersupply.com",
          "link": "http://www.panthersupply.com/newsletter.asp",
          "link_type": "results"
        },
        {
          "domain": "www.guernicamag.com",
          "link": "https://www.guernicamag.com/features/scott_johnson_iraq_8_1_11/",
          "link_type": "results"
        },
        {
          "domain": "fawyyiwun.hostme43.com",
          "link": "http://fawyyiwun.hostme43.com/830.php",
          "link_type": "results"
        },
        {
          "domain": "yepuhub.9jelly.com",
          "link": "http://yepuhub.9jelly.com/349.php",
          "link_type": "results"
        }
      ]
    }
  ]
}