{
  "Origins": "In recent years medical authorities have tried to impress more and more upon pregnant women the importance of being careful about what they ingest (especially in the early states of pregnancy). What's good for a pregnant mother isn't necessarily good for the child she carries; substances that an adult woman can tolerate without harm may still have deleterious effects on a fetus. Two activities pregnant women are strongly urged to avoid are smoking cigarettes and drinking alcoholic beverages, to the extent that those two products now carry government-mandated warning labels directed at mothers-to-be:",
  "Fact Check": "",
  "Description": "In this context, many people found it anything from puzzling to ludicrous to see a newspaper photograph of a woman expressing concern about the effect of jackhammer noise on her unborn child while visibly puffing away on a cigarette. So much so that quite a few readers believed the picture to be part of a phony, mocked-up newspaper article, but it was the real thing. The photograph accompanied a 20 September 2004 article published by the Times of Roanoke, Virginia, about complaints over a road construction project which had been disrupting traffic in that town: Traffic-calming efforts along Bullitt Avenue Southeast are making Robert Parsley furious. Parsley, 44, said he has lived in Southeast Roanoke all of his life and has witnessed many changes. But this current construction project, Parsley said, \"is the dumbest thing the city has ever done.\" Complaints from both residents and drivers about traffic on Bullitt Avenue from Sixth to Ninth streets have been \"numerous,\" said Mark Jamison, the city's traffic engineer. The article included a picture of an obviously pregnant woman holding a cigarette above the following caption: Mellisa Williamson, 35. a Bullitt Avenue resident, worries about the effect on her unborn child from the sound of jackhammers. The perceived disparity between Ms. Williamson's words and her actions didn't escape notice, as scanned copies of the Roanoke Times article in which she appeared began circulating on the Internet, most of them featuring a variety of snide, reader-added comments. Within a few days the photograph had sparked so much controversy that Roanoke Times columnist Joe Kennedy penned an article about it the following week: Mellissa Williamson came to her door smoking a cigarette Thursday morning. It was a sign that the Southeast Roanoke woman didn't know or didn't care about the furor her photograph had ignited since it appeared in The Roanoke Times on Sept. 20. The photo showed her seven months pregnant and smoking a cigarette. It accompanied a story about unpopular \"traffic-calming\" measures under way on Bullitt Avenue, where she lives. The caption said she worries about the effect of jackhammer noise on her unborn child. She couldn't have touched off a controversy more quickly if she'd called President Bush an Islamic extremist. Dozens of calls and e-mails came to The Roanoke Times impugning her reputation and criticizing the paper for printing the photo. It glamorized or promoted smoking while pregnant, some people said. At least one syndicated talk radio host mentioned it, and the picture proliferated on Web sites, with the caption and some wise remark like, \"Yeah, the noise is what the baby needs to fear.\" Williamson said she knows smoking is bad because people have criticized her since she took up the practice 20 years ago. \"I really don't pay that much attention to it,\" she said. \"If people don't like it, that's their opinion. They've got theirs and I've got mine.\" She has tried every way to quit without success, she said. As for smoking while pregnant, she said her doctor told her \"it would be good if I cut back, but if I totally quit, it would not only cause stress on me but it would cause stress on the baby.\" Joe Kennedy visited with Mellissa Williamson and her partner and their new son a few months later: I dropped in at the apartment that Williamson and Emmett Muse Jr. share in a house on Bullitt Avenue Southeast. She was in the front room, dressed in a red sweat shirt and white pants and holding Emmett Muse III the baby she bore at 1:15 a.m. on Nov. 15. Emmett III weighed 5 pounds, 2 ounces at birth and measured 18.5 inches in length. He arrived one day early. He is up to 6 pounds now and doing well, she said. She and Muse, her partner for two years, had a good Thanksgiving, and they anticipate a good Christmas. Muse is 49, a big man in a camouflage jacket who has applied for disability because of a back injury he suffered in car wreck several years ago. Williamson, 35, is a small woman who worked at a fast-food restaurant until after she became pregnant. She is unemployed and on public assistance. Clearly the couple is thrilled by their newborn Emmett's first child and Mellisa's second. She and Muse said they hope to marry in January. Despite [the couple's] smoking, their apartment did not smell of smoke. \"We don't allow no smoking in the house at all,\" Muse said, emphatically. \"Cigarettes are a habit my son will never pick up.\"",
  "Originally Published": "",
  "Referred Links": "http://www.roanoke.com/columnists/kennedy/11293.html;",
  "Example": "[Collected via e-mail, July 2012] Is this newspaper clip real?",
  "Last Updated": "6 June 2013",
  "Credibility": "true",
  "URL": "www.snopes.com/photos/signs/pregnant.asp",
  "Claim": "Newspaper photograph shows a pregnant, cigarette-smoking woman worrying about the effect of construction noise on her unborn child.",
  "Claim_ID": "photos_signs_pregnant",
  "Tags": "",
  "Google Results": [
    {
      "results": [
        {
          "domain": "www.snopes.com",
          "link": "http://www.snopes.com/photos/signs/pregnant.asp",
          "link_type": "results"
        },
        {
          "domain": "www.snopes.com",
          "link": "http://www.snopes.com/photos/signs/signs.asp",
          "link_type": "results"
        },
        {
          "domain": "www.bukuhp.com",
          "link": "http://www.bukuhp.com/pregnant-women-smoking",
          "link_type": "results"
        },
        {
          "domain": "www.bukuhp.com",
          "link": "http://www.bukuhp.com/pregnant-woman-smoking",
          "link_type": "results"
        },
        {
          "domain": "letschatmusic.com",
          "link": "http://letschatmusic.com/get/190677383/cigarette-baby.html",
          "link_type": "results"
        },
        {
          "domain": "duringpregnancy.space",
          "link": "http://duringpregnancy.space/photo-pregnant-woman/",
          "link_type": "results"
        },
        {
          "domain": "mock-the-stupid.livejournal.com",
          "link": "http://mock-the-stupid.livejournal.com/1396215.html?nojs=1",
          "link_type": "results"
        },
        {
          "domain": "recipesidea.tk",
          "link": "http://recipesidea.tk/pregnant-woman-and-child",
          "link_type": "results"
        },
        {
          "domain": "forums.anandtech.com",
          "link": "http://forums.anandtech.com/showthread.php?t=1426733",
          "link_type": "results"
        },
        {
          "domain": "resonante.net",
          "link": "http://resonante.net/mp3/music/hurtin-in-the-morning.html",
          "link_type": "results"
        }
      ]
    },
    {
      "results": [
        {
          "domain": "exploredigilw.cf",
          "link": "http://exploredigilw.cf/pause-and-effect-an-introduction-to-the-history-of-punctuation-in-the-west-malcolm-beckwith-parkes-pd-809",
          "link_type": "results"
        },
        {
          "domain": "www.planetdan.net",
          "link": "http://www.planetdan.net/blog/2004/09/my-baby-likes-menthols.htm",
          "link_type": "results"
        },
        {
          "domain": "youafraid.ga",
          "link": "http://youafraid.ga/im-afraid-im-pregnant",
          "link_type": "results"
        },
        {
          "domain": "happy-life.in",
          "link": "http://happy-life.in/japanese-signs-no-smoking",
          "link_type": "results"
        },
        {
          "domain": "loaddownyw.cf",
          "link": "http://loaddownyw.cf/pause-and-effect-an-introduction-to-the-history-of-punctuation-in-the-west-malcolm-beckwith-parkes-pd-120",
          "link_type": "results"
        },
        {
          "domain": "afterschoolsnack.blogspot.com",
          "link": "http://afterschoolsnack.blogspot.com/2006/03/jackhammer-2-yr-skull.html",
          "link_type": "results"
        },
        {
          "domain": "www.jeepforum.com",
          "link": "http://www.jeepforum.com/forum/f7/hows-ironic-191157/index2.html",
          "link_type": "results"
        },
        {
          "domain": "www.dailymail.co.uk",
          "link": "http://www.dailymail.co.uk/health/article-1392700/Charlie-Wilcox-Smoking-thousands-cigarettes-GOOD-unborn-daughter.html",
          "link_type": "results"
        },
        {
          "domain": "www.dailymail.co.uk",
          "link": "http://www.dailymail.co.uk/news/article-3080205/Disgusting-sick-Viewers-react-mother-22-smoking-bong-cigarettes-pregnant-final-episode-SBS-Struggle-Street.html",
          "link_type": "results"
        }
      ]
    },
    {
      "results": [
        {
          "domain": "www.sjpba.net",
          "link": "http://www.sjpba.net/Farsider/061313.htm",
          "link_type": "results"
        },
        {
          "domain": "natalierandall.solaristime.com",
          "link": "http://natalierandall.solaristime.com/can-you-get-pregnant-when-your-on-your-period/dpo-fertility-abbreviation.html",
          "link_type": "results"
        },
        {
          "domain": "www.magcartz.com",
          "link": "http://www.magcartz.com/music/download/shes-mine-quotes.aspx",
          "link_type": "results"
        },
        {
          "domain": "softwareman92.cf",
          "link": "http://softwareman92.cf/pause-and-effect-an-introduction-to-the-history-of-punctuation-in-the-west-malcolm-beckwith-parkes-pd-975",
          "link_type": "results"
        },
        {
          "domain": "www.mintpressnews.com",
          "link": "http://www.mintpressnews.com/police-caught-on-video-beating-pregnant-woman/203985/",
          "link_type": "results"
        },
        {
          "domain": "www.pinterest.com",
          "link": "https://www.pinterest.com/pin/525795325215598405/",
          "link_type": "results"
        },
        {
          "domain": "www.pinterest.com",
          "link": "https://www.pinterest.com/karolina25/fail/",
          "link_type": "results"
        },
        {
          "domain": "geekboy.ca",
          "link": "http://geekboy.ca/iblog_archive/C510541213/",
          "link_type": "results"
        },
        {
          "domain": "palatepress.com",
          "link": "http://palatepress.com/2012/02/wine/light-drinking-during-pregnancy-what-recent-studies-do-and-do-not-tell-us/",
          "link_type": "results"
        },
        {
          "domain": "www.drbrewerpregnancydiet.com",
          "link": "http://www.drbrewerpregnancydiet.com/id3.html",
          "link_type": "results"
        }
      ]
    }
  ]
}