{
  "Origins": "Yow! Most of us would probably be hard-pressed to find the time to collect (or buy) as many beer cans as are pictured here, transport them to our residence, and distribute them in various rooms never mind actually drinking that much brew. But that's what evidently happened here.",
  "Fact Check": "",
  "Description": "According to Salt Lake City television station KSL , the above-displayed images were real pictures of an Ogden, Utah, residence taken in 2005. Century 21 property manager Ryan Froerer was alerted by a Realtor to come check on a townhouse that the latter described as \"the sickest thing he's ever seen.\" Mr. Froerer found the residence possessed of a nauseating smell, its front door blocked by debris, the furnishings inside buried under mountains of beer cans, and rooms stacked to the ceiling with beer boxes. He snapped a few photos of the interior and e-mailed them to friends, pictures that worked their way around the world via the Internet. The 8-year resident of the building was apparently exceedingly fond of Coors Light beer, drinking a couple of dozen cans a day, every day, for the length of his residence, saving all the empties as well as the cartons they came in. (The townhouse was found to contain an estimated 70,000 empty beer cans which reportedly fetched a total of $800 when they were delivered to a recycler.) Despite his unusual behavior, the occupant of the townhouse was described as a reliable tenant who paid his rent on time, never complained, and maintained such a low profile that the local mail carrier thought the residence was vacant (although, for reasons not explained by news reports, the tenant had evidently deliberately shut off the water and heat to the townhouse). According to KSL-TV , the townhouse was cleaned up, and the former resident stopped drinking and resumed his former job.",
  "Originally Published": "",
  "Referred Links": "http://www.ksl.com/?nid=148&sid=268346;",
  "Example": "[Collected via e-mail, November 2014] A SINGLE GUY LIVED IN THIS TOWNHOUSE FOR 8 YEARS IN OGDEN, UTAH. THEY THOUGHT HE WAS THE BEST RENTER BECAUSE HE NEVER CALLED OR COMPLAINED AND WAS NEVER LATE ON A PAYMENT. THESE PICTURES DON'T EVEN COME CLOSE TO WHAT IT REALLY LOOKED LIKE. CENTURY 21 HAD ALREADY MOVED SOME OF THE CANS OUT AND HAD CAVED IN TUNNELS THAT HE HAD MADE TO GET TO THE BEDROOM, BATHROOM, AND KITCHEN. All this, yet, you still don't see any dust or scattered clothes or any dirty dishes anywhere. Other than having a minor drinking problem, he was basically a very clean, organized person. Add to this he was concerned about his health, proved by the fact that he drank a \"Light\" beer.",
  "Last Updated": "2 February 2015",
  "Credibility": "true",
  "URL": "www.snopes.com/photos/odd/beercans.asp",
  "Claim": "Photographs show a townhouse filled 70,000 discarded beer cans and boxes.",
  "Claim_ID": "photos_odd_beercans",
  "Tags": "",
  "Google Results": [
    {
      "results": [
        {
          "domain": "www.snopes.com",
          "link": "http://www.snopes.com/photos/odd/beercans.asp",
          "link_type": "results"
        },
        {
          "domain": "www.ksl.com",
          "link": "https://www.ksl.com/?sid=268346",
          "link_type": "results"
        },
        {
          "domain": "www.facebook.com",
          "link": "https://www.facebook.com/snopes/posts/590715687739621?comment_id=591251337686056&offset=0&total_comments=83",
          "link_type": "results"
        },
        {
          "domain": "www.hoax-slayer.com",
          "link": "http://www.hoax-slayer.com/beer-can-townhouse.shtml",
          "link_type": "results"
        },
        {
          "domain": "twitter.com",
          "link": "https://twitter.com/snopes/status/562295480940765185",
          "link_type": "results"
        },
        {
          "domain": "hoax.trendolizer.com",
          "link": "http://hoax.trendolizer.com/2015/02/can-you-beerlieve-it.html",
          "link_type": "results"
        },
        {
          "domain": "www.waybacktimes.com",
          "link": "http://www.waybacktimes.com/askoldguy.html",
          "link_type": "results"
        },
        {
          "domain": "redael.blogspot.com",
          "link": "http://redael.blogspot.com/",
          "link_type": "results"
        },
        {
          "domain": "www.theatlantic.com",
          "link": "http://www.theatlantic.com/past/issues/95nov/strawber.htm",
          "link_type": "results"
        },
        {
          "domain": "en.wikipedia.org",
          "link": "https://en.wikipedia.org/wiki/Milpitas,_California",
          "link_type": "results"
        }
      ]
    },
    {
      "results": [
        {
          "domain": "bleacherreport.com",
          "link": "http://bleacherreport.com/articles/1710735-free-falling-the-sad-strange-career-of-former-wwe-champion-ric-flair",
          "link_type": "results"
        },
        {
          "domain": "www.pinterest.com",
          "link": "https://www.pinterest.com/jturner405/hoarders/",
          "link_type": "results"
        },
        {
          "domain": "www.pinterest.com",
          "link": "https://www.pinterest.com/pin/492018328014354037/",
          "link_type": "results"
        },
        {
          "domain": "wethersfieldhistory.org",
          "link": "http://wethersfieldhistory.org/articles-from-the-community/wintergreen-woods-history/",
          "link_type": "results"
        },
        {
          "domain": "www.footballgameday.com",
          "link": "http://www.footballgameday.com/",
          "link_type": "results"
        },
        {
          "domain": "www.encyclopedia.com",
          "link": "http://www.encyclopedia.com/topic/Eritrea.aspx",
          "link_type": "results"
        },
        {
          "domain": "www.newyorksocialdiary.com",
          "link": "http://www.newyorksocialdiary.com/art-set/2012/the-big-frieze-ferrying-over-to-randalls-island",
          "link_type": "results"
        },
        {
          "domain": "www.lamag.com",
          "link": "http://www.lamag.com/longform/lens-master1/",
          "link_type": "results"
        },
        {
          "domain": "www.dailymail.co.uk",
          "link": "http://www.dailymail.co.uk/news/article-2134388/Ben-Southall-What-happened-man-got-best-job-caretaker-Hamilton-Island.html",
          "link_type": "results"
        }
      ]
    },
    {
      "results": [
        {
          "domain": "detroitdvotion.com",
          "link": "http://detroitdvotion.com/tag/explore/",
          "link_type": "results"
        },
        {
          "domain": "www.wallpaper.com",
          "link": "http://www.wallpaper.com/gallery/architecture/case-studies",
          "link_type": "results"
        },
        {
          "domain": "www.sunkingbrewing.com",
          "link": "http://www.sunkingbrewing.com/blog/tag/SKB/",
          "link_type": "results"
        },
        {
          "domain": "www.hellifiknowblog.blogspot.com",
          "link": "http://www.hellifiknowblog.blogspot.com/2006_05_01_archive.html",
          "link_type": "results"
        },
        {
          "domain": "www.irishbeersnob.com",
          "link": "http://www.irishbeersnob.com/",
          "link_type": "results"
        },
        {
          "domain": "www.earthday.org",
          "link": "http://www.earthday.org/greencities/events/",
          "link_type": "results"
        },
        {
          "domain": "www.bostonglobe.com",
          "link": "https://www.bostonglobe.com/magazine/2013/07/13/does-recycling-really-work/qo9I5UM6yXw4ouswmIdXFK/story.html",
          "link_type": "results"
        },
        {
          "domain": "archive.org",
          "link": "https://archive.org/stream/METHODSINARCHEOLOGYCOLINRENFREWPAULBAHN/METHODS%20IN%20ARCHEOLOGY%20COLIN%20RENFREW,PAUL%20BAHN_djvu.txt",
          "link_type": "results"
        },
        {
          "domain": "www.designsponge.com",
          "link": "http://www.designsponge.com/2014/10/little-rock-ar-city-guide.html",
          "link_type": "results"
        }
      ]
    }
  ]
}