{
  "Origins": "A group of recreationists videotaping their desert outing suddenly spot something unusual in the sky above. It's a meteor! The flaming ball smashes directly into the ground around a passing pickup truck, the blast sending the cameraman and his companions reeling. Amazing! Even more amazingly, the truck is apparently unscathed by the impact, promptly starting up again and driving off to the accompaniment of cheers from the onlookers.",
  "Fact Check": "",
  "Description": "Astounding real-life footage? No, another case of an edited television commercial presented out of context. This clip is taken from a 2005 TV commercial advertising the Toyota Tacoma, produced for the automaker by",
  "Originally Published": "",
  "Referred Links": "http://www.methodstudios.com/mox808;http://www.toyota.com/tacoma/;",
  "Example": "[Collected via e-mail, 2005] I received this clip about three days ago and wondered if it was true or not? Its of an apparent meteor slamming into the ground right near the person taking the video.",
  "Last Updated": "",
  "Credibility": "false",
  "URL": "www.snopes.com/photos/advertisements/meteor.asp",
  "Claim": "Video clip shows a meteorite striking a pickup truck in the desert.",
  "Claim_ID": "photos_advertisements_meteor",
  "Tags": "",
  "Google Results": [
    {
      "results": [
        {
          "domain": "www.snopes.com",
          "link": "http://www.snopes.com/photos/advertisements/meteor.asp",
          "link_type": "results"
        },
        {
          "domain": "www.youtube.com",
          "link": "https://www.youtube.com/watch?v=ggL_Yji_qbE",
          "link_type": "results"
        },
        {
          "domain": "www.youtube.com",
          "link": "https://www.youtube.com/watch?v=-_OtbXmu9kg",
          "link_type": "results"
        },
        {
          "domain": "ahd1001.activehost.com",
          "link": "http://ahd1001.activehost.com/photos/advertisements/meteor.asp",
          "link_type": "results"
        },
        {
          "domain": "www.cnet.com",
          "link": "http://www.cnet.com/pictures/fake-videos-on-youtube-no-way-pictures/7/",
          "link_type": "results"
        },
        {
          "domain": "www.sunlakesaeroclub.org",
          "link": "http://www.sunlakesaeroclub.org/updates_web_data/051127/Urban_Legends.htm",
          "link_type": "results"
        },
        {
          "domain": "www.dailymail.co.uk",
          "link": "http://www.dailymail.co.uk/news/article-2286035/Did-UFO-shoot-Russian-meteorite-blasting-smithereens-Now-conspiracy-theorists-launch-extraordinary-claims-new-footage-emerges.html",
          "link_type": "results"
        },
        {
          "domain": "en.wikipedia.org",
          "link": "https://en.wikipedia.org/wiki/List_of_Super_Bowl_commercials",
          "link_type": "results"
        },
        {
          "domain": "www.imdb.com",
          "link": "http://www.imdb.com/title/tt1260995/reviews",
          "link_type": "results"
        },
        {
          "domain": "www.military.com",
          "link": "http://www.military.com/video/law-enforcement/police/ohio-pd-ak-47-shootout/2359925411001",
          "link_type": "results"
        }
      ]
    },
    {
      "results": [
        {
          "domain": "edition.cnn.com",
          "link": "http://edition.cnn.com/videos",
          "link_type": "results"
        },
        {
          "domain": "www.shutterstock.com",
          "link": "https://www.shutterstock.com/video/search/tumbling/?ref_context=keyword",
          "link_type": "results"
        },
        {
          "domain": "en.wikipedia.org",
          "link": "https://en.wikipedia.org/wiki/Top_Gear_(series_22)",
          "link_type": "results"
        },
        {
          "domain": "www.imdb.com",
          "link": "http://www.imdb.com/title/tt0119654/synopsis",
          "link_type": "results"
        },
        {
          "domain": "project-jk.com",
          "link": "http://project-jk.com/jeep-jk/jeep-jk-videos",
          "link_type": "results"
        },
        {
          "domain": "www.nbcbayarea.com",
          "link": "http://www.nbcbayarea.com/news/national-international",
          "link_type": "results"
        },
        {
          "domain": "natgeotv.com",
          "link": "http://natgeotv.com/za/siteindex",
          "link_type": "results"
        },
        {
          "domain": "www.tvovermind.com",
          "link": "http://www.tvovermind.com/tv-news/meteorite-men-geoff-notkin-previews-season-three-premiere",
          "link_type": "results"
        },
        {
          "domain": "www.sott.net",
          "link": "http://www.sott.net/article/292856-Obamas-fake-war-against-his-own-proxy-army-ISIS",
          "link_type": "results"
        },
        {
          "domain": "tvtropes.org",
          "link": "http://tvtropes.org/pmwiki/pmwiki.php/Main/BMovie",
          "link_type": "results"
        }
      ]
    },
    {
      "results": [
        {
          "domain": "www.rotaryaction.com",
          "link": "http://www.rotaryaction.com/s.html",
          "link_type": "results"
        },
        {
          "domain": "news.discovery.com",
          "link": "http://news.discovery.com/tech/apps/summit-mont-blanc-alongside-top-adventurers-160124.htm",
          "link_type": "results"
        },
        {
          "domain": "www.pinterest.com",
          "link": "https://www.pinterest.com/cgates55/unsolved-mysteries-crimes/",
          "link_type": "results"
        },
        {
          "domain": "www.abovetopsecret.com",
          "link": "http://www.abovetopsecret.com/forum/thread540216/pg1",
          "link_type": "results"
        },
        {
          "domain": "cameras.reviewed.com",
          "link": "http://cameras.reviewed.com/features/6-reasons-you-should-own-a-dashcam-2",
          "link_type": "results"
        },
        {
          "domain": "inexplicata.blogspot.com",
          "link": "http://inexplicata.blogspot.com/2011_10_01_archive.html",
          "link_type": "results"
        },
        {
          "domain": "en.wikiquote.org",
          "link": "https://en.wikiquote.org/wiki/Mystery_Science_Theater_3000",
          "link_type": "results"
        },
        {
          "domain": "www.roger-russell.com",
          "link": "http://www.roger-russell.com/war/war.htm",
          "link_type": "results"
        },
        {
          "domain": "www.animenewsnetwork.com",
          "link": "http://www.animenewsnetwork.com/encyclopedia/people.php?id=1407",
          "link_type": "results"
        },
        {
          "domain": "www.episodedata.com",
          "link": "http://www.episodedata.com/series.php?id=674",
          "link_type": "results"
        }
      ]
    }
  ]
}