{
  "Origins": "One might think of the image displayed above, which apparently captures a Ku Klux Klan member (presumably the victim of a trauma) being treated by an all-black emergency room staff, as the flipside of familiar accounts of blacks dying from treatable injuries during the Jim Crow era of segregation because they were refused treatment at \"whites-only\" hospitals. In this photo, however, the black ER staff doesn't turn the tables by refusing to treat a KKK member despite his membership in an organization dedicated to terrorizing them; instead, they diligently work at saving his life, the same as they would for any other patient.",
  "Fact Check": "",
  "Description": "Despite many viewers' mistaking it for such, this photo is not a screen capture taken from an episode of the popular television hospital drama ER, nor is the doctor shown in the center of the picture actor Eriq LaSalle, who portrayed surgeon Dr. Peter Benton in that series. The crease down the middle of the image gives it away as a picture scanned from a printed source, and indeed it was this photo was a staged one created for a series of advertisements in Large magazine's \"For people who think bigger than they are\" ad campaign, which featured depictions of people acting nobly in the face of adverse circumstances:",
  "Originally Published": "",
  "Referred Links": "https://www.facebook.com/pages/Large-Magazine/137187526304590;",
  "Example": "[Collected on the Internet, 2005] He ain't gonna make it!",
  "Last Updated": "3 June 2013",
  "Credibility": "false",
  "URL": "www.snopes.com/photos/medical/klaner.asp",
  "Claim": "Photograph shows a KKK member being treated by an all-black emergency room staff.",
  "Claim_ID": "photos_medical_klaner",
  "Tags": "",
  "Google Results": [
    {
      "results": [
        {
          "domain": "www.snopes.com",
          "link": "http://www.snopes.com/photos/medical/klaner.asp",
          "link_type": "results"
        },
        {
          "domain": "factually.gizmodo.com",
          "link": "http://factually.gizmodo.com/6-more-viral-photos-that-total-lies-1612053486",
          "link_type": "results"
        },
        {
          "domain": "www.pinterest.com",
          "link": "https://www.pinterest.com/pin/342414377888950851/",
          "link_type": "results"
        },
        {
          "domain": "www.facebook.com",
          "link": "https://www.facebook.com/snopes/posts/598736216937568",
          "link_type": "results"
        },
        {
          "domain": "en.rocketnews24.com",
          "link": "http://en.rocketnews24.com/2012/03/12/revisit-20-photos-of-some-of-the-most-powerful-moments-and-people-in-modern-history/",
          "link_type": "results"
        },
        {
          "domain": "hugelol.com",
          "link": "http://hugelol.com/lol/77686",
          "link_type": "results"
        },
        {
          "domain": "www.ign.com",
          "link": "http://www.ign.com/boards/threads/rare-photos-from-history.452749577/",
          "link_type": "results"
        },
        {
          "domain": "musikalisch.net",
          "link": "http://musikalisch.net/download/mp3/cicret-bracelet-fake-or-not.html",
          "link_type": "results"
        },
        {
          "domain": "iwastesomuchtime.com",
          "link": "http://iwastesomuchtime.com/on/?i=89108",
          "link_type": "results"
        },
        {
          "domain": "lybio.net",
          "link": "http://lybio.net/tag/some-of-the-most-iconic-and-powerful-photographs-ever-captured-quotes/",
          "link_type": "results"
        }
      ]
    },
    {
      "results": [
        {
          "domain": "www.dailymail.co.uk",
          "link": "http://www.dailymail.co.uk/news/article-2828425/The-Ku-Klux-Klan-opens-door-Jews-black-people-homosexuals-new-recruits-wear-white-robes-hats.html",
          "link_type": "results"
        },
        {
          "domain": "www.lipstickalley.com",
          "link": "http://www.lipstickalley.com/showthread.php/743911-Know-Your-History-More-Vintage-Photos-of-Black-History?p=18717545",
          "link_type": "results"
        },
        {
          "domain": "www.telegraph.co.uk",
          "link": "http://www.telegraph.co.uk/news/worldnews/northamerica/usa/11752579/Black-police-chief-who-helped-man-in-racist-t-shirt-wants-to-end-hatred.html",
          "link_type": "results"
        },
        {
          "domain": "welcometoyouredoom.tumblr.com",
          "link": "http://welcometoyouredoom.tumblr.com/post/106996469890/is-this-a-kkk-member-treated-by-an-all-black",
          "link_type": "results"
        },
        {
          "domain": "www.gizmodo.com.au",
          "link": "http://www.gizmodo.com.au/2015/01/86-viral-images-from-2014-that-were-totally-fake/",
          "link_type": "results"
        },
        {
          "domain": "www.sjpba.net",
          "link": "http://www.sjpba.net/Farsider/061313.htm",
          "link_type": "results"
        },
        {
          "domain": "www.theguardian.com",
          "link": "http://www.theguardian.com/us-news/2015/jul/21/black-officer-kkk-supporter-image-policing-south-carolina",
          "link_type": "results"
        },
        {
          "domain": "www.msn.com",
          "link": "http://www.msn.com/en-us/news/us/black-official-says-kkk-member-was-simply-a-man-needing-help/ar-AAdg67y",
          "link_type": "results"
        },
        {
          "domain": "plus.google.com",
          "link": "https://plus.google.com/+7amazingcreations/posts/FYYebDxKQnc",
          "link_type": "results"
        },
        {
          "domain": "www.bathroomsketch.com",
          "link": "http://www.bathroomsketch.com/emergency/emergency-room-icon.html",
          "link_type": "results"
        }
      ]
    },
    {
      "results": [
        {
          "domain": "livinfo.blogspot.com",
          "link": "http://livinfo.blogspot.com/2014/08/6-more-viral-photos-that-are-total-lies.html",
          "link_type": "results"
        },
        {
          "domain": "www.nydailynews.com",
          "link": "http://www.nydailynews.com/news/national/south-carolina-top-helps-neo-nazi-suffering-heat-article-1.2297325",
          "link_type": "results"
        },
        {
          "domain": "www.npr.org",
          "link": "http://www.npr.org/2006/01/12/5149667/get-on-the-bus-the-freedom-riders-of-1961",
          "link_type": "results"
        },
        {
          "domain": "nbc4i.com",
          "link": "http://nbc4i.com/2015/07/21/photo-of-black-cop-helping-man-at-kkk-rally-goes-viral/",
          "link_type": "results"
        },
        {
          "domain": "www.opposingviews.com",
          "link": "http://www.opposingviews.com/i/society/black-officer-who-helped-kkk-supporter-south-carolina-rally-says-law-enforcement-helping",
          "link_type": "results"
        },
        {
          "domain": "coolidgefoundation.org",
          "link": "https://coolidgefoundation.org/blog/the-ku-klux-klan-in-calvin-coolidges-america/",
          "link_type": "results"
        },
        {
          "domain": "www.torontosun.com",
          "link": "http://www.torontosun.com/2015/07/20/photo-of-black-officer-helping-man-in-racist-shirt-goes-viral",
          "link_type": "results"
        },
        {
          "domain": "www.encyclopedia.com",
          "link": "http://www.encyclopedia.com/topic/Discrimination.aspx",
          "link_type": "results"
        },
        {
          "domain": "photographyisnotacrime.com",
          "link": "https://photographyisnotacrime.com/2015/10/south-carolina-deputy-attacks-high-school-student-in-class-for-being-verbally-disruptive/",
          "link_type": "results"
        },
        {
          "domain": "www.washingtontimes.com",
          "link": "http://www.washingtontimes.com/news/2015/jul/20/photo-of-black-official-helping-man-at-kkk-rally-g/",
          "link_type": "results"
        }
      ]
    }
  ]
}