{
  "Origins": "The photographs above date from August 2007, when the Australian shoreline at Yamba (north of Sydney) in New South Wales was swallowed up by a layer of foam, transforming the area into what was dubbed \"the Cappuccino Coast.\"",
  "Fact Check": "",
  "Description": "The Daily Mail explained the origins of the unusual phenomenon: Scientists explain that the foam is created by impurities in the ocean, such as salts, chemicals, dead plants, decomposed fish and excretions from seaweed. All are churned up together by powerful currents which cause the water to form bubbles. These bubbles stick to each other as they are carried below the surface by the current towards the shore. As a wave starts to form on the surface, the motion of the water causes the bubbles to swirl upwards and, massed together, they become foam. The foam \"surfs\" towards shore until the wave \"crashes\", tossing the foam into the air. \"It's the same effect you get when you whip up a milk shake in a blender,\" explains a marine expert. \"The more powerful the swirl, the more foam you create on the surface and the lighter it becomes.\" In this case, storms off the New South Wales Coast and further north off Queensland had created a huge disturbance in the ocean, hitting a stretch of water where there was a particularly high amount of the substances which form into bubbles. News accounts noted this was the first such occurrence of the foaming phenomenon in that area in the last 30 years. Coincidentally, the day after we first published this article, the Australian coast saw another outbreak of sea foam , this time at Point Cartwright along Queensland's Sunshine Coast.",
  "Originally Published": "",
  "Referred Links": "http://www.thedaily.com.au/news/2008/jan/24/monster-deep-emerge-sea-foam/;",
  "Example": "[Collected via e-mail, August 2007] Crazy Ocean Foam This was in Sydney, Australia and scientists say it is caused by impurities in the ocean, such as salts, chemicals, dead plants, decomposed fish and excretions from seaweed.",
  "Last Updated": "24 January 2008",
  "Credibility": "true",
  "URL": "www.snopes.com/photos/natural/seafoam.asp",
  "Claim": "Photographs show foam that blanketed an Australian shoreline.",
  "Claim_ID": "photos_natural_seafoam",
  "Tags": "",
  "Google Results": [
    {
      "results": [
        {
          "domain": "www.snopes.com",
          "link": "http://www.snopes.com/photos/natural/seafoam.asp",
          "link_type": "results"
        },
        {
          "domain": "www.snopes.com",
          "link": "http://www.snopes.com/photos/natural/natural.asp",
          "link_type": "results"
        },
        {
          "domain": "www.facebook.com",
          "link": "https://www.facebook.com/211940628903727/photos/a.211970195567437.42321.211940628903727/298519853579137/",
          "link_type": "results"
        },
        {
          "domain": "www.whatisexpert.com",
          "link": "http://www.whatisexpert.com/81/what-causes-the-flu.html",
          "link_type": "results"
        },
        {
          "domain": "www.theguardian.com",
          "link": "http://www.theguardian.com/environment/2011/dec/29/foam-seaside-town-lather-cleveleys",
          "link_type": "results"
        },
        {
          "domain": "www.newsnet5.com",
          "link": "http://www.newsnet5.com/news/local-news/water-cooler/video-sea-foam-blankets-section-of-maroochydore-australia",
          "link_type": "results"
        },
        {
          "domain": "www.tuugo.biz",
          "link": "http://www.tuugo.biz/Companies/australian-foam-technology/0050001072324",
          "link_type": "results"
        },
        {
          "domain": "www.sunshinecoastdaily.com.au",
          "link": "http://www.sunshinecoastdaily.com.au/news/foam-frenzy-may-hide-toxic-sewage/1734706/",
          "link_type": "results"
        },
        {
          "domain": "forum.santabanta.com",
          "link": "http://forum.santabanta.com/showthread.htm?160430-Truth-or-False-of-the-Internet/page2",
          "link_type": "results"
        },
        {
          "domain": "www.pinterest.com",
          "link": "https://www.pinterest.com/pin/321655598361401537/",
          "link_type": "results"
        }
      ]
    },
    {
      "results": [
        {
          "domain": "forum.santabanta.com",
          "link": "http://forum.santabanta.com/showthread.htm?160430-Truth-or-False-of-the-Internet/page2",
          "link_type": "results"
        },
        {
          "domain": "www.pinterest.com",
          "link": "https://www.pinterest.com/pin/321655598361401537/",
          "link_type": "results"
        },
        {
          "domain": "www.toptenz.net",
          "link": "http://www.toptenz.net/top-10-recent-interesting-natural-phenomena-and-hazards.php",
          "link_type": "results"
        },
        {
          "domain": "www.photographers1.com",
          "link": "http://www.photographers1.com/Sailing/NauticalTerms&Nomenclature.html",
          "link_type": "results"
        },
        {
          "domain": "www.encyclopedia.com",
          "link": "http://www.encyclopedia.com/topic/Uruguay.aspx",
          "link_type": "results"
        },
        {
          "domain": "education.nationalgeographic.org",
          "link": "http://education.nationalgeographic.org/encyclopedia/pollution/",
          "link_type": "results"
        },
        {
          "domain": "www.areaknowledge.com",
          "link": "http://www.areaknowledge.com/search/what-is-in-seafoam/3",
          "link_type": "results"
        },
        {
          "domain": "travel.nationalgeographic.com",
          "link": "http://travel.nationalgeographic.com/travel/best-of-travel-365/december-2013/",
          "link_type": "results"
        },
        {
          "domain": "www.9news.com.au",
          "link": "http://www.9news.com.au/wild-weather",
          "link_type": "results"
        },
        {
          "domain": "www.googleadservices.com",
          "link": "http://www.googleadservices.com/pagead/aclk?sa=L&ai=CVt9ql8anVs6hN4ncpAO32ryoDMadm6UHvp_qnK0C_b_n6AsIAxABKANg5QOQAQKgAZb-x_kDyAEBqQLw-KwSKNl-PqoEJU_QdWNa4j5qDzzxnAwns3dLF9lTiiJq6zDqdbSP2xb4R1Y48yaIBgGAB9bMkkGQBwOoB6a-G9gHAQ&ohost=www.google.com.mx&cid=CAASJORoGBTTzxyNLCEeoldLcQtSglyOM5l_gkxZZ2tpje9Dc7y1qg&sig=AOD64_3BJJ-Jk4GZVVYyOXuSPp-yIBQnkA&clui=0&q=&ved=0ahUKEwj19KnwmMjKAhVDnoMKHZXwB-c4ChDRDAhO&adurl=http://www.zapmeta.ws/ws%3Fq%3Dblankets%2520photos%26asid%3Dws_gc4_10%26mt%3Db%26nw%3Dg%26de%3Dc%26ap%3D2o1",
          "link_type": "ads_main"
        },
        {
          "domain": "",
          "link": "/aclk?sa=L&ai=CpYkml8anVs6hN4ncpAO32ryoDOax6MYD9tmDrF2YxJkHCAMQAigDYOUDkAECyAEBqgQlT9BFIlXiPWoPPPGcDAehKA0X2VOKImrrMOp1tI_bFvhHRlOvRIAHtrq8I5AHA6gHpr4b2AcB&sig=AOD64_15619XB3fze_ng5ooccs6zmUvfig&clui=1&q=&ved=0ahUKEwj19KnwmMjKAhVDnoMKHZXwB-c4ChDRDAhT&adurl=http://www.finderoo.com/web%3Fts%3Dgo%26q%3Daustralian%2Bphotographers",
          "link_type": "ads_main"
        },
        {
          "domain": "",
          "link": "/aclk?sa=L&ai=CjztJl8anVs6hN4ncpAO32ryoDOy5s_cGrJTA_S_pqqXkAQgDEAMoA2DlA5ABAsgBAaoEJE_QRdNI-Q9aNgU4Vvp7otz6zaFKFCd4vnVw9FccWeYetS4aR4AHtNrKIJAHA6gHpr4b2AcB&sig=AOD64_1AscHTk_VgcQHAULtpgxbotyjeMg&clui=3&q=&ved=0ahUKEwj19KnwmMjKAhVDnoMKHZXwB-c4ChDRDAhZ&adurl=http://www.shopzilla.com/mkt.xpml%3Fmkt_id%3D1273443246%26adID%3D12801178012",
          "link_type": "ads_main"
        }
      ]
    },
    {
      "results": [
        {
          "domain": "www.popsci.com",
          "link": "http://www.popsci.com/best-science-technology-images-year-2014",
          "link_type": "results"
        },
        {
          "domain": "www.polysail.com",
          "link": "http://www.polysail.com/zduck.htm",
          "link_type": "results"
        },
        {
          "domain": "brizdazz.blogspot.com",
          "link": "http://brizdazz.blogspot.com/2013/02/mooloolaba-syncs.html",
          "link_type": "results"
        },
        {
          "domain": "www.crystalinks.com",
          "link": "http://www.crystalinks.com/volcanoarticles.html",
          "link_type": "results"
        },
        {
          "domain": "adamskolnick.com",
          "link": "http://adamskolnick.com/inside-the-perilous-marvelous-world-of-competitive-free-diving",
          "link_type": "results"
        },
        {
          "domain": "www.newportsurfshots.com",
          "link": "http://www.newportsurfshots.com/articles/template.htm",
          "link_type": "results"
        },
        {
          "domain": "www.vidinfo.org",
          "link": "http://www.vidinfo.org/video/60457085/another-seafoam-vid",
          "link_type": "results"
        },
        {
          "domain": "www.corbisimages.com",
          "link": "http://www.corbisimages.com/Sitemap69.xml",
          "link_type": "results"
        },
        {
          "domain": "",
          "link": "/aclk?sa=L&ai=CpWTEmcanVtiSMIuApAO2_I74DfKw5ugH4p6ZvoMC4PCLCAgDEAFg5QOQAQPIAQGqBCVP0CfeE2gw8jPFQzJxdnEIhz9PVhTfzYKxwgtzp6KyJMwXZvEogAeizuM4kAcDqAemvhvYBwE&sig=AOD64_295lCeRdGzQXuqx35HD2XBgYlsZw&clui=0&q=&ved=0ahUKEwiAuZ3xmMjKAhVpmIMKHXqcCfI4FBDRDAhP&adurl=http://www.museumofbrisbane.com.au/whats-on/robyn-stacey-cloud-land/",
          "link_type": "ads_main"
        }
      ]
    }
  ]
}