{
  "Origins": "The item quoted above, about a man who was decapitated when he climbed over the railing of an interstate highway while fleeing police and fell onto a wrought-iron fence, describes a real incident that took place in Atlanta on the afternoon 15 February 2003. (The text was taken verbatim from an article which appeared in The Atlanta Journal-Constitution the following day.) Several members of the Atlanta Fire Department who responded to the call verified for us that the pictures displayed above were indeed taken at the scene of the incident.",
  "Fact Check": "",
  "Description": "Despite assertions to the contrary, it is not impossible for the torso to have fallen in the position shown in the photographs (i.e., on the side of the fence towards which the head is facing). The back portion of the victim's head was impaled on the spike as his body fell on the near side of the fence, and the force of the fall decapitated him as his body dropped to the ground below. In November 2006, 140 officers and civilians on the staff of the Hertfordshire (UK) Police were disciplined for forwarding an e-mail containing the above-displayed images.",
  "Originally Published": "",
  "Referred Links": "",
  "Example": "[Collected via e-mail, 2003] A narcotics traffic stop on the Downtown Connector turned deadly Saturday afternoon when a man climbed over the interstate railing, fell about 35 feet and was decapitated on a wrought-iron fence, Atlanta police said. Officers in a marked car stopped the man about 4:30 p.m., as he drove south on the interstate above Auburn Avenue. The man, who has not been identified, stopped his vehicle and tried to flee by climbing over the railing, Lt. Danny Agan said. Police still are investigating whether the man jumped or fell off the raised interstate. \"This is a new one for me in 29 years,\" Agan said. The decapitation shocked people who work in the neighborhood. Gary White, an income tax preparer, came out of his office when he heard the commotion. \"It's surreal,\" White said. Agan said narcotics officers had been trailing the man for much of the day. Agan did not know if the officers who tried to arrest the man would be placed on administrative leave. \"This is not something normally covered under the [standard operating procedure] of the department,\" he said.",
  "Last Updated": "9 February 2015",
  "Credibility": "true",
  "URL": "www.snopes.com/photos/gruesome/decapitation.asp",
  "Claim": "Photographs show a man decapitated by a wrought-iron fence while fleeing from police.",
  "Claim_ID": "photos_gruesome_decapitation",
  "Tags": "",
  "Google Results": [
    {
      "results": [
        {
          "domain": "www.snopes.com",
          "link": "http://www.snopes.com/photos/gruesome/decapitation.asp",
          "link_type": "results"
        },
        {
          "domain": "www.snopes.com",
          "link": "http://www.snopes.com/photos/gruesome/gruesome.asp",
          "link_type": "results"
        },
        {
          "domain": "www.facebook.com",
          "link": "https://www.facebook.com/snopes/posts/594736900670833",
          "link_type": "results"
        },
        {
          "domain": "twitter.com",
          "link": "https://twitter.com/snopes/status/564869159075737600",
          "link_type": "results"
        },
        {
          "domain": "www.somalinet.com",
          "link": "http://www.somalinet.com/forums/viewtopic.php?t=63088",
          "link_type": "results"
        },
        {
          "domain": "biglawnewsline.com",
          "link": "http://biglawnewsline.com/2015/02/graphic-photos-man-decapitated-by-wrought-iron-fence-while-fleeing-from-police.html",
          "link_type": "results"
        },
        {
          "domain": "letschatmusic.com",
          "link": "http://letschatmusic.com/mp3/download/flee-the-man.html",
          "link_type": "results"
        },
        {
          "domain": "www.webinfobits.com",
          "link": "http://www.webinfobits.com/page/4ff09108405d",
          "link_type": "results"
        },
        {
          "domain": "buildfencep.com",
          "link": "http://buildfencep.com/build-an-iron-fence/",
          "link_type": "results"
        },
        {
          "domain": "transfertdazur.com",
          "link": "http://transfertdazur.com/hy/component/k2/itemlist/user/4464.html",
          "link_type": "results"
        }
      ]
    },
    {
      "results": [
        {
          "domain": "www.10news.org",
          "link": "http://www.10news.org/decapitation",
          "link_type": "results"
        },
        {
          "domain": "www.10news.org",
          "link": "http://www.10news.org/decapitated+body",
          "link_type": "results"
        },
        {
          "domain": "whistlerstation.com",
          "link": "http://whistlerstation.com/tag/man-found-dead-impaled-on-wrought",
          "link_type": "results"
        },
        {
          "domain": "channels.feeddigest.com",
          "link": "http://channels.feeddigest.com/New_Urban_Legends",
          "link_type": "results"
        },
        {
          "domain": "newzamok.com",
          "link": "http://newzamok.com/man-on-a-fence/",
          "link_type": "results"
        },
        {
          "domain": "www.pinterest.com",
          "link": "https://www.pinterest.com/rogervelmar/salvajismo-humano/",
          "link_type": "results"
        },
        {
          "domain": "gic.truechamps.net",
          "link": "http://gic.truechamps.net/E605",
          "link_type": "results"
        },
        {
          "domain": "rivrdog.typepad.com",
          "link": "http://rivrdog.typepad.com/rivrdog/2005/10/decapitated.html",
          "link_type": "results"
        },
        {
          "domain": "theparkresidence.md",
          "link": "http://theparkresidence.md/free/sugar-candy-candy/",
          "link_type": "results"
        },
        {
          "domain": "typetwodiabetes.info",
          "link": "http://typetwodiabetes.info/white-wrought-iron-fence",
          "link_type": "results"
        }
      ]
    },
    {
      "results": [
        {
          "domain": "www.zeldasages.com",
          "link": "http://www.zeldasages.com/forums/threads/stuff-that-scares-the-life-out-of-you.2136/",
          "link_type": "results"
        },
        {
          "domain": "dorset.en.uk.locanex.com",
          "link": "http://dorset.en.uk.locanex.com/wrought-iron-fences@g4@-.html",
          "link_type": "results"
        },
        {
          "domain": "bzar.odg.eleo.pp.ua",
          "link": "http://bzar.odg.eleo.pp.ua/",
          "link_type": "results"
        },
        {
          "domain": "www.answers.com",
          "link": "http://www.answers.com/article/416104/a-real-gross-picture-5-horrible-but-true-pictures-that-circulate-the-internet",
          "link_type": "results"
        },
        {
          "domain": "www.iranian95.gq",
          "link": "http://www.iranian95.gq/c/get+decapitated/",
          "link_type": "results"
        },
        {
          "domain": "www.reddit.com",
          "link": "https://www.reddit.com/r/WTF/comments/30o660/wrought_iron_fence_decapitation_nsfl/.compact",
          "link_type": "results"
        },
        {
          "domain": "webiodir.com",
          "link": "http://webiodir.com/man-beheaded-in-england",
          "link_type": "results"
        },
        {
          "domain": "chicago.suntimes.com",
          "link": "http://chicago.suntimes.com/crime/7/71/1195876/police-1-killed-1-wounded-shooting-failed-gary-robbery",
          "link_type": "results"
        },
        {
          "domain": "forum.forteantimes.com",
          "link": "http://forum.forteantimes.com/index.php?threads/strange-deaths-ii.20676/page-8",
          "link_type": "results"
        },
        {
          "domain": "www.findadeath.com",
          "link": "http://www.findadeath.com/forum/showthread.php?5319-Atlanta-man-s-decapitated-head-impaled-on-wrought-iron-fence!",
          "link_type": "results"
        }
      ]
    }
  ]
}