{
  "Origins": "This purported image of \"early suffragettes\" eating \"pizza in large groups\" in order to \"annoy men\" has been circulated online with that particular backstory since at least as far back as March 2013. Aside from the reference to the year (1921), every other aspect of the identifying statement is anachronistic or otherwise wrong:",
  "Fact Check": "",
  "Description": "The women's suffrage movement gathered steam in the first half of the 19th century; by 1921 it had been a significant political force for several decades and had already achieved its primary goal of guaranteeing all American women the right to vote with the ratification of the 19th Amendment in 1920. No non-elderly woman alive in 1921 could properly have been termed an \"early suffragette.\" As the original scan of this image at the Shorpy Historical Photo Archive documents, the photograph was taken in Washington, D.C., on 13 July 1921 and shows women eating pie, not pizza. (Pizza wasn't all that popular in the U.S. until troops returning from service in Italy after World War II brought a liking for the dish home with them.) No \"custom\" in the U.S. ever involved women (suffragettes or otherwise) \"donning bathing suits\" and \"eating pizza\" in \"large groups\" with the intent of \"annoying men.\" As the archived photo's caption explains, the women are dressed the way they are and eating what they're eating because the activity captured here was a common and innocuous \"Pie eating contest at Tidal Basin bathing beach.\"",
  "Originally Published": "",
  "Referred Links": "http://www.shorpy.com/node/10587?size=_original;http://www.archives.gov/historical-docs/document.html?doc=13&title.raw=19th+Amendment+to+the+U.S.+Constitution:+Women%27s+Right+to+Vote;http://irongall.tumblr.com/post/44502485617/rookiemag-fat-grrrl-activism-in-1921-early;",
  "Example": "[Collected on the Internet, March 2013] In 1921, early suffragettes often donned a bathing suit and ate pizza in large groups to annoy men ... it was a custom at the time.",
  "Last Updated": "5 May 2015",
  "Credibility": "false",
  "URL": "www.snopes.com/photos/people/pizzawomen.asp",
  "Claim": "Photograph from 1921 captures early suffragettes in bathing suits eating pizza to annoy men.",
  "Claim_ID": "photos_people_pizzawomen",
  "Tags": "",
  "Google Results": [
    {
      "results": [
        {
          "domain": "www.snopes.com",
          "link": "http://www.snopes.com/photos/people/pizzawomen.asp",
          "link_type": "results"
        },
        {
          "domain": "www.facebook.com",
          "link": "https://www.facebook.com/WOMENSRIGHTSNEWS/photos/a.204542062921531.45848.184599864915751/645725928803140/",
          "link_type": "results"
        },
        {
          "domain": "twitter.com",
          "link": "https://twitter.com/snopes/status/595731116373475328",
          "link_type": "results"
        },
        {
          "domain": "www.pinterest.com",
          "link": "https://www.pinterest.com/pin/328692472775268862/",
          "link_type": "results"
        },
        {
          "domain": "www.pinterest.com",
          "link": "https://www.pinterest.com/pin/233272455672223506/",
          "link_type": "results"
        },
        {
          "domain": "paperingasmile.tumblr.com",
          "link": "http://paperingasmile.tumblr.com/page/4?route=%2Fpage%2F%3Apage",
          "link_type": "results"
        },
        {
          "domain": "www.aclotheshorse.co.uk",
          "link": "http://www.aclotheshorse.co.uk/2013/08/laughs-lies.html",
          "link_type": "results"
        },
        {
          "domain": "gunterandbean.com",
          "link": "http://gunterandbean.com/author/gunterandbean/",
          "link_type": "results"
        },
        {
          "domain": "www.tumblr.com",
          "link": "https://www.tumblr.com/tagged/oftener",
          "link_type": "results"
        }
      ]
    },
    {
      "results": [
        {
          "domain": "www.tumblr.com",
          "link": "https://www.tumblr.com/tagged/women-resistance",
          "link_type": "results"
        },
        {
          "domain": "www.lamelarosa.net",
          "link": "http://www.lamelarosa.net/english/blog/",
          "link_type": "results"
        },
        {
          "domain": "www.williamgibsonboard.com",
          "link": "http://www.williamgibsonboard.com/topic/4393793103308889?page=975",
          "link_type": "results"
        },
        {
          "domain": "wefollowpics.com",
          "link": "http://wefollowpics.com/lauren-bacall-lauren-bacall/",
          "link_type": "results"
        },
        {
          "domain": "www.hoosierhistorylive.info",
          "link": "http://www.hoosierhistorylive.info/archives.html",
          "link_type": "results"
        },
        {
          "domain": "www.afana.org",
          "link": "http://www.afana.org/2003chrono.htm",
          "link_type": "results"
        },
        {
          "domain": "www.theshiftofconsciousness.info",
          "link": "http://www.theshiftofconsciousness.info/women.html",
          "link_type": "results"
        },
        {
          "domain": "web.mit.edu",
          "link": "http://web.mit.edu/~jik/src/Attic/kerberos_password_hacker/allwords",
          "link_type": "results"
        },
        {
          "domain": "www-rohan.sdsu.edu",
          "link": "http://www-rohan.sdsu.edu/~gawron/crypto/models/word_freq.txt",
          "link_type": "results"
        },
        {
          "domain": "www.cs.cmu.edu",
          "link": "http://www.cs.cmu.edu/afs/cs.cmu.edu/project/fgdata/Recorder.app/utterances/Type2/geneng.txt",
          "link_type": "results"
        }
      ]
    },
    {
      "results": [
        {
          "domain": "www.scribd.com",
          "link": "https://www.scribd.com/doc/29535056/American-Pop-Culture",
          "link_type": "results"
        },
        {
          "domain": "it.scribd.com",
          "link": "https://it.scribd.com/doc/35967375/Crossword-Lists-Crossword-Solver",
          "link_type": "results"
        },
        {
          "domain": "archive.org",
          "link": "https://archive.org/stream/ladieshomejourna78janwyet/ladieshomejourna78janwyet_djvu.txt",
          "link_type": "results"
        },
        {
          "domain": "photography.alltop.com",
          "link": "http://photography.alltop.com/?referer=",
          "link_type": "results"
        },
        {
          "domain": "puzz.googlecode.com",
          "link": "https://puzz.googlecode.com/svn/trunk/data/nutrimatic-100K.txt",
          "link_type": "results"
        },
        {
          "domain": "www.cnn.com",
          "link": "http://www.cnn.com/sitemaps/sitemap-gallery-2015-11.xml",
          "link_type": "results"
        },
        {
          "domain": "tumview.com",
          "link": "http://tumview.com/tumblr/users/skelebon3r/photos",
          "link_type": "results"
        },
        {
          "domain": "open.library.ubc.ca",
          "link": "https://open.library.ubc.ca/cIRcle/collections/ubctheses/831/items/1.0055486",
          "link_type": "results"
        }
      ]
    }
  ]
}