{
  "Origins": "The concept of \"spirit photography\" pictures that capture images of ghosts and other spiritual entities not visible to the human eye has been around since the mid-19th century. Early efforts at producing such images typically employed photographic tricks such as double exposures or relied on the simple expedient of snapping pictures of ghost-like scenes staged through the use of costumes, lighting, and props; later refinements to the genre involved manipulating and doctoring negatives to creating ghostly images by combining elements from multiple photographs.",
  "Fact Check": "",
  "Description": "Now that photography is almost entirely a digital medium, the creation of spirit photographs has been made considerably easier through the use of graphics editing programs such as Photoshop. And now even if you're lacking in basic Photoshop skills it's no problem because, hey ... there's an app for that! Would-be ghost-snappers can make use of apps such as Ghost Capture to \"create realistic paranormal photo manipulations right on your iPhone, iPad and iPod Touch!\" Such is the nature of the photograph displayed above. The presence of the ghostly little girl supposedly seen standing next to a gumball machine in a picture taken at a Texas restaurant is no mystery she's a stock \"spirit\" image that was added to an ordinary photograph through the use of such an app:",
  "Originally Published": "",
  "Referred Links": "https://itunes.apple.com/us/app/ghost-capture-free/id329775698;",
  "Example": "[Collected via e-mail, April 2010] Hey guys, attached is a picture that a family member of ours sent us. One of their nephews took this picture on his cell phone at Larry's Mexican Restaurant in Richmond, Texas! It pretty clearly shows a little girl [ghost] next to the gumball machine... pretty neat!",
  "Last Updated": "31 October 2013",
  "Credibility": "false",
  "URL": "www.snopes.com/photos/supernatural/dinerghost.asp",
  "Claim": "Photograph of a Texas restaurant reveals the presence of a ghostly little girl.",
  "Claim_ID": "photos_supernatural_dinerghost",
  "Tags": "",
  "Google Results": [
    {
      "results": [
        {
          "domain": "www.snopes.com",
          "link": "http://www.snopes.com/photos/supernatural/dinerghost.asp",
          "link_type": "results"
        },
        {
          "domain": "www.facebook.com",
          "link": "https://www.facebook.com/snopes/posts/340291649448694",
          "link_type": "results"
        },
        {
          "domain": "www.facebook.com",
          "link": "https://www.facebook.com/IAmKennyBiddle/posts/611550485574984",
          "link_type": "results"
        },
        {
          "domain": "www.facebook.com",
          "link": "https://www.facebook.com/permalink.php?story_fbid=638253672885058&id=454516607925433",
          "link_type": "results"
        },
        {
          "domain": "www.dailymail.co.uk",
          "link": "http://www.dailymail.co.uk/news/article-3050165/Man-TOOK-photograph-sent-internet-frenzy-speaks-says-explain-mystery-ghost-boots-NO-ONE-her.html",
          "link_type": "results"
        },
        {
          "domain": "www.dailymail.co.uk",
          "link": "http://www.dailymail.co.uk/news/article-3048325/Are-boots-dead-SAMURAI-Ghostly-image-pair-feet-little-girl-standing-Japanese-shore-near-warrior-tombs-sparks-internet-frenzy.html",
          "link_type": "results"
        },
        {
          "domain": "en.wikipedia.org",
          "link": "https://en.wikipedia.org/wiki/My_Ghost_Story",
          "link_type": "results"
        },
        {
          "domain": "en.wikipedia.org",
          "link": "https://en.wikipedia.org/wiki/List_of_A_Haunting_episodes",
          "link_type": "results"
        },
        {
          "domain": "www.imdb.com",
          "link": "http://www.imdb.com/title/tt2341199/epcast",
          "link_type": "results"
        },
        {
          "domain": "m.delphiforums.com",
          "link": "http://m.delphiforums.com/newtish/messages/46433/222",
          "link_type": "results"
        }
      ]
    },
    {
      "results": [
        {
          "domain": "www.bedandbreakfast.com",
          "link": "http://www.bedandbreakfast.com/info/travelers/bnb-getaways/haunted-inns",
          "link_type": "results"
        },
        {
          "domain": "en.wikipedia.org",
          "link": "https://en.wikipedia.org/wiki/List_of_The_Dead_Files_episodes",
          "link_type": "results"
        },
        {
          "domain": "jinnstudy.blogspot.com",
          "link": "http://jinnstudy.blogspot.com/p/famous-ghost-pictures.html",
          "link_type": "results"
        },
        {
          "domain": "www.pinterest.com",
          "link": "https://www.pinterest.com/pin/404690716492191587/",
          "link_type": "results"
        },
        {
          "domain": "scienceofghosts.wordpress.com",
          "link": "https://scienceofghosts.wordpress.com/do-you-think-you-have-seen-a-ghost/",
          "link_type": "results"
        },
        {
          "domain": "www.hauntedamericatours.com",
          "link": "http://www.hauntedamericatours.com/ghosts/JeffersonTexas.php",
          "link_type": "results"
        },
        {
          "domain": "www.locatetv.com",
          "link": "http://www.locatetv.com/tv/my-ghost-story/6773532/episode-guide",
          "link_type": "results"
        },
        {
          "domain": "www.sott.net",
          "link": "http://www.sott.net/article/267441-Ohio-woman-captures-a-ghost-in-a-photo-of-her-home",
          "link_type": "results"
        },
        {
          "domain": "acidcow.com",
          "link": "http://acidcow.com/pics/7602-best-ghost-pictures-ever-taken-26-pics.html",
          "link_type": "results"
        },
        {
          "domain": "borderzine.com",
          "link": "http://borderzine.com/2012/03/lingering-memories-of-ghostly-images-and-echoing-pep-rallies-haunt-el-paso-high/",
          "link_type": "results"
        },
        {
          "domain": "www.googleadservices.com",
          "link": "http://www.googleadservices.com/pagead/aclk?sa=L&ai=C0oL_GxujVtqtEobWpgPE8rLABJjUn_YEwInKzLcC5PLagFYIAxABYOUDkAECoAGcxLX8A8gBAaoEJ0_Qve11fy7-yRon69lZlwMI2ww3_WjZjYIpYDU3xT7qcvO4n2BF8YgGAYAHzLvKA5AHA6gHpr4b2AcB&ohost=www.google.com.mx&cid=CAASIuRopK_Bva_8TS9pxVInVqmfRmZY6_lm3-FSsn-e9ADs84Y&sig=AOD64_18GLMtGyOWS8BPhQ09r8GbdBLOfw&clui=0&q=&ved=0ahUKEwiihvHipL_KAhVlnIMKHWDeDvw4ChDRDAhR&adurl=http://www.greatbigcanvas.com/category/commercial-decor/restaurant-wall-art/",
          "link_type": "ads_main"
        }
      ]
    },
    {
      "results": [
        {
          "domain": "itunes.apple.com",
          "link": "https://itunes.apple.com/us/tv-season/my-ghost-story-season-4/id628464936",
          "link_type": "results"
        },
        {
          "domain": "www.filmsite.org",
          "link": "http://www.filmsite.org/scariestscenes10.html",
          "link_type": "results"
        },
        {
          "domain": "www.wikiwand.com",
          "link": "http://www.wikiwand.com/en/My_Ghost_Story",
          "link_type": "results"
        },
        {
          "domain": "www.trovster.com",
          "link": "http://www.trovster.com/movies/genre/horror",
          "link_type": "results"
        },
        {
          "domain": "altereddimensions.net",
          "link": "http://altereddimensions.net/2013/family-finds-someone-hidden-living-in-walls-of-home",
          "link_type": "results"
        },
        {
          "domain": "www.lsspi.org",
          "link": "http://www.lsspi.org/blog/",
          "link_type": "results"
        },
        {
          "domain": "www.haunted-places.com",
          "link": "http://www.haunted-places.com/paranorm.htm",
          "link_type": "results"
        },
        {
          "domain": "everything.explained.today",
          "link": "http://everything.explained.today/My_Ghost_Story/",
          "link_type": "results"
        },
        {
          "domain": "creepypasta.wikia.com",
          "link": "http://creepypasta.wikia.com/wiki/Tales_of_a_Ghost_Hunter",
          "link_type": "results"
        }
      ]
    }
  ]
}