{
  "Origins": "On 22 January 2015, a video titled \"Whistling at Your Mom\" was published to YouTube by the account MetaSpoon. Before the video was recaptioned for English-speaking audiences, the original circulated on the Spanish-speaking web via a YouTube posting from 23 November 2014 under the title \"Silbale a tu madre\" con Natalia Malaga (oficial).\"",
  "Fact Check": "",
  "Description": "After MetaSpoon added English captions to the original Spanish-language video, the clip became viral anew in the English-speaking world. Perhaps due in part to a diminished ability by the translator or viewers to detect nuance in the video's tone, the English version was widely accepted as a completely straightforward depiction of what occurred after unwitting, unapologetic catcallers were supposedly pranked into harassing their own mothers. Several large web sites subsequently published the viral video after the captions had been added and described it as \"men [who had been] tricked into catcalling their mothers\" or \"sons [who had realized] they catcalled their own moms.\" The video was actually a staged, commercially sponsored blend of advertisement and public service announcement (PSA)l but it was taken at face value by many who published or shared it, even when its affiliation with a large brand was mentioned: A new PSA about street harassment shows what happens when men realize the women they're catcalling are actually their mothers. Sponsored by Everlast, the PSA takes place in Lima, Peru where, as the video states, seven out of 10 women are harassed on the streets. Everlast found two men who were \"repeat offenders\" and contacted their moms who agreed to dress in disguise and walk past their sons. The original video (published by Everlast to its Peruvian channel) included the following description automatically translated from the original, which hinted at the staged nature of the anti-street harassment footage: We face a very serious problem: street sexual harassment. There are many who with his behavior plaguing women. Do not occur examples like these. An initiative of Everlast collaboration with the civic group \"Stop street harassment.\" Another (translated) mention of the \"Silbale a tu madre\" clip dated 7 December 2014 explained the content was entirely staged with actors. According to that site, the scenarios depicted in the video were \"recreated\" ones based upon interviews with men who had expressed discomfort after inadvertently catcalling women to whom they were related: Under the slogan Silbale your mother, the sports brand Everlast and the organization Stop Street Harassment the first Latin American Observatory against acoso recorded a mockumentary in which pretended to have identified bullies then contact their mothers, you change their look and make it happen where their children were. This performance by actors is based on interviews with real subjects who once harassed by mistake to a female relative and expressed \"deep shame.\" When the anti-street harassment PSA leapt from Spanish- to English-speaking audiences, it appeared to lose its original context. The video in question does not depict genuine interactions between mothers and their badly-behaved sons, and its dramatized nature was more obvious before English captions were added to it.",
  "Originally Published": "",
  "Referred Links": "http://verne.elpais.com/verne/2014/12/07/articulo/1417939184_159010.html;https://www.youtube.com/watch?v=RDpaX_KhWSk;",
  "Example": "[Collected via Twitter, January 2015] Watch street harassers get tricked into catcalling their moms. It's glorious",
  "Last Updated": "27 January 2015",
  "Credibility": "false",
  "URL": "www.snopes.com/photos/advertisements/catcalling.asp",
  "Claim": "A television show captured video of men who were tricked into catcalling their own mothers.",
  "Claim_ID": "photos_advertisements_catcalling",
  "Tags": "",
  "Google Results": [
    {
      "results": [
        {
          "domain": "www.snopes.com",
          "link": "http://www.snopes.com/photos/advertisements/catcalling.asp",
          "link_type": "results"
        },
        {
          "domain": "www.dailymail.co.uk",
          "link": "http://www.dailymail.co.uk/news/article-2926504/The-men-caught-cat-calling-wolf-whistling-MOTHERS-Hilarious-TV-disguises-women-experience-unwitting-sons-behaviour-Peru.html",
          "link_type": "results"
        },
        {
          "domain": "www.her.ie",
          "link": "http://www.her.ie/life/watch-men-tricked-into-cat-calling-their-mothers-in-new-tv-show/215217",
          "link_type": "results"
        },
        {
          "domain": "www.aljazeera.com",
          "link": "http://www.aljazeera.com/indepth/features/2015/11/viral-video-spurs-outrage-harassment-costa-rica-151126120522269.html",
          "link_type": "results"
        },
        {
          "domain": "www.rebelmouse.com",
          "link": "https://www.rebelmouse.com/jamie_maynard/oedipal-mom-check-959122808.html",
          "link_type": "results"
        },
        {
          "domain": "www.facebook.com",
          "link": "https://www.facebook.com/advodude/posts/1049665738457852",
          "link_type": "results"
        },
        {
          "domain": "sfglobe.com",
          "link": "http://sfglobe.com/2015/02/07/mom-gets-a-tear-jerking-surprise-while-on-a-tv-show/",
          "link_type": "results"
        },
        {
          "domain": "sfglobe.com",
          "link": "http://sfglobe.com/2015/07/10/mom-hilariously-explains-the-4-reasons-never-to-breastfeed-in-public/",
          "link_type": "results"
        },
        {
          "domain": "tongue-shaped.rssing.com",
          "link": "http://tongue-shaped.rssing.com/chan-1762436/latest.php",
          "link_type": "results"
        },
        {
          "domain": "rachelintheoc.com",
          "link": "http://rachelintheoc.com/2015/08/the-reasons-reverse-sexism-doesnt-really-exist/",
          "link_type": "results"
        }
      ]
    },
    {
      "results": [
        {
          "domain": "mweb.notey.com",
          "link": "http://mweb.notey.com/blogs/viral-video?page=12",
          "link_type": "results"
        },
        {
          "domain": "www.as-i-was-saying.com",
          "link": "http://www.as-i-was-saying.com/?view=classic",
          "link_type": "results"
        },
        {
          "domain": "www.kcl.ac.uk",
          "link": "http://www.kcl.ac.uk/media/press-cuttings/",
          "link_type": "results"
        },
        {
          "domain": "starwars.wikia.com",
          "link": "http://starwars.wikia.com/wiki/Jaina_Solo_Fel",
          "link_type": "results"
        },
        {
          "domain": "letstrashtalk.com",
          "link": "http://letstrashtalk.com/feed/podcast/",
          "link_type": "results"
        },
        {
          "domain": "www.archive.org",
          "link": "https://www.archive.org/stream/TheSatanicVerses/Salman_Rushdie-Satanic_Verses_djvu.txt",
          "link_type": "results"
        },
        {
          "domain": "jessiekahnweiler.com",
          "link": "http://jessiekahnweiler.com/blah-blah-blog/",
          "link_type": "results"
        },
        {
          "domain": "www.virginia.edu",
          "link": "http://www.virginia.edu/publichistory/bl/index.php?fulltranscript&uid=60",
          "link_type": "results"
        },
        {
          "domain": "www.reddit.com",
          "link": "https://www.reddit.com/r/AskWomen/comments/26mjtm/why_would_women_ever_want_to_be_part_of_a_harem/",
          "link_type": "results"
        },
        {
          "domain": "www.balancingjane.com",
          "link": "http://www.balancingjane.com/2014_01_01_archive.html",
          "link_type": "results"
        }
      ]
    },
    {
      "results": [
        {
          "domain": "www.lib.berkeley.edu",
          "link": "http://www.lib.berkeley.edu/MRC/WomenVid.html",
          "link_type": "results"
        },
        {
          "domain": "www.collegemediamatters.com",
          "link": "http://www.collegemediamatters.com/2013/11/15/1-million-story-ideas-for-student-journalists-2/",
          "link_type": "results"
        },
        {
          "domain": "kottke.org",
          "link": "http://kottke.org/08/10/",
          "link_type": "results"
        },
        {
          "domain": "tvtropes.org",
          "link": "http://tvtropes.org/pmwiki/pmwiki.php/Main/DeathByIrony",
          "link_type": "results"
        },
        {
          "domain": "artsinla.com",
          "link": "http://artsinla.com/Arts_In_NY_archives.html",
          "link_type": "results"
        },
        {
          "domain": "www.atheistfoundation.org.au",
          "link": "http://www.atheistfoundation.org.au/forums/archive/index.php/t-16269-p-5.html",
          "link_type": "results"
        },
        {
          "domain": "www.favl.org",
          "link": "http://www.favl.org/blog/archives/2012/01/",
          "link_type": "results"
        },
        {
          "domain": "sweetricechronicles.wordpress.com",
          "link": "https://sweetricechronicles.wordpress.com/",
          "link_type": "results"
        },
        {
          "domain": "www.ilyasahshabazz.com",
          "link": "http://www.ilyasahshabazz.com/?page_id=71",
          "link_type": "results"
        },
        {
          "domain": "ourjane.blogspot.com",
          "link": "http://ourjane.blogspot.com/2011_12_01_archive.html",
          "link_type": "results"
        }
      ]
    }
  ]
}