{
  "Origins": "The advent of digital editing tools that allow just about anyone to convincingly alter or fabricate photographs have made most of us so blas about the latest \"AMAZING PHOTOGRAPH!\" that it's hard to imagine the intense fascination and interest the above-displayed image generated back in the middle of the 20th century.",
  "Fact Check": "",
  "Description": "The back story for this picture of two bombers flying in a cloudy sky with a likeness of Christ clearly visible in the foreground was that it had been snapped in 1951 by a U.S. Air Force pilot during a dogfight over Korea; the pilot then sent the film back home to his mother in Chicago who had it developed and was amazed to see the image of Jesus in the clouds and sent a copy of the photo to her brother in Ashland, Kentucky. Then one Mrs. G. E. Dobbins (who \"got her picture from a neighbor, who got it from her daughter-in-law, who bought it for $1 from a woman who got it from an unnamed man\") sent a copy of the picture to the Ashland Daily Independent ; that newspaper published the picture in August 1951, touching off a photojournalistic commotion in the process. The Daily Independent issue with the \"Jesus in the clouds\" picture sold out. The newspaper reprinted the picture two weeks later, and that issue also sold out. Soon afterwards, the picture was seemingly everywhere across the U.S., as described by Time magazine: Readers sent clips far & wide, and letters poured in. Wrote a Fifth Air Force sergeant in Korea: \"Pilots especially [got] a reminder that 'God is their copilot.'\" Wrote another soldier: \"The picture gave us all a spiritual and moral uplifting ...\" The Religious News Service and N.E.A. distributed the picture, and in the next two months it was widely reproduced in the U.S. press and abroad. Reprints were given away, or sold at $1 apiece in the Bible belt. But what of the photo's origins? Unsurprisingly, when curious journalists attempted to track down the Air Force pilot who snapped the picture, the mother in Chicago who developed it, or the brother in Ashland who spread it to that community, all of those figures proved elusive. Within four months of the photo's original publication in the Ashland Daily Independent , a (real) member of the U.S. Air Force provided the actual story behind the picture: [In November 1951] Air Force Staff Sergeant Roy C. Burnham walked into the Savannah Morning News, sister paper of the Savannah Evening Press which had run the picture that day. He branded it a fake. With him, Burnham had an identical picture in color, which he had obtained from an Air Force photo laboratory technician in England in 1944. The technician, whose name Burnham did not remember, had told Burnham he had taken a picture of a B-17 bombing mission over Europe and painted in the picture of Christ. He planned to sell pictures to airmen as souvenirs. Said Burnham: \"I thought it was time people found out the truth. The thing has been carried too far. Some people are actually beginning to believe that stuff about the picture.\"",
  "Originally Published": "",
  "Referred Links": "",
  "Example": "[Collected via e-mail, July 2008] On a bombing raid to North Korea during the Korean War, one of the American B-29 bomber pilots saw a dazzling white light in the sky. Even though the pilot could see no details in the brightness, he took a photograph. Jesus Christ has appeared at significant times throughout the 2000 years of Christianity.",
  "Last Updated": "8 May 2015",
  "Credibility": "false",
  "URL": "www.snopes.com/photos/natural/jesusclouds.asp",
  "Claim": "Photograph snapped during a Korean War bombing raid shows an image of Jesus in the clouds.",
  "Claim_ID": "photos_natural_jesusclouds",
  "Tags": "",
  "Google Results": [
    {
      "results": [
        {
          "domain": "www.snopes.com",
          "link": "http://www.snopes.com/photos/natural/jesusclouds.asp",
          "link_type": "results"
        },
        {
          "domain": "www.facebook.com",
          "link": "https://www.facebook.com/snopes/posts/503188756492315",
          "link_type": "results"
        },
        {
          "domain": "twitter.com",
          "link": "https://twitter.com/snopes/status/507605572145786882",
          "link_type": "results"
        },
        {
          "domain": "www.codewit.com",
          "link": "http://www.codewit.com/religion/22171-photograph-snapped-during-a-korean-war-bombing-raid-shows-an-image-of-jesus-in-the-clouds",
          "link_type": "results"
        },
        {
          "domain": "www.abovetopsecret.com",
          "link": "http://www.abovetopsecret.com/forum/thread273828/pg1",
          "link_type": "results"
        },
        {
          "domain": "fractured-simplicity.net",
          "link": "http://fractured-simplicity.net/daydreaming/media/flam/pages/indexl.php?u=images-of-jesus-in-the-clouds",
          "link_type": "results"
        },
        {
          "domain": "www.linkati.com",
          "link": "http://www.linkati.com/images-of-jesus-in-the-clouds.htm",
          "link_type": "results"
        },
        {
          "domain": "m.delphiforums.com",
          "link": "http://m.delphiforums.com/newtish/messages/46433/254",
          "link_type": "results"
        },
        {
          "domain": "m.delphiforums.com",
          "link": "http://m.delphiforums.com/newtish/messages/46433/255",
          "link_type": "results"
        },
        {
          "domain": "letschatmusic.com",
          "link": "http://letschatmusic.com/mp3/download/picture-of-christ-coming-in-the-clouds.html",
          "link_type": "results"
        }
      ]
    },
    {
      "results": [
        {
          "domain": "undebunked.yuku.com",
          "link": "http://undebunked.yuku.com/topic/669/Seen-Jesus-Lately",
          "link_type": "results"
        },
        {
          "domain": "whatreallyhappened.com",
          "link": "http://whatreallyhappened.com/",
          "link_type": "results"
        },
        {
          "domain": "www.huffingtonpost.com",
          "link": "http://www.huffingtonpost.com/2013/12/23/photos-of-the-year_n_4493077.html",
          "link_type": "results"
        },
        {
          "domain": "www.shrineofsaintjude.net",
          "link": "http://www.shrineofsaintjude.net/home1345.html",
          "link_type": "results"
        },
        {
          "domain": "en.wikipedia.org",
          "link": "https://en.wikipedia.org/wiki/Guadalcanal_Campaign",
          "link_type": "results"
        },
        {
          "domain": "en.wikipedia.org",
          "link": "https://en.wikipedia.org/wiki/1945",
          "link_type": "results"
        },
        {
          "domain": "kottke.org",
          "link": "http://kottke.org/tag/war",
          "link_type": "results"
        },
        {
          "domain": "www.vanityfair.com",
          "link": "http://www.vanityfair.com/news/politics/2014/10/gaza-tunnel-plot-israeli-intelligence",
          "link_type": "results"
        },
        {
          "domain": "www.pinterest.com",
          "link": "https://www.pinterest.com/pin/156781630747459542/",
          "link_type": "results"
        },
        {
          "domain": "framework.latimes.com",
          "link": "http://framework.latimes.com/2014/05/23/the-week-in-pictures-182/",
          "link_type": "results"
        },
        {
          "domain": "www.googleadservices.com",
          "link": "http://www.googleadservices.com/pagead/aclk?sa=L&ai=CC0mJcK6nVpyKOMrLhASJl7DAC__gtq0H_6rj-qwCj-GgjJ4BCAMQAWDNmOCA6AKQAQKgAZb-x_kDyAEBqQIoNVnqNcp-PqoEJU_QTvRlbiSGumCl108M4wSL8huizYSffcUNi0Dprwb41LYNOA2IBgGAB6-FikSQBwOoB6a-G9gHAQ&ohost=www.google.com.br&cid=CAASIuRoPZIYvxaeAeKgfuvBRVp65s5v8xZMJRd1MqRbseKb_gA&sig=AOD64_2-wGBX1Isll19i1mtAcYgREfpSZA&clui=0&q=&ved=0ahUKEwjzz4XsgcjKAhVI0iYKHfYfD0c4ChDRDAhW&adurl=http://www.zapmeta.ws/ws%3Fq%3Djesus%2520in%2520the%2520clouds%2520picture%26asid%3Dws_gc3_03%26mt%3Db%26nw%3Dg%26de%3Dc%26ap%3D2o1",
          "link_type": "ads_main"
        }
      ]
    },
    {
      "results": [
        {
          "domain": "tatoott1009.com",
          "link": "https://tatoott1009.com/2013/08/20/new-world-order-the-other-mystery-the-cards/",
          "link_type": "results"
        },
        {
          "domain": "www.historynet.com",
          "link": "http://www.historynet.com/franklin-d-roosevelt",
          "link_type": "results"
        },
        {
          "domain": "www.donaldedavis.com",
          "link": "http://www.donaldedavis.com/DEC99NEW/DDs60s.html",
          "link_type": "results"
        },
        {
          "domain": "www.dailymail.co.uk",
          "link": "http://www.dailymail.co.uk/news/article-2525695/Acrobat-breaks-neck-live-camera-trying-break-world-record-jumping-panes-glass-appeals-100-000-recovery-money.html",
          "link_type": "results"
        },
        {
          "domain": "www.encyclopedia.com",
          "link": "http://www.encyclopedia.com/topic/Colorado.aspx",
          "link_type": "results"
        },
        {
          "domain": "www.encyclopedia.com",
          "link": "http://www.encyclopedia.com/topic/war.aspx",
          "link_type": "results"
        },
        {
          "domain": "untoldvalor.blogspot.com",
          "link": "http://untoldvalor.blogspot.com/2007_07_01_archive.html",
          "link_type": "results"
        },
        {
          "domain": "www.wright-brothers.org",
          "link": "http://www.wright-brothers.org/Information_Desk/Help_with_Homework/Expert_Interview/Expert_Interview.htm",
          "link_type": "results"
        },
        {
          "domain": "www.arlingtoncemetery.net",
          "link": "http://www.arlingtoncemetery.net/jjfoss.htm",
          "link_type": "results"
        }
      ]
    }
  ]
}