{
  "Origins": "The Eshima Ohashi bridge, which spans Lake Nakaumi to connect the Japanese cities of Matsue and Sakaiminato, was constructed with a high span in order to allow the passage of boat traffic from the latter city, a major fishing port. Although the mile-long bridge looks something like the upward slope of a roller coaster in the picture displayed above, that appearance is the artifact of telephoto lens usage (which typically flattens perspective in long-distance shots). In fact, the bridge has a gradient of 6.1% on one side and 5.1% on the other, presenting motorists with a gradual climb that doesn't look quite so scary in standard distance shots:",
  "Fact Check": "",
  "Description": "The following videos provide an idea of what the sensation of crossing the bridge is like, the first from the perspective of an observer and the second from that of a participant: The Eshima Ohashi bridge is far from being the highest in the world, however. That honor belongs to the Sidu (or Sidhue) River Bridge, a 4000-foot suspension bridge that spans the valley of the Sidu River in China's Hubei Province at a height of 1,627 feet. By way of comparison, the famous Empire State Building measures only 1,454 from its base to the tip of its antenna spire:",
  "Originally Published": "",
  "Referred Links": "http://thesiduriverbridgemolinater.weebly.com/;",
  "Example": "[Collected via e-mail, May 2015] Is this a real bridge in Japan?",
  "Last Updated": "11 May 2015",
  "Credibility": "true",
  "URL": "www.snopes.com/photos/architecture/eshimabridge.asp",
  "Claim": "Photograph shows the roller coaster-like Eshima Ohashi Bridge in Japan.",
  "Claim_ID": "photos_architecture_eshimabridge",
  "Tags": "",
  "Google Results": [
    {
      "results": [
        {
          "domain": "www.dailymail.co.uk",
          "link": "http://www.dailymail.co.uk/news/article-3060017/Road-bridge-rollercoaster-Japan-s-incredible-Eshima-Ohashi-confident-driver-nightmares.html",
          "link_type": "results"
        },
        {
          "domain": "www.snopes.com",
          "link": "http://www.snopes.com/photos/architecture/eshimabridge.asp",
          "link_type": "results"
        },
        {
          "domain": "www.boredpanda.com",
          "link": "http://www.boredpanda.com/steep-rollercoaster-bridge-eshima-ohashi-japan/",
          "link_type": "results"
        },
        {
          "domain": "laughingsquid.com",
          "link": "http://laughingsquid.com/eshima-ohashi-bridge-a-tall-bridge-in-western-japan-that-resembles-a-roller-coaster-for-cars/",
          "link_type": "results"
        },
        {
          "domain": "www.youtube.com",
          "link": "https://www.youtube.com/watch?v=PcNxSLMNR2Y",
          "link_type": "results"
        },
        {
          "domain": "www.amusingplanet.com",
          "link": "http://www.amusingplanet.com/2015/03/eshima-ohashi-bridge-in-matsue-japan.html",
          "link_type": "results"
        },
        {
          "domain": "sploid.gizmodo.com",
          "link": "http://sploid.gizmodo.com/this-crazy-bridge-in-japan-looks-more-like-a-terrifying-1701569629",
          "link_type": "results"
        },
        {
          "domain": "www.dramafever.com",
          "link": "http://www.dramafever.com/news/6-photos-of-japans-crazy-rollercoaster-bridge-that-will-blow-your-mind/",
          "link_type": "results"
        },
        {
          "domain": "www.lostateminor.com",
          "link": "http://www.lostateminor.com/2015/05/01/theres-a-bridge-in-japan-thats-so-steep-it-looks-more-like-a-rollercoaster/",
          "link_type": "results"
        }
      ]
    },
    {
      "results": [
        {
          "domain": "www.industrytap.com",
          "link": "http://www.industrytap.com/eshima-ohashi-bridge-japan-actually-optical-illusion-terrifying/28417",
          "link_type": "results"
        },
        {
          "domain": "www.huffingtonpost.com",
          "link": "http://www.huffingtonpost.com/2015/05/06/eshima-ohashi-bridge_n_7213846.html",
          "link_type": "results"
        },
        {
          "domain": "www.mymodernmet.com",
          "link": "http://www.mymodernmet.com/profiles/blogs/eshima-ohashi-japan-rollercoaster",
          "link_type": "results"
        },
        {
          "domain": "www.mirror.co.uk",
          "link": "http://www.mirror.co.uk/news/weird-news/japans-crazy-rollercoaster-bridge-forces-5602099",
          "link_type": "results"
        },
        {
          "domain": "www.weather.com",
          "link": "http://www.weather.com/travel/news/weirdest-bridges-world-photos-20140730",
          "link_type": "results"
        },
        {
          "domain": "www.pinterest.com",
          "link": "https://www.pinterest.com/pin/253538653999019869/",
          "link_type": "results"
        },
        {
          "domain": "www.pinterest.com",
          "link": "https://www.pinterest.com/pin/86835099041860385/",
          "link_type": "results"
        },
        {
          "domain": "blazepress.com",
          "link": "http://blazepress.com/2015/04/bridge-in-japan-looks-more-like-a-roller-coaster/",
          "link_type": "results"
        },
        {
          "domain": "www.tumblr.com",
          "link": "https://www.tumblr.com/tagged/Eshima-Ohashi-Bridge",
          "link_type": "results"
        },
        {
          "domain": "au.travel.yahoo.com",
          "link": "https://au.travel.yahoo.com/news/a/27466302/japans-rollercoaster-bridge/",
          "link_type": "results"
        }
      ]
    },
    {
      "results": [
        {
          "domain": "www.innamag.com",
          "link": "http://www.innamag.com/bridge-in-japan/",
          "link_type": "results"
        },
        {
          "domain": "www.express.co.uk",
          "link": "http://www.express.co.uk/travel/articles/573728/Japan-Eshima-Ohashi-Bridge-Scary-world",
          "link_type": "results"
        },
        {
          "domain": "home.bt.com",
          "link": "http://home.bt.com/lifestyle/motoring/motoring-news/would-you-drive-over-japans-terrifying-rollercoaster-bridge-11363978796561",
          "link_type": "results"
        },
        {
          "domain": "alterminds.xyz",
          "link": "http://alterminds.xyz/eshima-ohashi-bridge/",
          "link_type": "results"
        },
        {
          "domain": "usa.chinadaily.com.cn",
          "link": "http://usa.chinadaily.com.cn/2015-05/15/content_20728011_2.htm",
          "link_type": "results"
        },
        {
          "domain": "www.alllatestnews.com",
          "link": "http://www.alllatestnews.com/2015/09/16/unbelievable-roller-coaster-bridge-the-eshima-ohashi-bridge.html",
          "link_type": "results"
        },
        {
          "domain": "you.co.za",
          "link": "http://you.co.za/news/japans-roller-coaster-bridge-is-something-to-see/",
          "link_type": "results"
        },
        {
          "domain": "www.equipmentworld.com",
          "link": "http://www.equipmentworld.com/the-grade-of-this-unique-japanese-bridge-isnt-as-terrifying-as-it-looks-video/",
          "link_type": "results"
        },
        {
          "domain": "www.reckontalk.com",
          "link": "http://www.reckontalk.com/8-photo-of-japanese-roller-coaster-steep-bridge-eshima-ohashi/",
          "link_type": "results"
        },
        {
          "domain": "www.charismaticplanet.com",
          "link": "http://www.charismaticplanet.com/the-eshima-ohashi-bridge-in-matsue-japan-looks-absolutely-frightening/",
          "link_type": "results"
        }
      ]
    }
  ]
}