{
  "Origins": "This video clip of a windmill (or, more properly, a wind turbine) seemingly disintegrating with explosive force during a bout of high winds looks so much like a Hollywood-style special effect that many viewers have doubted its authenticity. However, according to the Copenhagen Post, Denmark experienced two such incidents of Vestas wind turbines collapsing during high winds in February 2008, at least one of which was captured on video:",
  "Fact Check": "",
  "Description": "Another video captured the same incident from a slightly different perspective: A Danish newspaper photograph showed the aftermath of a wind turbine's collapse:",
  "Originally Published": "",
  "Referred Links": "",
  "Example": "[Collected via e-mail, March 2008] If you've ever wondered how much wind energy there is in a hurricane, take a look at this clip of a Danish wind turbine exploding. Oh, the energy we waste.",
  "Last Updated": "4 August 2014",
  "Credibility": "true",
  "URL": "www.snopes.com/photos/accident/windmill.asp",
  "Claim": "Video clip shows a wind turbine exploding during high winds.",
  "Claim_ID": "photos_accident_windmill",
  "Tags": "",
  "Google Results": [
    {
      "results": [
        {
          "domain": "www.youtube.com",
          "link": "https://www.youtube.com/watch?v=7nSB1SdVHqQ",
          "link_type": "results"
        },
        {
          "domain": "www.youtube.com",
          "link": "https://www.youtube.com/watch?v=CqEccgR0q-o",
          "link_type": "results"
        },
        {
          "domain": "www.snopes.com",
          "link": "http://www.snopes.com/photos/accident/windmill.asp",
          "link_type": "results"
        },
        {
          "domain": "www.dailymail.co.uk",
          "link": "http://www.dailymail.co.uk/news/article-518541/Captured-video-The-moment-wind-turbine-exploded-gales.html",
          "link_type": "results"
        },
        {
          "domain": "www.dailymail.co.uk",
          "link": "http://www.dailymail.co.uk/news/article-2083149/Wind-turbines-cope-UK-weather-3-blown-pieces.html",
          "link_type": "results"
        },
        {
          "domain": "www.facebook.com",
          "link": "https://www.facebook.com/snopes/posts/484114121733112",
          "link_type": "results"
        },
        {
          "domain": "www.facebook.com",
          "link": "https://www.facebook.com/NENCWindEnergy/posts/785090561614152",
          "link_type": "results"
        },
        {
          "domain": "sunsunsun.xyz",
          "link": "http://sunsunsun.xyz/wind-turbine-explosion-high-winds/",
          "link_type": "results"
        },
        {
          "domain": "www.newscientist.com",
          "link": "https://www.newscientist.com/blogs/onepercent/2011/12/why-did-a-wind-turbine-self-co.html",
          "link_type": "results"
        }
      ]
    },
    {
      "results": [
        {
          "domain": "reduceyourcarbon2016.com",
          "link": "http://reduceyourcarbon2016.com/wind-turbine-explosion-high-winds/",
          "link_type": "results"
        },
        {
          "domain": "www.voicesagainstturbines.co.uk",
          "link": "http://www.voicesagainstturbines.co.uk/safety-accidents/",
          "link_type": "results"
        },
        {
          "domain": "l3l.dhs.org",
          "link": "http://l3l.dhs.org/pm9.html",
          "link_type": "results"
        },
        {
          "domain": "www.reddit.com",
          "link": "https://www.reddit.com/r/videos/comments/1p70o5/this_is_what_happens_when_a_windmill_spins_too/",
          "link_type": "results"
        },
        {
          "domain": "toryardvaark.wordpress.com",
          "link": "https://toryardvaark.wordpress.com/2011/12/13/why-wind-turbines-explode/",
          "link_type": "results"
        },
        {
          "domain": "frenchgx.my3gb.com",
          "link": "http://frenchgx.my3gb.com/inzsv/video-cly7.html",
          "link_type": "results"
        },
        {
          "domain": "stormhighway.com",
          "link": "http://stormhighway.com/powerarc.php",
          "link_type": "results"
        },
        {
          "domain": "wattsupwiththat.com",
          "link": "http://wattsupwiththat.com/2011/02/02/wind-power-gets-bent-out-of-shape-in-wyoming/",
          "link_type": "results"
        },
        {
          "domain": "www.shutterstock.com",
          "link": "https://www.shutterstock.com/video/search/wind",
          "link_type": "results"
        },
        {
          "domain": "camelopardid2.rssing.com",
          "link": "http://camelopardid2.rssing.com/chan-1192507/all_p94.html",
          "link_type": "results"
        }
      ]
    },
    {
      "results": [
        {
          "domain": "www.weather.com",
          "link": "http://www.weather.com/news/weather/news/northwest-high-winds-rain-snow-impacts",
          "link_type": "results"
        },
        {
          "domain": "m.delphiforums.com",
          "link": "http://m.delphiforums.com/newtish/messages/46433/253",
          "link_type": "results"
        },
        {
          "domain": "1080.plus",
          "link": "http://1080.plus/segmMvgE4mw.video",
          "link_type": "results"
        },
        {
          "domain": "www.nature.com",
          "link": "http://www.nature.com/news/renewable-energy-wind-power-tests-the-waters-1.15992",
          "link_type": "results"
        },
        {
          "domain": "www.pardoe.net",
          "link": "http://www.pardoe.net/abo/windfail.htm",
          "link_type": "results"
        },
        {
          "domain": "video.nationalgeographic.com",
          "link": "http://video.nationalgeographic.com/video/101-videos/hurricanes-101",
          "link_type": "results"
        },
        {
          "domain": "abcnews.go.com",
          "link": "http://abcnews.go.com/topics/news/weather/santa-ana-winds.htm?mediatype=Video",
          "link_type": "results"
        },
        {
          "domain": "www.1001crash.com",
          "link": "http://www.1001crash.com/index-page-video-lg-2.html",
          "link_type": "results"
        },
        {
          "domain": "forum.solar-electric.com",
          "link": "http://forum.solar-electric.com/discussion/22310/wind-turbine-in-high-winds",
          "link_type": "results"
        }
      ]
    }
  ]
}