{
  "Origins": "On 31 May 2015, the Twitter account @OldPicsArchive posted a photograph showing a group of women and identified as depicting a \"sex lecture in the 20s.\" Although the image does date from the 1920s, it does not capture a group of women listening to a lecture about sex. The picture is actually a still from the 1929 Clara Bow movie The Wild Party .",
  "Fact Check": "",
  "Description": "The Wild Party is not readily available for viewing on the Internet, but the scene featuring the above-displayed image can be glimpsed at the 30-second mark in the following excerpt: Although what's shown here is not a real college lecture from the 1920s, the plot of the The Wild Party did deal with sexual themes: The film focuses on an all-female college where the students are more interested in having fun and partying than studying. Stella Ames (Clara Bow) is the most popular student, with a loud mouth. When the young and attractive professor Gilmore 'Gil' (Fredric March) starts working there in anthropology, all the girls immediately feel attracted to him. Stella recognizes him as the man she once accidentally shared a bed with, thereby risking her reputation.",
  "Originally Published": "",
  "Referred Links": "http://www.imdb.com/title/tt0020590/plotsummary?ref_=tt_ov_pl;https://twitter.com/oldpicsarchive/status/605054437091119104;",
  "Example": "[Collected via Twitter, June 2015]",
  "Last Updated": "1 June 2015",
  "Credibility": "false",
  "URL": "www.snopes.com/photos/people/1920lecture.asp",
  "Claim": "A photograph from the 1920s shows a group of women listening to a lecture about sex.",
  "Claim_ID": "photos_people_1920lecture",
  "Tags": "",
  "Google Results": [
    {
      "results": [
        {
          "domain": "www.snopes.com",
          "link": "http://www.snopes.com/photos/people/1920lecture.asp",
          "link_type": "results"
        },
        {
          "domain": "www.facebook.com",
          "link": "https://www.facebook.com/permalink.php?story_fbid=938606619552518&id=170028289743692",
          "link_type": "results"
        },
        {
          "domain": "www.facebook.com",
          "link": "https://www.facebook.com/Unzipped-170028289743692/",
          "link_type": "results"
        },
        {
          "domain": "www.darylpollock.com",
          "link": "http://www.darylpollock.com/category/college/",
          "link_type": "results"
        },
        {
          "domain": "en.wikipedia.org",
          "link": "https://en.wikipedia.org/wiki/Flapper",
          "link_type": "results"
        },
        {
          "domain": "en.wikipedia.org",
          "link": "https://en.wikipedia.org/wiki/Roscoe_Arbuckle",
          "link_type": "results"
        },
        {
          "domain": "www.gresham.ac.uk",
          "link": "http://www.gresham.ac.uk/lectures-and-events/the-victorians-gender-and-sexuality",
          "link_type": "results"
        },
        {
          "domain": "www.gilderlehrman.org",
          "link": "https://www.gilderlehrman.org/history-by-era/roaring-twenties/essays/roaring-twenties",
          "link_type": "results"
        },
        {
          "domain": "history.journalism.ku.edu",
          "link": "http://history.journalism.ku.edu/1920/1920.shtml",
          "link_type": "results"
        },
        {
          "domain": "topdocumentaryfilms.com",
          "link": "http://topdocumentaryfilms.com/killing-us-softly-3/",
          "link_type": "results"
        },
        {
          "domain": "",
          "link": "/aclk?sa=l&ai=CNYexL86nVs-NPIvQpgPI5pDoCeTXrtEHjNmP5rcCpI_bjMABCAMQAWDlg4CAqBagAezy28gDyAEBqgQoT9CZiqOomGb8O7kOyTl3NfX9OdR2qHwXX5yKZV6jg43qyB-BHWVHOoAH_IykN5AHA6gHpr4b2AcB&sig=AOD64_1A7ghNwpSyt-_-jAzPhjwIwiMIig&clui=0&q=&ved=0ahUKEwjm56uPoMjKAhWDgYMKHaFjArIQ0QwIUw&adurl=http://tracker.marinsm.com/rd%3Fcid%3Doavqnkt3r0%26mkwid%3DsKnyhWg0u%26pcrid%3D83544602124%26pdv%3Dc%26product%3D%26lp%3Dhttps://www.1stdibs.com/art/photography/%253Fper%253D1920-1930",
          "link_type": "ads_main"
        }
      ]
    },
    {
      "results": [
        {
          "domain": "memory.loc.gov",
          "link": "https://memory.loc.gov/ammem/awhhtml/awintro/awintro.html",
          "link_type": "results"
        },
        {
          "domain": "www.oxfordmusiconline.com",
          "link": "http://www.oxfordmusiconline.com/public/page/Women_in_music",
          "link_type": "results"
        },
        {
          "domain": "en.wikiquote.org",
          "link": "https://en.wikiquote.org/wiki/Margaret_Mead",
          "link_type": "results"
        },
        {
          "domain": "www.theatlantic.com",
          "link": "http://www.theatlantic.com/education/archive/2015/10/school-dress-codes-are-problematic/410962/",
          "link_type": "results"
        },
        {
          "domain": "hsc.csu.edu.au",
          "link": "http://hsc.csu.edu.au/english/advanced/comparative/perspectives/1984/4663/metropolis.htm",
          "link_type": "results"
        },
        {
          "domain": "prospect.org",
          "link": "http://prospect.org/article/sexual-counterrevolution",
          "link_type": "results"
        },
        {
          "domain": "www.parliament.uk",
          "link": "http://www.parliament.uk/get-involved/education-programmes/universities-programme/university-teaching-resources/parliament-and-suffragettes/",
          "link_type": "results"
        },
        {
          "domain": "www3.nd.edu",
          "link": "https://www3.nd.edu/~rwilliam/xsoc530/prejudice.html",
          "link_type": "results"
        },
        {
          "domain": "www.goodreads.com",
          "link": "http://www.goodreads.com/book/show/17348988-miss-anne-in-harlem",
          "link_type": "results"
        },
        {
          "domain": "msmagazine.com",
          "link": "http://msmagazine.com/blog/2013/05/28/10-things-that-american-women-could-not-do-before-the-1970s/",
          "link_type": "results"
        }
      ]
    },
    {
      "results": [
        {
          "domain": "prelectur.stanford.edu",
          "link": "https://prelectur.stanford.edu/lecturers/carby/excerpts.html",
          "link_type": "results"
        },
        {
          "domain": "www.dailymail.co.uk",
          "link": "http://www.dailymail.co.uk/debate/article-1274952/Men-ARE-brainy-women-says-scientist-Professor-Richard-Lynn.html",
          "link_type": "results"
        },
        {
          "domain": "www.academia.edu",
          "link": "http://www.academia.edu/3723580/The_Relationship_of_Media_and_Crime_and_Media_Portrayals_of_Criminals_Based_on_Age_Gender_Ethnicity_and_Social_Class",
          "link_type": "results"
        },
        {
          "domain": "www.encyclopedia.com",
          "link": "http://www.encyclopedia.com/topic/social_work.aspx",
          "link_type": "results"
        },
        {
          "domain": "www.doctorhugo.org",
          "link": "http://www.doctorhugo.org/synaesthesia/art/",
          "link_type": "results"
        },
        {
          "domain": "www.unl.edu",
          "link": "http://www.unl.edu/wgs/community-events-calendar",
          "link_type": "results"
        },
        {
          "domain": "www.apa.org",
          "link": "http://www.apa.org/monitor/2013/02/ce-corner.aspx",
          "link_type": "results"
        },
        {
          "domain": "www.joebaugher.com",
          "link": "http://www.joebaugher.com/copyright.htm",
          "link_type": "results"
        },
        {
          "domain": "www.historyandpolicy.org",
          "link": "http://www.historyandpolicy.org/dialogues/discussions/prostitution-and-the-law-in-historical-perspective-a-dialogue",
          "link_type": "results"
        }
      ]
    }
  ]
}