{
  "Origins": "In his November 2010 article \"IT WILL BEAWESOME IF THEY DON T SCREW IT UP: 3D Printing, Intellectual Property, and the Fight Over the Next Great Disruptive Technology,\" Michael Weinberg says of 3D printing technology that:",
  "Fact Check": "",
  "Description": "He goes on to describe the technology behind 3D printing thusly: Essentially, a 3D printer is a machine that can turn a blueprint into a physical object. Feed it a design for a wrench, and it produces a physical, working wrench. Scan a coffee mug with a 3D scanner, send the file to the printer, and produce thousands of identical mugs. While even today there are a number of competing designs for 3D printers, most work in the same general way. Instead of taking a block of material and cutting away until it produces an object, a 3D printer actually builds the object up from tiny bits of material, layer by layer. Among other advantages, this allows a 3D printer to create structures that would be impossible if the designer needed to find a way to insert a cutting tool into a solid block of material. It also allows a 3D printer to form general-purpose material into a wide variety of diverse objects. Because they create objects by building them up layer-by-layer, 3D printers can create objects with internal, movable parts. Instead of having to print individual parts and have a person assemble them, a 3D printer can print the object already assembled. Of course, a 3D printer can also print individual parts or replacement parts. In fact, some 3D printers can print a substantial number of their own parts, essentially allowing them to self-replicate. The National Geographic Channel video clip displayed above features a demonstration of 3D printing technology by Z Corporation's Vice President of Product Management, Joe Titlow, who shows physicist David Kaplan the scanning, \"printing,\" and use of a wrench duplicated via a 3D printer. Some viewers maintain that the video has obviously been manipulated or staged in some way because the wrench produced by the 3D printer is not identical to the original wrench. However, a comment about the clip posted to YouTube by a Z Corporation employee explains that: As the Z Corp employee in this clip, I can assure you that this is most certainly not faked. The differences you noticed between the original wrench and the printed one were done to demonstrate that once scanned, the geometry can be digitally edited and then printed. (This is the normal workflow for most of our customers today [but] in the interest of time, the producers cut the explanation of the editing down.) Likewise, Z Corporation's Facebook page notes of the video that: [Y]ou are correct in noting the variances between the scanned and printed wrenches [but] we were certainly not trying to cheat or pull a fast one on viewers. Rather, the objective and message of that particular portion of the video was to demonstrate how easy it is to make changes to a scanned part using 3D software (we were changing the color of the part at the time). Indeed this is the most common way that engineers work with scanned parts get it into 3D software first: then stretch this, add that, print and see if you're satisfied with the results a basic iterative design process. We are strong proponents of iterative design because that process produces better results. Even if no changes were made to the basic structure of the tool, it is very common for engineers to modify a scanned file, for example, to complete the internal workings of a moving part that might not be visible to the scanner. It s not cheating or deception, just normal processes familiar to users of all 3D scanners. Obtaining a near-exact replica of an object is entirely possible even though that was not shown in the video. This response video explains some of the supposed discrepancies present in the original video: 3D printers have also been used to duplicate less pragmatic items, such as chocolate .",
  "Originally Published": "",
  "Referred Links": "http://www.bbc.co.uk/news/technology-14030720;http://www.zcorp.com/en/home.aspx;http://channel.nationalgeographic.com/;http://www.publicknowledge.org/files/docs/3DPrintingPaperPublicKnowledge.pdf;",
  "Example": "[Collected via e-mail, July 2011] If this is for real, it is really cool.",
  "Last Updated": "13 July 2011",
  "Credibility": "true",
  "URL": "www.snopes.com/photos/technology/3dprinter.asp",
  "Claim": "Video clip shows a wrench being duplicated by a 3D printer.",
  "Claim_ID": "photos_technology_3dprinter",
  "Tags": "",
  "Google Results": [
    {
      "results": [
        {
          "domain": "www.youtube.com",
          "link": "https://www.youtube.com/watch?v=jQ-aWFYT_SU",
          "link_type": "results"
        },
        {
          "domain": "www.snopes.com",
          "link": "http://www.snopes.com/photos/technology/3dprinter.asp",
          "link_type": "results"
        },
        {
          "domain": "spainbuzz.net",
          "link": "http://spainbuzz.net/thread/3d-printer-zcorp-youtube-wrench.html",
          "link_type": "results"
        },
        {
          "domain": "gfxspeak.com",
          "link": "http://gfxspeak.com/2011/07/14/snopes-weighs-in-on-unbelieveable-3d-printing-video/",
          "link_type": "results"
        },
        {
          "domain": "swnnr.eu5.org",
          "link": "http://swnnr.eu5.org/3d+printer+wrench+video/",
          "link_type": "results"
        },
        {
          "domain": "swnnr.eu5.org",
          "link": "http://swnnr.eu5.org/3d+printer+wrench+videos/",
          "link_type": "results"
        },
        {
          "domain": "stephenslighthouse.com",
          "link": "http://stephenslighthouse.com/2011/07/18/3d-printing-2/",
          "link_type": "results"
        },
        {
          "domain": "stephenslighthouse.com",
          "link": "http://stephenslighthouse.com/page/783/?destination=forum%2F65%3Fsort%3Dasc%26order%3DReplies",
          "link_type": "results"
        },
        {
          "domain": "gizmodo.com",
          "link": "http://gizmodo.com/why-3d-printing-is-overhyped-i-should-know-i-do-it-fo-508176750",
          "link_type": "results"
        },
        {
          "domain": "www.popularmechanics.com",
          "link": "http://www.popularmechanics.com/cars/a4354/4320759/",
          "link_type": "results"
        }
      ]
    },
    {
      "results": [
        {
          "domain": "stephenslighthouse.com",
          "link": "http://stephenslighthouse.com/page/782/?destination=comment%2Freply%2F143%23comment-form",
          "link_type": "results"
        },
        {
          "domain": "www.stumbleupon.com",
          "link": "http://www.stumbleupon.com/stumbler/ese98/likes",
          "link_type": "results"
        },
        {
          "domain": "www.stumbleupon.com",
          "link": "http://www.stumbleupon.com/stumbler/venomy/likes/interest/science?_notoolbar",
          "link_type": "results"
        },
        {
          "domain": "zyyegec.xpg.uol.com.br",
          "link": "http://zyyegec.xpg.uol.com.br/military-download-video-clip-3d-demo.html",
          "link_type": "results"
        },
        {
          "domain": "groups.google.com",
          "link": "https://groups.google.com/forum/#!topic/christiansunchained/NniCgTPfbv4",
          "link_type": "results"
        },
        {
          "domain": "hackaday.com",
          "link": "http://hackaday.com/2015/09/29/autodesk-open-sources-ember-3d-printer/",
          "link_type": "results"
        },
        {
          "domain": "www.3ders.org",
          "link": "http://www.3ders.org/applications.html",
          "link_type": "results"
        },
        {
          "domain": "tag.wonderhowto.com",
          "link": "http://tag.wonderhowto.com/how-to-pick-a-deadbolt-lock-with-a-allen-wrench/",
          "link_type": "results"
        },
        {
          "domain": "www.amazon.co.uk",
          "link": "http://www.amazon.co.uk/LulzBot-TAZ-4-3D-Printer/dp/B00JXQZ8CC",
          "link_type": "results"
        }
      ]
    },
    {
      "results": [
        {
          "domain": "www.theatlantic.com",
          "link": "http://www.theatlantic.com/technology/archive/2012/01/why-apple-should-start-making-a-3d-printer-right-now/252184/",
          "link_type": "results"
        },
        {
          "domain": "amazon.com",
          "link": "http://amazon.com/3d-printer-h479-afinia/dp/b008m1chx2",
          "link_type": "results"
        },
        {
          "domain": "www.instructables.com",
          "link": "http://www.instructables.com/id/Make-New-Tools-From-Shapelock--Friendly-Plastic/",
          "link_type": "results"
        },
        {
          "domain": "www.theguardian.com",
          "link": "http://www.theguardian.com/teacher-network/2012/sep/21/how-to-run-a-hack-day-at-school",
          "link_type": "results"
        },
        {
          "domain": "www.vitalmx.com",
          "link": "http://www.vitalmx.com/forums/Moto-Related,20/Show-amp-Tell-Toolbox-Setup,1295990",
          "link_type": "results"
        },
        {
          "domain": "www.areaknowledge.com",
          "link": "http://www.areaknowledge.com/search/what-is-3d-printing-technology-video/2",
          "link_type": "results"
        },
        {
          "domain": "talesofa3dprinter.blogspot.com",
          "link": "http://talesofa3dprinter.blogspot.com/2013_06_01_archive.html",
          "link_type": "results"
        },
        {
          "domain": "library.cqpress.com",
          "link": "http://library.cqpress.com/cqresearcher/document.php?id=cqresrre2012120700",
          "link_type": "results"
        },
        {
          "domain": "www.bestblanks.com",
          "link": "http://www.bestblanks.com/3dprinters-Afinia.html",
          "link_type": "results"
        },
        {
          "domain": "thekneeslider.com",
          "link": "http://thekneeslider.com/print-3d-engineering-models-on-your-desktop-hp-designjet-3d-printer/",
          "link_type": "results"
        }
      ]
    }
  ]
}