{
  "Origins": "This image does not show a 9-month-old baby whose mother, after a night of heavy drinking, allowed her tattoo artist boyfriend to ply his trade on her child. The infant in the picture is not a real child, and the accompanying text is simply a bit of fiction crafted by someone to create a false outrage-provoking backstory.",
  "Fact Check": "",
  "Description": "What's pictured here is a 2010 work by Brooklyn, New York, artist Jason Clay Lewis , who describes his art thusly: As an artist, my approach has always been, intentionally, to confound and challengeattempts to make things fit into what we already know and think. I strive to questionperceived beauty, passion, life, death, and creation. I have an urgent conviction that artis a passionate and essential affair, as if a matter of life and death, where one sensesthe only response to death is art. Without glossing over the violence of the natural worldI asks questions about man's suicidal folly, the one we call progress, a merger into apathetic religion of commerce and profit, of false facades, and using a strategy to makeus reconsider our world of visual imagery. I tinker with these visual explanations, tryingto give them purpose, direction, and meaning. Always perfectly aware that knowing thisconstant probing does not have a sequence to a perfect solution. Atypical andfascinating, as an adventurer blending expression, analysis, and experience, I use everymeans and media available to explore the love of knowledge and depict limits, whiletrying to push those limits even farther. My interest in unique materials helps to developmy ideas of attraction verses repulsion allowing my work to have both a strong visceralfeeling while maintaining a direct cerebral presence. This particular work is entitled 'Drill Baby' and features an infant constructed from vinyl rubber, mohair, oil paint, plaster, and aluminum armature. Photographs of the full artwork, as well as close-ups taken from multiple angles, can be viewed here .",
  "Originally Published": "",
  "Referred Links": "http://www.jasonclaylewis.com/baby/index.html;http://www.jasonclaylewis.com/biography.pdf;",
  "Example": "[Collected on the Internet, December 2011] A local New York State resident, Franny Trokerns was arrested early this morning after being turned in by her babysitter. After the babysitter noticed the child was constantly screaming as if the baby was pain she took the baby's clothes off to give her a bath and saw the baby had a REAL tattoo on the her right arm. The babysitter was in disbelief and immediately called authorities. The mother works as a dancer at a local strip bar and apparently during a night of heavy drinking of shots she allowed her on-and-off-again boyfriend Derrek Honsteads (a tattoo artist) to tattoo her 9 month old baby for a little practice!",
  "Last Updated": "22 January 2012",
  "Credibility": "false",
  "URL": "www.snopes.com/photos/bodymods/baby.asp",
  "Claim": "Photograph shows a 9-month-old baby tattooed by its mother's boyfriend.",
  "Claim_ID": "photos_bodymods_baby",
  "Tags": "",
  "Google Results": [
    {
      "results": [
        {
          "domain": "www.snopes.com",
          "link": "http://www.snopes.com/photos/bodymods/baby.asp",
          "link_type": "results"
        },
        {
          "domain": "www.dailymail.co.uk",
          "link": "http://www.dailymail.co.uk/femail/article-3296788/This-child-abuse-Father-fire-sharing-photo-FOUR-YEAR-OLD-daughter-tattooing-strawberry-arm.html",
          "link_type": "results"
        },
        {
          "domain": "www.dailymail.co.uk",
          "link": "http://www.dailymail.co.uk/news/article-2269615/Horrifying-moment-mother-restrains-terrified-year-old-Cuban-boy-given-TATTOO.html",
          "link_type": "results"
        },
        {
          "domain": "wikiloker.com",
          "link": "http://wikiloker.com/search/Baby+Boom+++Snopes/",
          "link_type": "results"
        },
        {
          "domain": "97rockonline.com",
          "link": "http://97rockonline.com/mother-arrested-for-tattooing-baby-story-is-likely-fake/",
          "link_type": "results"
        },
        {
          "domain": "kissfm969.com",
          "link": "http://kissfm969.com/mother-arrested-for-tattooing-baby/",
          "link_type": "results"
        },
        {
          "domain": "ph.famousio.com",
          "link": "http://ph.famousio.com/www/Tattooing+Baby",
          "link_type": "results"
        },
        {
          "domain": "www.freerepublic.com",
          "link": "http://www.freerepublic.com/focus/f-news/2821699/posts",
          "link_type": "results"
        },
        {
          "domain": "m.delphiforums.com",
          "link": "http://m.delphiforums.com/newtish/messages/46433/157",
          "link_type": "results"
        },
        {
          "domain": "www.youtube.com",
          "link": "https://www.youtube.com/watch?v=S709mQJlI4E",
          "link_type": "results"
        }
      ]
    },
    {
      "results": [
        {
          "domain": "www.huffingtonpost.com",
          "link": "http://www.huffingtonpost.com/2013/01/31/mother-tattoo-son_n_2591132.html",
          "link_type": "results"
        },
        {
          "domain": "www.pinterest.com",
          "link": "https://www.pinterest.com/pin/347692033704893888/",
          "link_type": "results"
        },
        {
          "domain": "es.pinterest.com",
          "link": "https://es.pinterest.com/pin/380906080958094897/",
          "link_type": "results"
        },
        {
          "domain": "www.facebook.com",
          "link": "https://www.facebook.com/TheDaveRyanShow/posts/315933795133247",
          "link_type": "results"
        },
        {
          "domain": "www.tmz.com",
          "link": "http://www.tmz.com/2015/04/21/chris-brown-baby-royalty-tattoo-photo-nia-boyfriend/",
          "link_type": "results"
        },
        {
          "domain": "thestir.cafemom.com",
          "link": "http://thestir.cafemom.com/crime/167094/moms_reaction_to_learning_babysitter",
          "link_type": "results"
        },
        {
          "domain": "hollywoodlife.com",
          "link": "http://hollywoodlife.com/2015/04/22/chris-brown-custody-battle-over-royalty-nia-amey-boyfriend-new-crown-tattoo/",
          "link_type": "results"
        },
        {
          "domain": "www.boredpanda.com",
          "link": "http://www.boredpanda.com/parents-tattoo-toddler-birthmark-honey-rae/",
          "link_type": "results"
        },
        {
          "domain": "www.nytimes.com",
          "link": "http://www.nytimes.com/2015/01/18/magazine/why-a-generation-of-adoptees-is-returning-to-south-korea.html",
          "link_type": "results"
        },
        {
          "domain": "timesofindia.indiatimes.com",
          "link": "http://timesofindia.indiatimes.com/tv/news/english/Know-all-about-Kardashians-&-the-Jenners/updates/49242155.cms",
          "link_type": "results"
        }
      ]
    },
    {
      "results": [
        {
          "domain": "en.wikipedia.org",
          "link": "https://en.wikipedia.org/wiki/Angelina_Jolie",
          "link_type": "results"
        },
        {
          "domain": "www.nydailynews.com",
          "link": "http://www.nydailynews.com/news/national/mother-love-pregnant-girl-17-skips-cancer-care-save-baby-loses-life-article-1.997446",
          "link_type": "results"
        },
        {
          "domain": "www.mysanantonio.com",
          "link": "http://www.mysanantonio.com/news/local/article/Mom-said-she-strangled-newborn-watched-him-die-5144862.php",
          "link_type": "results"
        },
        {
          "domain": "www.oddee.com",
          "link": "http://www.oddee.com/item_98904.aspx",
          "link_type": "results"
        },
        {
          "domain": "stealherstyle.net",
          "link": "http://stealherstyle.net/tattoos/juliet-simms-tattoos/",
          "link_type": "results"
        },
        {
          "domain": "abcnews.go.com",
          "link": "http://abcnews.go.com/Entertainment/photos/tattooed-celebrities-2085583/image-kylie-jenners-tattoo-35977378",
          "link_type": "results"
        },
        {
          "domain": "www.starsgist.com",
          "link": "http://www.starsgist.com/chris-browns-baby-mamas-boyfriend-tattoos-her-name-royaltys-on-his-armphotos/",
          "link_type": "results"
        },
        {
          "domain": "celebfresh.co.uk",
          "link": "http://celebfresh.co.uk/news/-chris-browns-baby-mothers-boyfriend-shares-picture-with-royalty-and-shows-off-new-crown-and-nia-tattoo",
          "link_type": "results"
        },
        {
          "domain": "www.kardashiantoday.com",
          "link": "http://www.kardashiantoday.com/article/kylie-jenner-boyfriend-tyga-gets-a-kylie-tattoo-photos-19537672-5300a6.html",
          "link_type": "results"
        },
        {
          "domain": "www.fastcodesign.com",
          "link": "http://www.fastcodesign.com/3042352/how-one-knitter-makes-almost-1-million-a-year-on-etsy",
          "link_type": "results"
        }
      ]
    }
  ]
}