{
  "Origins": "No, this photograph doesn't document a case of (religious-based) segregation in an Alabama elementary school. It's part of a series of pictures (presumably created from an original and multiple digitally-edited variations) that play on a common humorous theme, but in the example cited above someone either didn't get the intended joke and decided to create his own explanation or thought his punchline was better than the original.",
  "Fact Check": "",
  "Description": "The jape here is that the class in the photograph is identified as being from an elementary school in Tuscaloosa, Alabama, a city which is home to the University of Alabama. However, the \"segregated\" boy on the left-hand side of the picture is garbed in a jersey bearing the logo of Auburn University, the chief athletic rival of the University of Alabama. Another version of this photograph places the elementary school class in Blacksburg, Virginia, home to Virginia Polytechnic Institute and State University (better known as Virginia Tech). Meanwhile, the isolated boy wears the colors and logo of Virginia Tech's rival, the University of Virginia (UVA): Yet another version of this image plays on a professional sports rivalry, this one between two Canadian-based National Hockey League teams, the Montreal Canadiens and the Toronto Maple Leafs: That last image is the original, something that was created for a Toronto Maple Leafs promotional campaign based on the theme \"The passion that unites us all\":",
  "Originally Published": "",
  "Referred Links": "",
  "Example": "[Collected via the Internet, August 2007] The picture came under the title of \"Segregation is alive and well in Alabama\" and the subtitle that came with the picture is \"The boy in the picture is Jewish.\"",
  "Last Updated": "16 March 2015",
  "Credibility": "false",
  "URL": "www.snopes.com/photos/humor/rivalry.asp",
  "Claim": "School photograph shows a boy segregated from his class because he is Jewish.",
  "Claim_ID": "photos_humor_rivalry",
  "Tags": "",
  "Google Results": [
    {
      "results": [
        {
          "domain": "www.facebook.com",
          "link": "https://www.facebook.com/snopes/posts/615508431927013",
          "link_type": "results"
        },
        {
          "domain": "www.snopes.com",
          "link": "http://www.snopes.com/photos/humor/rivalry.asp",
          "link_type": "results"
        },
        {
          "domain": "www.snopes.com",
          "link": "http://www.snopes.com/photos/humor/humor.asp",
          "link_type": "results"
        },
        {
          "domain": "www.al.com",
          "link": "http://www.al.com/living/index.ssf/2014/03/9_alabama-based_urban_legends_1.html",
          "link_type": "results"
        },
        {
          "domain": "www.imdb.com",
          "link": "http://www.imdb.com/title/tt0105327/reviews",
          "link_type": "results"
        },
        {
          "domain": "www.pinterest.com",
          "link": "https://www.pinterest.com/pin/12807180168056204/",
          "link_type": "results"
        },
        {
          "domain": "www.dailymail.co.uk",
          "link": "http://www.dailymail.co.uk/news/article-3252103/French-school-makes-Jewish-Muslim-pupils-wear-red-disks-necks-meal-times-chilling-echoes-Nazi-segregation.html",
          "link_type": "results"
        },
        {
          "domain": "www.dailymail.co.uk",
          "link": "http://www.dailymail.co.uk/news/article-2307713/Pictured-Orthodox-Jewish-man-covers-PLASTIC-BAG-flight.html",
          "link_type": "results"
        },
        {
          "domain": "en.wikipedia.org",
          "link": "https://en.wikipedia.org/wiki/Langston_Hughes",
          "link_type": "results"
        }
      ]
    },
    {
      "results": [
        {
          "domain": "www.chabad.org",
          "link": "http://www.chabad.org/library/article_cdo/aid/602463/jewish/Why-does-the-orthodox-community-promote-gender-segregated-schools.htm",
          "link_type": "results"
        },
        {
          "domain": "thechronicleherald.ca",
          "link": "http://thechronicleherald.ca/heraldmagazine/1235688-photographer-robert-frank-shares-stories-of-light-loss-and-love",
          "link_type": "results"
        },
        {
          "domain": "www.newyorker.com",
          "link": "http://www.newyorker.com/magazine/2015/08/31/class-notes-annals-of-education-jelani-cobb",
          "link_type": "results"
        },
        {
          "domain": "en.wikipedia.org",
          "link": "https://en.wikipedia.org/wiki/Bernie_Sanders",
          "link_type": "results"
        },
        {
          "domain": "www.encyclopedia.com",
          "link": "http://www.encyclopedia.com/topic/Jackie_Wilson.aspx",
          "link_type": "results"
        },
        {
          "domain": "www.pbs.org",
          "link": "http://www.pbs.org/wgbh/nova/transcripts/3009_photo51.html",
          "link_type": "results"
        },
        {
          "domain": "jewishcurrents.org",
          "link": "http://jewishcurrents.org/uses-suffering-post-holocaust-germans-jews-31892",
          "link_type": "results"
        },
        {
          "domain": "newrepublic.com",
          "link": "https://newrepublic.com/article/118045/temptation-despair-werner-sollors-reviewed",
          "link_type": "results"
        },
        {
          "domain": "www.newworldencyclopedia.org",
          "link": "http://www.newworldencyclopedia.org/entry/Civil_Rights_Movement",
          "link_type": "results"
        },
        {
          "domain": "www.jewishvirtuallibrary.org",
          "link": "https://www.jewishvirtuallibrary.org/jsource/Judaism/usjewfamily.html",
          "link_type": "results"
        }
      ]
    },
    {
      "results": [
        {
          "domain": "www.smithsonianmag.com",
          "link": "http://www.smithsonianmag.com/history/the-freedom-riders-then-and-now-45351758/",
          "link_type": "results"
        },
        {
          "domain": "remember.org",
          "link": "http://remember.org/guide/history-root-stereotypes",
          "link_type": "results"
        },
        {
          "domain": "www.theguardian.com",
          "link": "http://www.theguardian.com/books/2011/oct/27/black-like-me-john-howard-griffin",
          "link_type": "results"
        },
        {
          "domain": "www.nytimes.com",
          "link": "https://www.nytimes.com/books/first/b/belkin-hero.html",
          "link_type": "results"
        },
        {
          "domain": "www.ushmm.org",
          "link": "http://www.ushmm.org/outreach/en/article.php?ModuleId=10007697",
          "link_type": "results"
        },
        {
          "domain": "www.usatoday.com",
          "link": "http://www.usatoday.com/story/news/world/2015/10/28/arab-jewish-preschool-island-sanity-amid-violence-parents-say/74668290/",
          "link_type": "results"
        },
        {
          "domain": "www.theatlantic.com",
          "link": "http://www.theatlantic.com/magazine/archive/2008/05/-this-is-how-we-lost-to-the-white-man/306774/",
          "link_type": "results"
        },
        {
          "domain": "www.bifurcaciones.cl",
          "link": "http://www.bifurcaciones.cl/007/Margolis_EN.htm",
          "link_type": "results"
        },
        {
          "domain": "gawker.com",
          "link": "http://gawker.com/here-is-what-appears-to-be-dylann-roofs-racist-manifest-1712767241",
          "link_type": "results"
        },
        {
          "domain": "www.vanityfair.com",
          "link": "http://www.vanityfair.com/news/2007/09/littlerock200709",
          "link_type": "results"
        }
      ]
    }
  ]
}