{
  "Origins": "On 16 November 2014, the above-displayed image of a smiling white man holding a large gun and posing with what appears to be the corpse of a small black male child was posted by a single user to Facebook. According to the original poster, in both the post itself and in follow-up comments, the photo documents that white men visit Africa from the UK, the United States, and Israel to kill \"[hundreds] of little black boys\" for sport during vacations.",
  "Fact Check": "",
  "Description": "Although users on social media had been exposed to many manipulated or otherwise dishonest images, the image of the hunted little boy struck a particular chord among them. Unlike many instances of pictures of dubious origin passed around the Internet, in this case users were strongly moved to learn whether it brought to light a lesser known and horrible practice of which the Western world remained largely and tragically unaware. The image itself is not a new one, nor is it something that remained largely unseen until 2014. In fact, its travels across the web are fairly well documented: the picture of the white man posing with the small boy first appeared in 2007, and it rapidly caught the attention of authorities. At the time the image surfaced in 2007, police determined the man in the photo had paid to pose with the child. In 2011, the image resurfaced on Facebook under a profile with the pseudonym \"Eugene Terrorblanche,\" a reference to Eugene Terreblanche, a South African white separatist who was killed in 2010. When the image emerged yet again in August 2011, its backstory was reported alongside media mentions of the unsettling image: Police questioned the man from Knysna [South Africa] in 2007 when the picture first surfaced. Hawks spokesman Colonel McIntosh Polela said that Western Cape police contacted him after reading a Sunday Times report which stated that the photograph featured on the profile of a Facebook user who called himself \"Eugene Terrorblanche.\" \"I was told that the photograph came to light in 2007 and that it was investigated. The man was taken in for questioning. \"He told police that the child was alive and that he paid the child to pose.\" In September 2011, that same news outlet determined the identity of the man in the photo: The Sunday Times can reveal that the man in the picture, holding a rifle while kneeling over the \"lifeless\" body of a young child is North West farmer and diamond prospector AC Strauss. Strauss, via his lawyer, refused a request for an interview, but his father, Braam Strauss, told the Sunday Times: \"I want the police to find this man who wrote those racist things and used my son's picture, and send him to jail.\" Strauss said the photograph, taken on his son's cellphone, was a \"joke\". The elder Strauss said the parents of the child in the photo lived on the same farm as the Strauss family and he was present when police questioned them about the image. He also said the heavily-circulated picture had adversely affected his son's life: Asked whether the family was sorry about the picture, Braam Strauss said: \"The wrong impression was sent out into the world. AC's life has been ruined because of this. How can he ever show his face overseas again?\" While Strauss' intent in taking the picture was never fully clarified, the child in the photo was found to be unharmed by police who investigated after the image resurfaced repeatedly on social media sites. It's not clear whether the backstory attached to the photo in November 2014 prompted its renewed circulation, nor whether the person behind the \"Eugene Terrorblanche\" pseudonym had ever been located. However, the claim about white businessmen hunting children in Africa was not attached to the picture when it circulated in 2011 and was likely invented to explain the unsettling photograph. Murdering children is just as illegal in Africa as it is on every other continent.",
  "Originally Published": "",
  "Referred Links": "",
  "Example": "[Collected via Facebook, November 2014] White men, in Africa do this on the week end killing 100s of little black boys hunting them like rabbits America play a blind eye because they are from isreal, and British ,also America please share if you hate what is going on and want it to stop [THIS PICTURE IS REAL BEEN EXAMINE BY EXPERTS]",
  "Last Updated": "24 June 2015",
  "Credibility": "false",
  "URL": "www.snopes.com/photos/gruesome/huntingboy.asp",
  "Claim": "Photograph shows a white businessman posing with the body of a little black boy he hunted for sport in Africa.",
  "Claim_ID": "photos_gruesome_huntingboy",
  "Tags": "",
  "Google Results": [
    {
      "results": [
        {
          "domain": "www.snopes.com",
          "link": "http://www.snopes.com/photos/gruesome/huntingboy.asp",
          "link_type": "results"
        },
        {
          "domain": "www.theblaze.com",
          "link": "http://www.theblaze.com/stories/2011/08/29/too-far-south-african-man-allegedly-paid-child-to-pose-as-dead-prey/",
          "link_type": "results"
        },
        {
          "domain": "www.ibtimes.com",
          "link": "http://www.ibtimes.com/facebook-photo-white-man-black-childs-body-shocks-south-africa-305958",
          "link_type": "results"
        },
        {
          "domain": "www.dailymail.co.uk",
          "link": "http://www.dailymail.co.uk/news/article-2141551/British-man-facing-death-penalty-13-bodies-Africa.html",
          "link_type": "results"
        },
        {
          "domain": "www.dailymail.co.uk",
          "link": "http://www.dailymail.co.uk/news/article-2114122/Donald-Eric-Trump-pictured-posing-trophy-carcasses-big-African-hunt.html",
          "link_type": "results"
        },
        {
          "domain": "www.viralglobalnews.com",
          "link": "http://www.viralglobalnews.com/2014/11/24/facebook-says-picture-white-hunter-posing-dead-black-child-fine/",
          "link_type": "results"
        },
        {
          "domain": "thecupcakes.tk",
          "link": "http://thecupcakes.tk/forgot-to-photograph-it-until-it-was-mostly-consumed-you-re-not",
          "link_type": "results"
        },
        {
          "domain": "www.huffingtonpost.ca",
          "link": "http://www.huffingtonpost.ca/2014/03/24/woman-shoots-giraffe_n_5018520.html",
          "link_type": "results"
        },
        {
          "domain": "en.wikipedia.org",
          "link": "https://en.wikipedia.org/wiki/Lynching_in_the_United_States",
          "link_type": "results"
        }
      ]
    },
    {
      "results": [
        {
          "domain": "rarehistoricalphotos.com",
          "link": "http://rarehistoricalphotos.com/rare-color-photo-adolf-hitler-shows-true-eye-color-date-unknown/",
          "link_type": "results"
        },
        {
          "domain": "www.occupyforanimals.net",
          "link": "http://www.occupyforanimals.net/trophy-hunting.html",
          "link_type": "results"
        },
        {
          "domain": "www.imdb.com",
          "link": "http://www.imdb.com/title/tt0231775/",
          "link_type": "results"
        },
        {
          "domain": "chicago.suntimes.com",
          "link": "http://chicago.suntimes.com/crime/7/71/587596/judge-wont-seal-photo-cpd-cops-posing-african-american-man-antlers",
          "link_type": "results"
        },
        {
          "domain": "www.vanityfair.com",
          "link": "http://www.vanityfair.com/culture/2013/06/oscar-pistorius-murder",
          "link_type": "results"
        },
        {
          "domain": "newsinfo.inquirer.net",
          "link": "http://newsinfo.inquirer.net/661284/a-look-back-in-photos-intl-personalities-who-died-in-2014",
          "link_type": "results"
        },
        {
          "domain": "www.ferris.edu",
          "link": "http://www.ferris.edu/jimcrow/tom/",
          "link_type": "results"
        },
        {
          "domain": "www.shutterstock.com",
          "link": "http://www.shutterstock.com/s/wearing+sunglasses/search.html",
          "link_type": "results"
        },
        {
          "domain": "www.pinterest.com",
          "link": "https://www.pinterest.com/pin/307722587009657359/",
          "link_type": "results"
        },
        {
          "domain": "www.googleadservices.com",
          "link": "http://www.googleadservices.com/pagead/aclk?sa=L&ai=Cu0PgMvaiVqm1MtfqpAPb5ay4D_GWq9MF4ZnglcIBwffoNggDEAFg5YOAgKgWkAECoAGBluj-A8gBAaoEKk_QNT-_5r00GCM1vB4o3Uc96cZxHPlRYrkgYqy6kXtyVpgbhb8kSShNJogGAYAH5-mXAZAHA6gHpr4b2AcB&ohost=www.google.com.mx&cid=CAASJORoiq6sW_0k7FiwdO-opyCJYoEULlUf5VIIBWPK3PzKSHrUvw&sig=AOD64_04U9XtADINv7gTU2q6SbDgtfdpZw&clui=0&q=&ved=0ahUKEwiZicDJgb_KAhVosoMKHXWkC1s4ChDRDAhT&adurl=http://www.dreamstime.com/best-stock-photos%23ref401",
          "link_type": "ads_main"
        }
      ]
    },
    {
      "results": [
        {
          "domain": "encyclopediadramatica.se",
          "link": "https://encyclopediadramatica.se/Nigger",
          "link_type": "results"
        },
        {
          "domain": "www.europeanknightsproject.com",
          "link": "http://www.europeanknightsproject.com/dyllan-roof-dylan-rhodesian-white-nationalist/",
          "link_type": "results"
        },
        {
          "domain": "www.cbsnews.com",
          "link": "http://www.cbsnews.com/sunday-morning/show-notes/",
          "link_type": "results"
        },
        {
          "domain": "www.gutenberg.org",
          "link": "http://www.gutenberg.org/files/15715/15715-h/15715-h.htm",
          "link_type": "results"
        },
        {
          "domain": "www.retroweb.com",
          "link": "http://www.retroweb.com/lynchburg/attractions/main.html",
          "link_type": "results"
        },
        {
          "domain": "shcivilwarantiques.com",
          "link": "http://shcivilwarantiques.com/catalog/antique-photographs/",
          "link_type": "results"
        },
        {
          "domain": "www.inthe90s.com",
          "link": "http://www.inthe90s.com/generated/commercials.shtml",
          "link_type": "results"
        },
        {
          "domain": "www.scamorama.com",
          "link": "http://www.scamorama.com/tunick_makezela.html",
          "link_type": "results"
        },
        {
          "domain": "listverse.com",
          "link": "http://listverse.com/2011/09/27/10-fascinating-kidnappings/",
          "link_type": "results"
        },
        {
          "domain": "www.nationalstereotype.com",
          "link": "http://www.nationalstereotype.com/all-national-stereotypes/",
          "link_type": "results"
        }
      ]
    }
  ]
}