{
  "Origins": "On 9 October 2014, North Korean leader Kim Jong-un missed an important state celebration in the country's capital of Pyongyang. The leader's absence marked a full five weeks since his last public appearance on 3 September 2014, increasing speculation on social media sites and in the press that Kim Jong-un had been quietly deposed.",
  "Fact Check": "",
  "Description": "TIME magazine reported Kim's of absence from the public eye that: Kim was last seen at a Sept. 3 concert, ensconced in a red easy chair next to his wife, Ri Sol Ju. Late [that] month, the youthful marshal was a no-show at a meeting of North Korea's rubber-stamp legislature. The cloistered nation's state-run TV aired images of his seat at parliament empty. Rumors began flying as the disappearance ran into weeks that Kim was either dying or had been deposed. Kim was also limping during his last public appearance, ABC News noted, lending credence to rumors that the leader was in poor health dispute his relative youth: One factor that makes Kim Jong-un's ongoing absence different from the rest of the dictatorial pack is his age. Though his health is clearly a cause for concern since he has grown noticeably larger and was seen limping in his last public appearance his age makes the prospect of a grave medical issue less of a concern. John Delury of Yonsei University in Seoul explained that rumors like those swirling about regarding Kim Jung-un's absence are easy to believe due to the state's distance from world affairs: If there had been regicide or revolt in Pyongyang, it's unlikely the wheels of North Korean diplomacy would spin like business as usual. These episodes [like Kim's absence] reveal as much about us as them our own assumptions, even obsessions, when it comes to North Korea. We assume North Korea must be on the brink of collapse, so when the young leader suspends his relentless 'onsite guidance visits' for a few weeks, we assume he's been overthrown. Precisely because we have fewer sources of reliable, direct information about North Korea, it pays not to rush to judgment. Given the secrecy with which the North Korean \"hermit kingdom\" conducts its business, the idea of a coup or another mysterious unpleasant circumstance befalling Kim Jong-un did not appear implausible to social media users. The following image began to circulate on social media sites, prompting additional speculation that Kim Jong-un had been taken into custody by North Korean officials: However, that image was an altered one a reverse image search revealed a nearly identical picture of Kim Jong-un in the same pose taken nearly three years earlier: The second, unaltered image, is a Korean Central News Agency photo showing the North Korean leader's visit to Unit 671 of the Korean People's Army (KPA) in January 2012, where he \"waved back to the enthusiastically cheering service personnel\" before having his picture taken with an escorted of grinning military officials. Someone doctored that photo to add blood and bruises to Kim's face and blur out the smiling countenances of his escort, making it appear that Kim had been roughed up and arrested by grim-faced soldiers.",
  "Originally Published": "",
  "Referred Links": "http://nkleadershipwatch.wordpress.com/2012/01/22/kim-jong-un-visits-kpa-large-combined-unit-671/;",
  "Example": "[Collected via e-mail, October 2014] There's a photo doing the rounds on social media tonight purported showing Kim Jong-un under arrest. One version shows blurred-out faces, and blood on KJU's face.",
  "Last Updated": "10 October 2014",
  "Credibility": "false",
  "URL": "www.snopes.com/photos/politics/kimjongunarrest.asp",
  "Claim": "Photograph shows the arrest of North Korean leader Kim Jong-un.",
  "Claim_ID": "photos_politics_kimjongunarrest",
  "Tags": "",
  "Google Results": [
    {
      "results": [
        {
          "domain": "www.snopes.com",
          "link": "http://www.snopes.com/photos/politics/kimjongunarrest.asp",
          "link_type": "results"
        },
        {
          "domain": "www.usatoday.com",
          "link": "http://www.usatoday.com/story/news/world/2016/01/22/north-korea-us-student-arrest/79157060/",
          "link_type": "results"
        },
        {
          "domain": "www.dailymail.co.uk",
          "link": "http://www.dailymail.co.uk/news/kim_jong_un/index.html",
          "link_type": "results"
        },
        {
          "domain": "www.dailymail.co.uk",
          "link": "http://www.dailymail.co.uk/news/article-3276163/You-clap-want-live-North-Korean-defector-reveals-truth-Kim-Jong-s-staged-public-appearances-tells-citizens-jailed-liking-wrong-TV-show.html",
          "link_type": "results"
        },
        {
          "domain": "www.dailymail.co.uk",
          "link": "http://www.dailymail.co.uk/news/article-3079172/North-Korean-defence-minister-executed-anti-aircraft-fire-disrespecting-leader-Kim-Jong-dozing-military-events-answering-back.html",
          "link_type": "results"
        },
        {
          "domain": "www.bbc.com",
          "link": "http://www.bbc.com/news/world-asia-29608096",
          "link_type": "results"
        },
        {
          "domain": "www.huffingtonpost.com",
          "link": "http://www.huffingtonpost.com/news/north-korea-kim-jong-un/",
          "link_type": "results"
        },
        {
          "domain": "www.theguardian.com",
          "link": "http://www.theguardian.com/world/series/north-korea-network",
          "link_type": "results"
        },
        {
          "domain": "www.independent.co.uk",
          "link": "http://www.independent.co.uk/news/unsettling-photos-of-kim-jong-un-a-brief-history-9650423.html",
          "link_type": "results"
        },
        {
          "domain": "",
          "link": "/aclk?sa=L&ai=CGx7Vbz2kVvS4EYimpgO-gJnQDa3njZoF_YP5vWfdm_fuCggDEAFg5av5hKgWyAEBqgQoT9D6Ul3x8sOk-PIaBkJiBjAZv1aBoQ3C-f2NA5u4hjR7bY5yjF5xPYAH1bHMH5AHA6gHpr4b2AcB&sig=AOD64_24Q7v3dpTGHGKDKfyqcmONy3_OuA&clui=0&q=&ved=0ahUKEwj-9arTucHKAhWGsYMKHaz-AlgQ0QwIWw&adurl=http://www.miseast.org/en/nkorea/kim-hartzner-hungry-children-north-korea",
          "link_type": "ads_main"
        }
      ]
    },
    {
      "results": [
        {
          "domain": "news.yahoo.com",
          "link": "http://news.yahoo.com/latest-n-korea-parade-party-anniversary-delayed-032155981.html",
          "link_type": "results"
        },
        {
          "domain": "www.theweek.co.uk",
          "link": "http://www.theweek.co.uk/kim-jong-un/60578/kim-jong-un-north-korean-leader-claims-to-have-hydrogen-bomb/page/0/3",
          "link_type": "results"
        },
        {
          "domain": "www.msn.com",
          "link": "http://www.msn.com/en-ph/news/world/kim-jong-un-style/ss-BBo1Klz",
          "link_type": "results"
        },
        {
          "domain": "www.cnn.com",
          "link": "http://www.cnn.com/2016/01/22/asia/north-korea-american-student/",
          "link_type": "results"
        },
        {
          "domain": "en.wikipedia.org",
          "link": "https://en.wikipedia.org/wiki/Jang_Sung-taek",
          "link_type": "results"
        },
        {
          "domain": "www.thestar.com",
          "link": "http://www.thestar.com/news/world/2015/04/29/north-korean-leader-kim-jong-un-executed-15-senior-officials-says-spy-agency.html",
          "link_type": "results"
        },
        {
          "domain": "www.newsweek.com",
          "link": "http://www.newsweek.com/foreign-doctors-military-guards-bespoke-care-north-koreas-kims-274652",
          "link_type": "results"
        },
        {
          "domain": "www.telegraph.co.uk",
          "link": "http://www.telegraph.co.uk/news/worldnews/asia/northkorea/11305066/Kim-Jong-un-why-the-world-has-stopped-laughing-at-North-Koreas-figure-of-fun.html",
          "link_type": "results"
        },
        {
          "domain": "www.ibtimes.com",
          "link": "http://www.ibtimes.com/under-kim-jong-un-numerous-north-korean-leaders-fired-or-executed-vast-reshuffling-2009448",
          "link_type": "results"
        },
        {
          "domain": "www.itv.com",
          "link": "http://www.itv.com/news/topic/kim-jong-un/",
          "link_type": "results"
        },
        {
          "domain": "",
          "link": "/aclk?sa=L&ai=Ck-1UcT2kVtrwLJeJpgOL4YboAa3njZoF_YP5vWfdm_fuCggAEAFg5av5hKgWkAECyAEBqgQoT9DPy8I5Hae-GRUANMGpjgn6H-z4fMvwmGdDEO0hMCieE9r8AbxcIYAH1bHMH5AHA6gHpr4b2AcB&sig=AOD64_2NZNDAz3_5-g31_v70UMTGoTIvew&clui=0&q=&ved=0ahUKEwj_jL_UucHKAhWonIMKHXu4Bx44ChDRDAgY&adurl=http://www.miseast.org/en/nkorea/kim-hartzner-hungry-children-north-korea",
          "link_type": "ads_main"
        },
        {
          "domain": "",
          "link": "/aclk?sa=l&ai=CrLgzcT2kVtrwLJeJpgOL4YboAbLPkd0G0oSA6aACuOHyBggDEAFg5av5hKgWkAECoAHGwdTDA8gBAaoEKU_Qv88wIASVjyAsgbbCYESG-iYuQ6Yn3ve3_lvHdyTLD5EqGur1VbhxgAeivqs8kAcDqAemvhvYBwE&sig=AOD64_2zOv7-GEMUjYR_j09EqqCwKZ-18Q&clui=1&q=&ved=0ahUKEwj_jL_UucHKAhWonIMKHXu4Bx44ChDRDAhc&adurl=https://www.eahrnk.org/about/human-rights-crisis",
          "link_type": "ads_main"
        }
      ]
    },
    {
      "results": [
        {
          "domain": "www.nbcnews.com",
          "link": "http://www.nbcnews.com/news/north-korea/historic-north-korean-parade-shows-kim-jong-uns-military-might-n442526",
          "link_type": "results"
        },
        {
          "domain": "thediplomat.com",
          "link": "http://thediplomat.com/2014/10/kim-jong-uns-reappearance-shows-north-koreas-new-transparency/",
          "link_type": "results"
        },
        {
          "domain": "abcnews.go.com",
          "link": "http://abcnews.go.com/topics/news/north-korea.htm",
          "link_type": "results"
        },
        {
          "domain": "www.express.co.uk",
          "link": "http://www.express.co.uk/news/world/475542/The-pictures-Kim-Jong-un-DID-NOT-want-you-to-see-Haunting-images-from-inside-North-Korea",
          "link_type": "results"
        },
        {
          "domain": "world.time.com",
          "link": "http://world.time.com/2013/12/13/kim-jong-uns-brutal-north-korea-where-no-uncle-is-safe/",
          "link_type": "results"
        },
        {
          "domain": "www.ctvnews.ca",
          "link": "http://www.ctvnews.ca/politics/north-korea-s-kim-jong-un-removes-his-own-uncle-from-power-1.1580766",
          "link_type": "results"
        },
        {
          "domain": "www.vanityfair.com",
          "link": "http://www.vanityfair.com/news/2015/02/kim-jong-un-north-korea-understanding",
          "link_type": "results"
        },
        {
          "domain": "www.scmp.com",
          "link": "http://www.scmp.com/news/asia/diplomacy/article/1856331/north-korean-leader-kim-jong-un-meets-first-foreign-leader-over",
          "link_type": "results"
        },
        {
          "domain": "myinforms.com",
          "link": "http://myinforms.com/en/a/22378424-us-student-arrested-in-north-korea-for-hostile-act/",
          "link_type": "results"
        },
        {
          "domain": "www.cbc.ca",
          "link": "http://www.cbc.ca/news/world/kim-jong-un-north-korea-leader-back-on-his-feet-photos-show-1.2824548",
          "link_type": "results"
        }
      ]
    }
  ]
}