{
  "Origins": "This photograph of the then-current Senate majority leader, Senator Tom Daschle (D) of South Dakota, allegedly saluting the flag with the wrong hand, began making the Internet rounds in 2002 accompanied by captions such as \"He's so left of center, he pledges backwards!\"",
  "Fact Check": "",
  "Description": "Senator Daschle does indeed know that flag etiquette specifies that a citizen (not in uniform) salute the American flag by placing his right hand over his heart (or, more specifically, over the left side of his breast, since the heart is actually closer to the center of the chest). This picture is yet another image that has been digitally manipulated to make a prominent politician appear foolish. One of the small but important consistencies of our world is that the buttons of men's garments (e.g., shirts, jackets, sports coats, suits) are on the right-hand side, and thus the left-hand sides of men's garments are \"on top\" after buttoning, like this: But the above image of Senator Daschle shows the opposite: the right-hand side of his garment is buttoned over the left side: Someone simply reversed the image of Senator Daschle; when the image is oriented so that Senator Daschle's coat is buttoned on the correct side, it shows that he is indeed saluting the flag with the appropriate hand: Additionally, Senator Daschle's wedding band should be visible on his left hand, but no ring can be seen on his fingers in the manipulated photograph.",
  "Originally Published": "",
  "Referred Links": "http://web.archive.org/web/20000818115655/http://www.niddk.nih.gov/health/diabetes/pubs/complications/heart/images/heart.gif;http://www.usflag.org/flagetiquette.html;http://bioguide.congress.gov/scripts/biodisplay.pl?index=D000064;",
  "Example": "[Collected via e-mail, 2002]",
  "Last Updated": "20 September 2006",
  "Credibility": "false",
  "URL": "www.snopes.com/photos/politics/daschle.asp",
  "Claim": "Photograph captures Senator Tom Daschle saluting the flag with the wrong hand.",
  "Claim_ID": "photos_politics_daschle",
  "Tags": "",
  "Google Results": [
    {
      "results": [
        {
          "domain": "www.snopes.com",
          "link": "http://www.snopes.com/photos/daschle.asp",
          "link_type": "results"
        },
        {
          "domain": "www.snopes.com",
          "link": "http://www.snopes.com/politics/obama/photos/lefthand.asp",
          "link_type": "results"
        },
        {
          "domain": "www.truthorfiction.com",
          "link": "https://www.truthorfiction.com/daschle/",
          "link_type": "results"
        },
        {
          "domain": "www.democraticunderground.com",
          "link": "http://www.democraticunderground.com/discuss/duboard.php?az=view_all&address=104x5495015",
          "link_type": "results"
        },
        {
          "domain": "wikiloker.com",
          "link": "http://wikiloker.com/search/FALSE++Left+Handed+Salute+++snopes+com/",
          "link_type": "results"
        },
        {
          "domain": "wikiloker.com",
          "link": "http://wikiloker.com/search/Obama+Cell+Phone+Salute+++snopes+com/",
          "link_type": "results"
        },
        {
          "domain": "www.factcheck.org",
          "link": "http://www.factcheck.org/2010/01/mirror-image/",
          "link_type": "results"
        },
        {
          "domain": "downloadplug.khbirth.com",
          "link": "http://downloadplug.khbirth.com/doctored-locks.html",
          "link_type": "results"
        },
        {
          "domain": "in.pinterest.com",
          "link": "https://in.pinterest.com/pin/463589355370507264/",
          "link_type": "results"
        },
        {
          "domain": "www.pinterest.com",
          "link": "https://www.pinterest.com/pin/344947652680940657/",
          "link_type": "results"
        }
      ]
    },
    {
      "results": [
        {
          "domain": "quipster.wordpress.com",
          "link": "https://quipster.wordpress.com/page/60/?tag=barack-hussein-obama",
          "link_type": "results"
        },
        {
          "domain": "www.theatlantic.com",
          "link": "http://www.theatlantic.com/technology/archive/2012/05/the-earth-from-space-an-island-full-of-penguins-peeks-out-from-under-wave-clouds/256682/",
          "link_type": "results"
        },
        {
          "domain": "www.newyorker.com",
          "link": "http://www.newyorker.com/magazine/2008/10/13/worlds-apart-3",
          "link_type": "results"
        },
        {
          "domain": "southdakotapolitics.blogs.com",
          "link": "http://southdakotapolitics.blogs.com/south_dakota_politics/2007/05/",
          "link_type": "results"
        },
        {
          "domain": "cursor.org",
          "link": "http://cursor.org/0404_archive.htm",
          "link_type": "results"
        },
        {
          "domain": "www.gpo.gov",
          "link": "https://www.gpo.gov/fdsys/pkg/CHRG-108shrg96125/html/CHRG-108shrg96125.htm",
          "link_type": "results"
        },
        {
          "domain": "www.nakedcapitalism.com",
          "link": "http://www.nakedcapitalism.com/2015/01/how-wall-street-killed-entrepreneurs.html",
          "link_type": "results"
        },
        {
          "domain": "irishecho.com",
          "link": "http://irishecho.com/search/sea/page/607/",
          "link_type": "results"
        }
      ]
    },
    {
      "results": [
        {
          "domain": "ma.tt",
          "link": "https://ma.tt/2004/04/mosaic/",
          "link_type": "results"
        },
        {
          "domain": "www.washingtontimes.com",
          "link": "http://www.washingtontimes.com/news/2014/oct/1/us-push-new-sunni-awakening-iraq/?page=all",
          "link_type": "results"
        },
        {
          "domain": "www.americans-working-together.com",
          "link": "http://www.americans-working-together.com/id162.html",
          "link_type": "results"
        },
        {
          "domain": "transcripts.cnn.com",
          "link": "http://transcripts.cnn.com/TRANSCRIPTS/0105/28/ip.00.html",
          "link_type": "results"
        },
        {
          "domain": "www.laobserved.com",
          "link": "http://www.laobserved.com/archive/2013/11/sfv.php",
          "link_type": "results"
        },
        {
          "domain": "www.berkeleydailyplanet.com",
          "link": "http://www.berkeleydailyplanet.com/issue/2002-06-27/full_text",
          "link_type": "results"
        },
        {
          "domain": "www.sdpb.sd.gov",
          "link": "http://www.sdpb.sd.gov/newsite/showarchive.aspx?progname=dakotadigest",
          "link_type": "results"
        },
        {
          "domain": "www.apimages.com",
          "link": "http://www.apimages.com/search?query=land+AND+food+AND+land+AND+nature&entitysearch=&st=kw&ss=10&allFilters=&toItem=100&orderBy=Newest",
          "link_type": "results"
        }
      ]
    }
  ]
}