{
  "Origins": "The above-displayed pictures do show the Okemah, Oklahoma, gravesite of one Barbara Sue Manire, who passed away on her 64th birthday in 2005 and is now interred at Highland Cemetery beneath a whimsical symbol of time expired: a parking meter with a \"64 year time limit.\" (Her headstone also bears the legend \"OUR MOM ... HER HUMOR LIVES ON.\")",
  "Fact Check": "",
  "Description": "As Barbara Sue's daughter, Sherri Ann Weeks, explained, the unusual decorative feature at the gravesite was indeed her mother's idea: Mom always said she wanted a parking meter with 'time expired.' And she wanted to be on the front row of the cemetery so she could see what was going on. We gave her what she wanted. The parking meter wasn't placed at the time Barbara Sue Manire was interred, however. Sherri and her brother, Terry Heiskill, mulled the matter over for about a year before the latter purchased a meter through eBay. A hole was drilled in the marble base at the burial site to accommodate the parking meter, which was given a coat of paint to match it with the gravestone. Sherri told us that the family \"are happy about the attention this [picture] has received because we know that our Mom is up above ... looking down and still laughing.\"",
  "Originally Published": "",
  "Referred Links": "http://www.findagrave.com/cgi-bin/fg.cgi?page=gr&GRid=15896798;",
  "Example": "[Collected via e-mail, July 2007] A friend died who had a great sense of humor and always used to say that when she died she wanted aparking meter on her grave that says \"Expired.\" So her nephew got her one on ebay! She said that hergrave is right by the road so everyone can see it and many people have stopped to get a chuckle.",
  "Last Updated": "9 March 2008",
  "Credibility": "true",
  "URL": "www.snopes.com/photos/signs/expired.asp",
  "Claim": "Photographs show a gravesite adorned with a parking meter reading \"TIME EXPIRED.\"",
  "Claim_ID": "photos_signs_expired",
  "Tags": "",
  "Google Results": [
    {
      "results": [
        {
          "domain": "www.snopes.com",
          "link": "http://www.snopes.com/photos/signs/expired.asp",
          "link_type": "results"
        },
        {
          "domain": "www.snopes.com",
          "link": "http://www.snopes.com/photos/signs/signs.asp",
          "link_type": "results"
        },
        {
          "domain": "m.facebook.com",
          "link": "https://m.facebook.com/FindAGrave/photos/a.10152039310483680.1073741826.56406323679/10152627330738680/",
          "link_type": "results"
        },
        {
          "domain": "www.facebook.com",
          "link": "https://www.facebook.com/FindAGrave/photos/a.10152039310483680.1073741826.56406323679/10152627330738680/",
          "link_type": "results"
        },
        {
          "domain": "www.facebook.com",
          "link": "https://www.facebook.com/permalink.php?story_fbid=1230137230453959&id=408614022606288",
          "link_type": "results"
        },
        {
          "domain": "manual239.oddspdf.org",
          "link": "http://manual239.oddspdf.org/pdf/time-expired_1fwtjn.pdf",
          "link_type": "results"
        },
        {
          "domain": "mlbplayers.org",
          "link": "http://mlbplayers.org/tag/how-to-get-expired-disney-photos",
          "link_type": "results"
        },
        {
          "domain": "www.xmarks.com",
          "link": "http://www.xmarks.com/site/www.snopes.com/photos/signs/expired.asp",
          "link_type": "results"
        },
        {
          "domain": "www.xmarks.com",
          "link": "http://www.xmarks.com/site/www.bdragon.com/campbell/",
          "link_type": "results"
        },
        {
          "domain": "results.uhostall.com.leechlink.net",
          "link": "http://results.uhostall.com.leechlink.net/cari/Expired.html",
          "link_type": "results"
        }
      ]
    },
    {
      "results": [
        {
          "domain": "cinemaocan.com",
          "link": "http://cinemaocan.com/watch-movie/increible-pero-cierto-",
          "link_type": "results"
        },
        {
          "domain": "www.pinterest.com",
          "link": "https://www.pinterest.com/mrskoto/grave-situations/",
          "link_type": "results"
        },
        {
          "domain": "www.pinterest.com",
          "link": "https://www.pinterest.com/bdonock/cemeteries-and-grave-stones/",
          "link_type": "results"
        },
        {
          "domain": "40dayschallenge.com",
          "link": "http://40dayschallenge.com/tag/expired-condoms/",
          "link_type": "results"
        },
        {
          "domain": "github.com",
          "link": "https://github.com/robennals/think-link/blob/master/ruby/snopesclaims.csv",
          "link_type": "results"
        },
        {
          "domain": "collectionshopping.ir",
          "link": "http://collectionshopping.ir/?product=%DA%A9%D9%81%D8%B4-%D8%B2%D9%86%D8%A7%D9%86%D9%87-%D8%AA%D8%B1%DA%A9-%D8%A8%D8%B1%D9%86%D8%AF-bershka-2",
          "link_type": "results"
        }
      ]
    }
  ]
}