{
  "Origins": "In 1969, Australian John Rendall and his friend Ace Bourke (whose surname is often rendered as \"Berg\"), both of whom were then living in London, bought a lion cub named Christian from Harrods department store, as the former recounted for the Daily Mail in 2007:",
  "Fact Check": "",
  "Description": "For the next year the two men (along with Rendall's girl friend and an actress) raised the cub in the Sophistocat furniture shop, where Christian had living quarters in the basement, and the lion became a popular local figure. However, when Christian grew from his initial 35 lb. to 185 lb. within a year, his keepers realized their lion would need to be relocated to a more suitable environment. By chance, one day Bill Travers and Virginia McKenna the stars of the 1966 film Born Free wandered into Sophistocat looking for a desk. The actors suggested that conservationist George Adamson (whose wife, Joy, wrote the book Born Free about their real-life experiences in raising a lion cub and rehabilitating it into the wild) might be able to help find an appropriate home for Christian. Rendall and Berg flew with Christian to Nairobi, Kenya, where they met up with George Adamson, who helped the lion settle into living an independent life (and integrating into a pride with other lions) in Kenya's Kora Reserve. The video clip linked above shows scenes from the two men's reunion with Christian in 1971.",
  "Originally Published": "",
  "Referred Links": "http://us.imdb.com/title/tt0060182/;",
  "Example": "[Collected on the Internet, June 2008] I ll bet you've never seen a pet like the one in this Video of the Day. In 1969, two friends, John Rendall and Ace Berg, purchased a lion. At the time, Christian the lion was a 35-pound cub. He had been born in a zoo. The friends raised Christian in their London home. All three hung out in a friend s furniture shop on the weekends. Within a year, Christian had grown to 185 lbs. Rendall and Berg realized they couldn t keep him much longer. But they didn t know what to do with him. A chance encounter changed that. Two actors from the film Born Free walked into the furniture store. The actors recommended a conservationist, George Adamson, living in Kenya. Christian was soon in Africa. There he was rehabilitated and released into the wild. In 1974, Rendall and Berg decided to visit Christian one last time. He was now a wild animal. Adamson told them it was doubtful that Christian could be found. No one had seen him in nine months. The two flew to Kenya, anyway. On the day they landed, Christian appeared outside Adamson s camp. Somehow, he knew. He waited outside the camp until Rendall and Berg arrived. This video was taken during their reunion with Christian. What a story! What a video!",
  "Last Updated": "7 July 2008",
  "Credibility": "true",
  "URL": "www.snopes.com/photos/animals/christian.asp",
  "Claim": "Video clip shows the reunion of two men with Christian, a lion they had raised as a cub.",
  "Claim_ID": "photos_animals_christian",
  "Tags": "",
  "Google Results": [
    {
      "results": [
        {
          "domain": "www.youtube.com",
          "link": "https://www.youtube.com/watch?v=Xr1pWzoLvT8",
          "link_type": "results"
        },
        {
          "domain": "www.youtube.com",
          "link": "https://www.youtube.com/watch?v=cvCjyWp3rEk",
          "link_type": "results"
        },
        {
          "domain": "www.youtube.com",
          "link": "https://www.youtube.com/watch?v=0ZIQUb-d4GQ",
          "link_type": "results"
        },
        {
          "domain": "www.snopes.com",
          "link": "http://www.snopes.com/photos/animals/christian.asp",
          "link_type": "results"
        },
        {
          "domain": "www.mtmercy.edu",
          "link": "https://www.mtmercy.edu/guztknrsfzxfmvi",
          "link_type": "results"
        },
        {
          "domain": "www.mtmercy.edu",
          "link": "https://www.mtmercy.edu/guztknzxfzxfozy",
          "link_type": "results"
        },
        {
          "domain": "hearstmuseum.berkeley.edu",
          "link": "http://hearstmuseum.berkeley.edu/guztknjxfzxfmua",
          "link_type": "results"
        },
        {
          "domain": "www.people.com",
          "link": "http://www.people.com/people/article/0,,20215715,00.html",
          "link_type": "results"
        },
        {
          "domain": "www.goodreads.com",
          "link": "http://www.goodreads.com/book/show/6113349-a-lion-called-christian",
          "link_type": "results"
        },
        {
          "domain": "www.animalintelligence.org",
          "link": "http://www.animalintelligence.org/2007/08/16/video-christian-the-lion-reunited-with-humans-who-raised-him/",
          "link_type": "results"
        },
        {
          "domain": "",
          "link": "/aclk?sa=L&ai=Ca5pZqH2nVpSjH8fBb5aqt6gF4-6r4wXD-vzUlQK0kLbuCAgDEAFglYqygrwHyAEBqgQoT9BpB0d1zzQj0Vn6DdeN1thUaY1ga1ZDgrwpL9grWt36XRs2AIyPl4AHq5mPNZAHAagHpr4b2AcB&sig=AOD64_3rRHcJvx4E4ATIFuEDvhw83OF2nQ&clui=0&q=&ved=0ahUKEwiv2o-p08fKAhUEXA8KHeGIDngQ0QwIWA&adurl=http://bigcatrescue.org/lion-facts/",
          "link_type": "ads_main"
        }
      ]
    },
    {
      "results": [
        {
          "domain": "www.theguardian.com",
          "link": "http://www.theguardian.com/lifeandstyle/2011/may/28/christian-the-lion-rendall-bourke",
          "link_type": "results"
        },
        {
          "domain": "www.today.com",
          "link": "http://www.today.com/news/christian-lions-owners-recall-final-farewell-2D80555098",
          "link_type": "results"
        },
        {
          "domain": "manual159.damnpdf.org",
          "link": "http://manual159.damnpdf.org/28937h_christian-the-lion.pdf",
          "link_type": "results"
        },
        {
          "domain": "thierrymandon.fr",
          "link": "http://thierrymandon.fr/guztkobqfzxfo3i",
          "link_type": "results"
        },
        {
          "domain": "www.datalounge.com",
          "link": "https://www.datalounge.com/thread/6760089-popular-lion-reunion-video-are-the-two-men-a-gay-couple-",
          "link_type": "results"
        },
        {
          "domain": "bigcatrescue.org",
          "link": "https://bigcatrescue.org/christian-the-lion/",
          "link_type": "results"
        },
        {
          "domain": "www.jenks.com",
          "link": "http://www.jenks.com/guztkobxfzxfo5a",
          "link_type": "results"
        },
        {
          "domain": "www.jenks.com",
          "link": "http://www.jenks.com/guztknzxfzxfozy",
          "link_type": "results"
        },
        {
          "domain": "www.truthorfiction.com",
          "link": "https://www.truthorfiction.com/christian-the-lion/",
          "link_type": "results"
        },
        {
          "domain": "www.dailymail.co.uk",
          "link": "http://www.dailymail.co.uk/femail/article-1161255/The-lion-lived-flat-The-incredible-story-flatmates-raised-cub.html",
          "link_type": "results"
        },
        {
          "domain": "",
          "link": "/aclk?sa=L&ai=C3uuPrH2nVqauH8TKiwa955Nw4-6r4wXD-vzUlQK0kLbuCAgDEAFglYqygrwHkAECyAEBqgQoT9Aa9Jekrmx52PdKB6hqp1RO1AiQ2bgvGxgslCZPzr0tKkabMXDjBYAHq5mPNZAHAagHpr4b2AcB&sig=AOD64_3rw57bn2lcEQ12awYMJN_JBS8LIw&clui=0&q=&ved=0ahUKEwiLvoKr08fKAhXDlg8KHcAuAF44ChDRDAhX&adurl=http://bigcatrescue.org/lion-facts/",
          "link_type": "ads_main"
        }
      ]
    },
    {
      "results": [
        {
          "domain": "ndla.no",
          "link": "http://ndla.no/en/node/46189",
          "link_type": "results"
        },
        {
          "domain": "financialcv.com",
          "link": "http://financialcv.com/2016/01/lion-hug/",
          "link_type": "results"
        },
        {
          "domain": "twinflayms.typepad.com",
          "link": "http://twinflayms.typepad.com/blog/2008/07/christian-the-lion-antidote-to-all-the-political-crap-on-this-blog.html?asset_id=6a0134872ce3be970c0134872ce8d1970c",
          "link_type": "results"
        },
        {
          "domain": "nibnaifunma.site88.net",
          "link": "http://nibnaifunma.site88.net/h/281.htm",
          "link_type": "results"
        },
        {
          "domain": "livingincourageonline.com",
          "link": "http://livingincourageonline.com/courage/livingincourageonlinevideos/christian-the-lion-reunion-with-john-rendall-ace-berg/",
          "link_type": "results"
        },
        {
          "domain": "www.amazon.com",
          "link": "http://www.amazon.com/Christian-Lion-The-Thought-People/dp/B001HA5F2U",
          "link_type": "results"
        },
        {
          "domain": "www.catchannel.com",
          "link": "http://www.catchannel.com/cat-blog/nikki-batalis/revisiting-a-lion-called-christian.aspx",
          "link_type": "results"
        },
        {
          "domain": "www.pinterest.com",
          "link": "https://www.pinterest.com/isntshelovely2/christian-the-lion/",
          "link_type": "results"
        },
        {
          "domain": "www.pinterest.com",
          "link": "https://www.pinterest.com/addiecaddie604/christian-the-lion/",
          "link_type": "results"
        },
        {
          "domain": "cerewaju.xpg.uol.com.br",
          "link": "http://cerewaju.xpg.uol.com.br/dating-two-guys-reunite-with-lion-wild.html",
          "link_type": "results"
        },
        {
          "domain": "www.google.de",
          "link": "http://www.google.de/aclk?sa=L&ai=CkvG1r32nVr31IouIjAaX4pHIB-Puq-MFw_r81JUCtJC27ggIAxABYJWKsoK8B5ABA8gBAaoEKE_QsCTQ0yGyn41wcuyktbuptSrgj5z_Xqi15vWbu2y55DYBFNIkiCmAB6uZjzWQBwGoB6a-G9gHAQ&sig=AOD64_13gxJppCVNtuSfDiLQ9Vmk0RXPDQ&clui=0&rct=j&q=&ved=0ahUKEwjRrr6s08fKAhXF-A4KHQokBUw4FBDRDAhZ&adurl=http://bigcatrescue.org/lion-facts/",
          "link_type": "ads_main"
        }
      ]
    }
  ]
}