{
  "Origins": "On 13 December 2013, the web site stupend.us published an article positing that Pennsylvania had passed a \"Safe Highways Act\" law that banned New Jersey-licensed motorists from driving on Pennsylvania highways: In a move that angered many New Jersey residents and stunned the nation, Pennsylvania Governor Tom Corbitt signed the \"Pennsylvania Safe Highways Act\" into law yesterday, marking the first time such a law has been passed in the United States. The law bans New Jersey licensed drivers from operating any vehicle on Pennsylvania highways with fines of up to $1,500 for each offense. An exemption can be made for vehicles with state approved modifications, such as black and yellow reflective vinyl on all the doors and bumpers or a large \"Student Driver\" sign affixed to the roof of the vehicle. Shortly afterwards links and excerpts referencing this item were being circulated via social media, with many of those who encountered it mistaking it for a genuine news article. However, this item was just a bit of regional humor spoofing bad drivers: The article includes tags identifying it as \"parody\" and \"spoof,\" and other material published on stupend.us is clearly satirical in nature, such as articles proclaiming \"Philadelphia to Adopt Official 'Knockout' League\" and \"Affordable Care Act Labels Netflix as 'Addictive'; Moves to Restrict Usage.\"",
  "Fact Check": "",
  "Description": "",
  "Originally Published": "",
  "Referred Links": "http://stupend.us/2013/12/13/pa-bans-new-jersey-drivers/;",
  "Example": "[Collected via e-mail, December 2013] I have been hearing from co-workers about a news report popping up on Facebook stating the Governor Tom Corbett has signed a bill banning all New Jersey drivers from Pennsylvania roadways unless they have their vehicles marked as \"student driver\". This sounds sublimely rediculous to me.",
  "Last Updated": "16 December 2013",
  "Credibility": "false",
  "URL": "www.snopes.com/politics/traffic/pennsylvania.asp",
  "Claim": "Pennsylvania passed a law banning New Jersey drivers from its highways.",
  "Claim_ID": "politics_traffic_pennsylvania",
  "Tags": "",
  "Google Results": [
    {
      "results": [
        {
          "domain": "www.snopes.com",
          "link": "http://www.snopes.com/politics/traffic/pennsylvania.asp",
          "link_type": "results"
        },
        {
          "domain": "stupend.us",
          "link": "http://stupend.us/2013/12/13/pa-bans-new-jersey-drivers/",
          "link_type": "results"
        },
        {
          "domain": "www.ghsa.org",
          "link": "http://www.ghsa.org/html/stateinfo/laws/cellphone_laws.html",
          "link_type": "results"
        },
        {
          "domain": "www.professionalsoldiers.com",
          "link": "http://www.professionalsoldiers.com/forums/showthread.php?t=44429",
          "link_type": "results"
        },
        {
          "domain": "twitter.com",
          "link": "https://twitter.com/snopes/status/412989207569629184",
          "link_type": "results"
        },
        {
          "domain": "www.mit.edu",
          "link": "http://www.mit.edu/~jfc/right.html",
          "link_type": "results"
        },
        {
          "domain": "www.ncbi.nlm.nih.gov",
          "link": "http://www.ncbi.nlm.nih.gov/pmc/articles/PMC4001667/",
          "link_type": "results"
        },
        {
          "domain": "en.wikipedia.org",
          "link": "https://en.wikipedia.org/wiki/Restrictions_on_cell_phone_use_while_driving_in_the_United_States",
          "link_type": "results"
        },
        {
          "domain": "handsfreeinfo.com",
          "link": "http://handsfreeinfo.com/pennsylvania-cell-phone-laws-legislation/",
          "link_type": "results"
        },
        {
          "domain": "www.dumblaws.com",
          "link": "http://www.dumblaws.com/laws/united-states/new-jersey",
          "link_type": "results"
        },
        {
          "domain": "www.googleadservices.com",
          "link": "http://www.googleadservices.com/pagead/aclk?sa=L&ai=CPiQPvy6jVuGkB5SFpgOQhrP4ApiFkr0KsIXB7soCq5KN_g4IAxABYOUDoAGYyPrEA8gBAaoEKE_Qx_pnzluto9lWANVLemF5N9u23N6_YynUF6AUbz2OvWKTyjZnF2iIBgGAB9C3hTuQBwOoB6a-G9gHAQ&ohost=www.google.com.mx&cid=CAASJORosJPjO0C4oMl7blkPOXWU8bfvVw3JGyXMjLIU76pd_XWniA&sig=AOD64_2FBgLqQ2SL3N5Wk1V1Bg6C_8QWTg&clui=0&q=&ved=0ahUKEwiEvazAt7_KAhWhsIMKHabUDEEQ0QwIXg&adurl=https://www.networkforphl.org/topics__resources/topics__resources/injury_prevention_and_safety/driving_safety_resources/",
          "link_type": "ads_main"
        }
      ]
    },
    {
      "results": [
        {
          "domain": "www.ncbi.nlm.nih.gov",
          "link": "http://www.ncbi.nlm.nih.gov/pmc/articles/PMC4001674/",
          "link_type": "results"
        },
        {
          "domain": "www.ncsl.org",
          "link": "http://www.ncsl.org/research/transportation/cellular-phone-use-and-texting-while-driving-laws.aspx",
          "link_type": "results"
        },
        {
          "domain": "www.ncsl.org",
          "link": "http://www.ncsl.org/research/transportation/summaries-of-current-drowsy-driving-laws.aspx",
          "link_type": "results"
        },
        {
          "domain": "cs.thehorse.com",
          "link": "http://cs.thehorse.com/blogs/horses-and-the-law/archive/2012/01/24/Rules-Of-The-Road.aspx",
          "link_type": "results"
        },
        {
          "domain": "www.iihs.org",
          "link": "http://www.iihs.org/iihs/topics/laws/cellphonelaws/maphandheldcellbans",
          "link_type": "results"
        },
        {
          "domain": "www.claimsjournal.com",
          "link": "http://www.claimsjournal.com/news/national/2014/07/03/251323.htm",
          "link_type": "results"
        },
        {
          "domain": "www.iii.org",
          "link": "http://www.iii.org/issue-update/teen-drivers",
          "link_type": "results"
        },
        {
          "domain": "www.truthin7minutes.com",
          "link": "http://www.truthin7minutes.com/weird-laws/",
          "link_type": "results"
        },
        {
          "domain": "paindependent.com",
          "link": "http://paindependent.com/2012/09/lawmakers-to-consider-phone-ban-for-drivers/",
          "link_type": "results"
        },
        {
          "domain": "www.nytimes.com",
          "link": "http://www.nytimes.com/2012/08/14/nyregion/teenage-driving-laws-stiffened-in-many-states.html",
          "link_type": "results"
        }
      ]
    },
    {
      "results": [
        {
          "domain": "www.totallyuselessknowledge.com",
          "link": "http://www.totallyuselessknowledge.com/laws.php",
          "link_type": "results"
        },
        {
          "domain": "www.pahighways.com",
          "link": "http://www.pahighways.com/toll/PATurnpike.html",
          "link_type": "results"
        },
        {
          "domain": "articles.philly.com",
          "link": "http://articles.philly.com/2010-01-27/news/25210212_1_ban-texting-cell-phones-distracted-driver",
          "link_type": "results"
        },
        {
          "domain": "www.distraction.gov",
          "link": "http://www.distraction.gov/stats-research-laws/state-laws.html",
          "link_type": "results"
        },
        {
          "domain": "www.bloomberg.com",
          "link": "http://www.bloomberg.com/news/2014-09-30/death-on-highway-leaves-trucker-angry-at-widower-and-god.html",
          "link_type": "results"
        },
        {
          "domain": "wearechange.org",
          "link": "http://wearechange.org/u-s-supreme-court-says-no-license-necessary-to-drive-automobile-on-public-highwaysstreets/",
          "link_type": "results"
        },
        {
          "domain": "iamtraffic.org",
          "link": "http://iamtraffic.org/engineering/crossing-double-yellow-line/",
          "link_type": "results"
        },
        {
          "domain": "www.edgarsnyder.com",
          "link": "https://www.edgarsnyder.com/car-accident/cause-of-accident/cell-phone/cell-phone-laws.html",
          "link_type": "results"
        },
        {
          "domain": "",
          "link": "/aclk?sa=L&ai=C3pSCwy6jVqGDH5bppAPqiqSIA_K_yOAEgo6vpnyPuJeYawgDEAEoA2DlA5ABA8gBAaoEJU_QyAQb9JnG0f_aMZ6LRdFLVwfHdTAS_8H-HGL6o7YBy_7DDF2AB6qlrzCQBwOoB6a-G9gHAQ&sig=AOD64_0ub-3xqGY43XncaqELy1ZcYzVsDw&clui=0&q=&ved=0ahUKEwjKp7jCt7_KAhVpkYMKHU8KDHo4FBDRDAhZ&adurl=http://www.ask.com/slp%3F%26q%3Dpennsylvania%2Bdriving%2Blaws%26sid%3D8271856e-29f6-4a51-85cc-a2a8f42af182-0-us_gsb%26kwid%3D%252Bpennsylvania%2520%252Bdriving%2520%252Blaws%26cid%3D33287944642%26site%3D",
          "link_type": "ads_main"
        },
        {
          "domain": "",
          "link": "/aclk?sa=L&ai=Cox8Bwy6jVqGDH5bppAPqiqSIA-KMn6gEuvSFs4YB74Ok6ZgBCAMQAigDYOUDkAEDyAEBqgQlT9DYSx70msbR_9oxnrNI40RXB8d1MBL_wf4cYvqjtgHLrtUwQoAH-vi-LpAHA6gHpr4b2AcB&sig=AOD64_13dbvIx1hFY-3qAOaWFfAf2VaR6A&clui=4&q=&ved=0ahUKEwjKp7jCt7_KAhVpkYMKHU8KDHo4FBDRDAhi&adurl=http://us.wow.com/search%3Fs_pt%3Daolsem%26s_it%3Daolsem%26s_chn%3D60%26q%3Dpa%2520drivers%2520laws",
          "link_type": "ads_main"
        },
        {
          "domain": "www.googleadservices.com",
          "link": "http://www.googleadservices.com/pagead/aclk?sa=L&ai=CXjnowy6jVqGDH5bppAPqiqSIA4fZ6sMI78W7w7gCnKbzBAgDEAMoA2DlA5ABA6AB-ZCK_APIAQGqBChP0Pg0su2A9eDH4_gcM4OKCCG6yPaAEDe74iq3NUSRAc5czazuwwP-iAYBgAfv7vUDkAcDqAemvhvYBwE&ohost=www.google.com.mx&cid=CAASJORoxwzP4_1TNz9u5ggi0AJvDgv-yvQzAo2YVYK2nVWZBVxnvA&sig=AOD64_1u4hkemqGg9Xl7Z5thY0P_PsG3Zg&clui=5&q=&ved=0ahUKEwjKp7jCt7_KAhVpkYMKHU8KDHo4FBDRDAhn&adurl=http://info.anapolweiss.com/defective-airbags/%3Fads_cmpid%3D340956415%26ads_adid%3D20660334415%26ads_matchtype%3Db%26ads_network%3Dg%26ads_creative%3D83892666175%26ads_kw%3Dnew%2520jersey%2520law%26ads_targetid%3Dkwd-10277660",
          "link_type": "ads_main"
        }
      ]
    }
  ]
}