{
  "Origins": "",
  "Fact Check": "",
  "Description": "",
  "Originally Published": "",
  "Referred Links": "http://bqsocial.tumblr.com/post/110712571235/hi-everyone-pete-here-seems-to-be-an-upsurge-in;http://www.thetimes.co.uk/tto/arts/film/article4349207.ece?CMP=Spklr-142315999-Editorial-TWITTER-thetimes-20150210-Arts%20and%20Culture&linkId=12255273;http://www.theguardian.com/film/2015/feb/10/fifty-shades-of-grey-tape-bq-tells-stores-to-stock-up-on-bondage-hardware;https://twitter.com/CharLouJackson/status/565067073823711232;",
  "Example": "",
  "Last Updated": "",
  "Credibility": "false",
  "URL": "www.snopes.com/politics/business/50shades.asp",
  "Claim": "The UK hardware store B&Q warned its staff about a surge in rope, duct tape, and tie down sales before the release of the Fifty Shades of Grey movie.",
  "Claim_ID": "politics_business_50shades",
  "Tags": "",
  "Google Results": [
    {
      "results": [
        {
          "domain": "www.telegraph.co.uk",
          "link": "http://www.telegraph.co.uk/news/newstopics/howaboutthat/11400246/BandQ-sends-Fifty-Shades-of-Grey-memo-warning-staff-to-expect-soar-in-demand-for-cable-ties-and-rope.html",
          "link_type": "results"
        },
        {
          "domain": "www.snopes.com",
          "link": "http://www.snopes.com/POLITICS/business/50shades.asp",
          "link_type": "results"
        },
        {
          "domain": "www.dailymail.co.uk",
          "link": "http://www.dailymail.co.uk/news/article-2945908/B-Q-warns-staff-expect-run-rope-duct-tape-customers-act-50-Shades-Grey-tells-watch-movie-answer-sensitive-questions.html",
          "link_type": "results"
        },
        {
          "domain": "money.aol.co.uk",
          "link": "http://money.aol.co.uk/2015/02/10/bandq-staff-told-to-prepare-for-50-shades-of-grey-inspired-surge/",
          "link_type": "results"
        },
        {
          "domain": "www.webinfobits.com",
          "link": "http://www.webinfobits.com/info/duct-store",
          "link_type": "results"
        },
        {
          "domain": "uk.news.yahoo.com",
          "link": "http://uk.news.yahoo.com/b-q-ask-staff-read-fifty-shades-grey-200709945.html",
          "link_type": "results"
        },
        {
          "domain": "www.ooyuz.com",
          "link": "http://www.ooyuz.com/geturl?aid=3935627",
          "link_type": "results"
        }
      ]
    }
  ]
}