{
  "Origins": "One of First Lady Michelle Obama's most prominent public efforts during her husband's tenure in the White House has been her \" Let's Move \" campaign to end childhood obesity in a generation by ensuring that every family has access to healthy, affordable food and helping kids become more physically active. This effort has led to the development of some corporate cooperation between food providers and the goals of the \"Let's Move\" initiative, such as the January 2014 announcement that the Subway chain of sandwich shops would be spending $41 million over three years to \"encourage finicky young eaters to eat more food that comes out of the ground or grows on trees\" and the First Lady's public approval in 2011 of the McDonald's fast food chain's decision to add more fruit and reduce the amount of french fries in their popular Happy Meals.",
  "Fact Check": "",
  "Description": "The notion, expressed in online rumors, that McDonald's will be placing Michelle Obama's image on their drink cups is a spurious one, however; a combination of sarcastic expressions from critical commentators , reports published by web sites of dubious repute , and a spoof headline that appeared in the satirical Onion publication back in October 2009. In that spoof, The Onion posited that a \"disapproving Michelle Obama\" would be printed on all fast food containers.",
  "Originally Published": "",
  "Referred Links": "http://www.theonion.com/articles/disapproving-michelle-obama-to-be-printed-on-all-f,10209/;http://americannews.com/michelle-obamas-face-to-be-plastered-all-over-fast-food-chain/;http://thinkprogress.org/health/2014/01/23/3197411/subway-partners-michelle-obama/;http://abcnews.go.com/Health/mcdonalds-puts-fruit-veggies-happy-meals/story?id=14159121;http://www.nydailynews.com/news/politics/subway-offer-healthier-food-kids-article-1.1588540;http://www.letsmove.gov/;",
  "Example": "[Collected via e-mail, August 2014] I saw on Facebook where McDonalds Corp was going to post picturesof Michelle Obama on their paper cups. Is this for real? if so I knowmany will boycott McDonalds. Why don't they put pictures of fallenveterans on them instead?",
  "Last Updated": "2 September 2014",
  "Credibility": "false",
  "URL": "www.snopes.com/politics/obama/mcdonalds.asp",
  "Claim": "McDonald's restaurants will be placing Michelle Obama's image on their drink cups.",
  "Claim_ID": "politics_obama_mcdonalds",
  "Tags": "",
  "Google Results": [
    {
      "results": [
        {
          "domain": "www.snopes.com",
          "link": "http://www.snopes.com/politics/obama/mcdonalds.asp",
          "link_type": "results"
        },
        {
          "domain": "www.facebook.com",
          "link": "https://www.facebook.com/snopes/photos/a.241067746037752.1073741828.241061082705085/501744603303397/",
          "link_type": "results"
        },
        {
          "domain": "wikiloker.com",
          "link": "http://wikiloker.com/search/Michelle+Obamas+Face+on+McDonalds+Cups++++snopes+com/",
          "link_type": "results"
        },
        {
          "domain": "twitter.com",
          "link": "https://twitter.com/snopes/status/506887955571421184",
          "link_type": "results"
        },
        {
          "domain": "americannews.com",
          "link": "http://americannews.com/michelle-obamas-face-to-be-plastered-all-over-fast-food-chain/",
          "link_type": "results"
        },
        {
          "domain": "abcnews.go.com",
          "link": "http://abcnews.go.com/Health/mcdonalds-puts-fruit-veggies-happy-meals/story?id=14159121",
          "link_type": "results"
        },
        {
          "domain": "www.dailymail.co.uk",
          "link": "http://www.dailymail.co.uk/news/article-2166611/McDonalds-worker-reveals-secrets-fast-food-giant--warns-ordering-grilled-chicken.html",
          "link_type": "results"
        },
        {
          "domain": "www.dailymail.co.uk",
          "link": "http://www.dailymail.co.uk/news/article-2470792/Stella-Liebecks-hot-coffee-McDonalds-lawsuit-The-truth.html",
          "link_type": "results"
        },
        {
          "domain": "theuspatriot.com",
          "link": "http://theuspatriot.com/2014/04/08/michelle-obamas-face-to-be-plastered-all-over-fast-food-chain-2/",
          "link_type": "results"
        },
        {
          "domain": "m.delphiforums.com",
          "link": "http://m.delphiforums.com/newtish/messages/46433/257",
          "link_type": "results"
        }
      ]
    },
    {
      "results": [
        {
          "domain": "wonkette.com",
          "link": "http://wonkette.com/450423/america-reacts-to-new-mcdonalds-happy-meals-on-photoshop",
          "link_type": "results"
        },
        {
          "domain": "www.adweek.com",
          "link": "http://www.adweek.com/news/advertising-branding/marketers-new-tactics-food-label-wars-158291",
          "link_type": "results"
        },
        {
          "domain": "www.sourcewatch.org",
          "link": "http://www.sourcewatch.org/index.php/McDonald's",
          "link_type": "results"
        },
        {
          "domain": "www.forwardprogressives.com",
          "link": "http://www.forwardprogressives.com/subway-partners-with-michelle-obama-conservatives-lose-their-minds-with-hate/",
          "link_type": "results"
        },
        {
          "domain": "www.freerepublic.com",
          "link": "http://www.freerepublic.com/focus/chat/3114808/posts",
          "link_type": "results"
        },
        {
          "domain": "www.theatlantic.com",
          "link": "http://www.theatlantic.com/magazine/archive/2013/07/how-junk-food-can-end-obesity/309396/",
          "link_type": "results"
        },
        {
          "domain": "portionteller.com",
          "link": "http://portionteller.com/tag/fast-food/",
          "link_type": "results"
        },
        {
          "domain": "www.spiegel.de",
          "link": "http://www.spiegel.de/international/world/new-york-mayor-s-soda-ban-sparks-debate-on-fat-and-freedom-a-849121-2.html",
          "link_type": "results"
        },
        {
          "domain": "carlanthonyonline.com",
          "link": "http://carlanthonyonline.com/2014/01/19/michelle-obama-a-story-of-first-lady-influence-having-national-impact-part-2/",
          "link_type": "results"
        },
        {
          "domain": "www.yahoo.com",
          "link": "https://www.yahoo.com/health/why-millennials-just-arent-that-into-mcdonalds-126035358772.html",
          "link_type": "results"
        }
      ]
    },
    {
      "results": [
        {
          "domain": "bamboocorefitness.com",
          "link": "http://bamboocorefitness.com/this-is-why-you-should-never-drink-a-mcdonalds-shamrock-shake/",
          "link_type": "results"
        },
        {
          "domain": "www.jayski.com",
          "link": "http://www.jayski.com/news/tracks/archive/story/_/page/homestead-miami-speedway-news-archive",
          "link_type": "results"
        },
        {
          "domain": "www.foodsafetynews.com",
          "link": "http://www.foodsafetynews.com/2012/05/nyc-poised-to-limit-size-of-sugary-drinks/",
          "link_type": "results"
        },
        {
          "domain": "www.thewatcherfiles.com",
          "link": "http://www.thewatcherfiles.com/",
          "link_type": "results"
        },
        {
          "domain": "www.ndtv.com",
          "link": "http://www.ndtv.com/topic/mcdonald-s/news/page-2",
          "link_type": "results"
        },
        {
          "domain": "www.usnews.com",
          "link": "http://www.usnews.com/news/the-report/articles/2015/06/05/the-great-government-takeover-of-food",
          "link_type": "results"
        },
        {
          "domain": "www.theguardian.com",
          "link": "http://www.theguardian.com/commentisfree/2014/feb/28/michelle-obama-fda-nutrition-labels-not-enough",
          "link_type": "results"
        },
        {
          "domain": "www.yelp.com",
          "link": "http://www.yelp.com/biz/mcdonalds-williams",
          "link_type": "results"
        },
        {
          "domain": "www.wsj.com",
          "link": "http://www.wsj.com/articles/mcdonalds-new-chief-plots-counter-attack-1425257325",
          "link_type": "results"
        }
      ]
    }
  ]
}