{
  "Origins": "",
  "Fact Check": "",
  "Description": "",
  "Originally Published": "",
  "Referred Links": "https://www.youtube.com/watch?v=jFH4DszUj2A;http://notalwayslearning.com/faq;http://notalwayslearning.com/was-bra-ced-for-a-different-reaction/36792;",
  "Example": "",
  "Last Updated": "",
  "Credibility": "false",
  "URL": "www.snopes.com/politics/education/snapbra.asp",
  "Claim": "An angry mother delivered a scathing response to school officials after her daughter was punished for punching a classmate who snapped her bra.",
  "Claim_ID": "politics_education_snapbra",
  "Tags": "",
  "Google Results": [
    {
      "results": [
        {
          "domain": "www.snopes.com",
          "link": "http://www.snopes.com/politics/education/snapbra.asp",
          "link_type": "results"
        },
        {
          "domain": "www.facebook.com",
          "link": "https://www.facebook.com/snopes/posts/654699434674579",
          "link_type": "results"
        },
        {
          "domain": "github.com",
          "link": "https://github.com/thomaswilburn/web150-servers/blob/master/snopes.json",
          "link_type": "results"
        },
        {
          "domain": "m.delphiforums.com",
          "link": "http://m.delphiforums.com/newtish/messages/46433",
          "link_type": "results"
        },
        {
          "domain": "www.intermountaininsurance.net",
          "link": "http://www.intermountaininsurance.net/index.php/blog/entry/bra-of-mom",
          "link_type": "results"
        },
        {
          "domain": "viewsfromthecouch.com",
          "link": "http://viewsfromthecouch.com/2012/02/you-didnt-thank-me-for-punching-you-in-the-fac/",
          "link_type": "results"
        },
        {
          "domain": "www.dailymail.co.uk",
          "link": "http://www.dailymail.co.uk/news/article-2323118/High-schooler-rant-teacher-went-viral-regrets-class-tongue-lashing.html",
          "link_type": "results"
        },
        {
          "domain": "en.webstator.com",
          "link": "http://en.webstator.com/requete/facebook-amis/educa-touch",
          "link_type": "results"
        },
        {
          "domain": "groups.google.com",
          "link": "https://groups.google.com/d/topic/christiansunchained/Nyo4AM_5Lgk",
          "link_type": "results"
        },
        {
          "domain": "libros.am",
          "link": "http://libros.am/book/read/id/381940/slug/the-riddle-of-gender",
          "link_type": "results"
        }
      ]
    },
    {
      "results": [
        {
          "domain": "princewaleyusuf.blogspot.com",
          "link": "http://princewaleyusuf.blogspot.com/2013_12_01_archive.html",
          "link_type": "results"
        },
        {
          "domain": "www.tinact.ro",
          "link": "http://www.tinact.ro/detaliu-calendar/IDevent/583",
          "link_type": "results"
        },
        {
          "domain": "www.dreamaircraft.com",
          "link": "http://www.dreamaircraft.com/site/multimedia/displayimage.php?album=3&pos=8",
          "link_type": "results"
        },
        {
          "domain": "www.eurasianhistory.com",
          "link": "http://www.eurasianhistory.com/cgi-bin/main/main.cgi?act=review;classid=k01;id=137",
          "link_type": "results"
        },
        {
          "domain": "zar.barilga.mn",
          "link": "http://zar.barilga.mn/ads.php/all/list?page=345",
          "link_type": "results"
        },
        {
          "domain": "www.newswhip.com",
          "link": "http://www.newswhip.com/news-app/world/opinion",
          "link_type": "results"
        },
        {
          "domain": "www.indzcoursier.fr",
          "link": "http://www.indzcoursier.fr/spip.php?article2",
          "link_type": "results"
        },
        {
          "domain": "abc7.com",
          "link": "http://abc7.com/sitemap/images/2012.xml",
          "link_type": "results"
        },
        {
          "domain": "wenku.baidu.com",
          "link": "http://wenku.baidu.com/view/3aa777ea0c22590102029dd4",
          "link_type": "results"
        }
      ]
    },
    {
      "results": [
        {
          "domain": "m.facebook.com",
          "link": "https://m.facebook.com/snopes/posts/654699434674579?comment_tracking=%7B%22tn%22%3A%22O%22%7D",
          "link_type": "results"
        },
        {
          "domain": "m.facebook.com",
          "link": "https://m.facebook.com/snopes/posts/654699434674579",
          "link_type": "results"
        },
        {
          "domain": "www.dwpwn.pl",
          "link": "http://www.dwpwn.pl/wiosenny-konkurs/zdj?ID=4050&pageNumber=",
          "link_type": "results"
        },
        {
          "domain": "bm-g.com",
          "link": "http://bm-g.com/blogview.php?blgseq=2439&",
          "link_type": "results"
        },
        {
          "domain": "allsex.co",
          "link": "http://allsex.co/mom-and-dad-punch-daughter-1.html",
          "link_type": "results"
        },
        {
          "domain": "world.sciencenet.cn",
          "link": "http://world.sciencenet.cn/index.php?s=/Index/datail/id/1577",
          "link_type": "results"
        },
        {
          "domain": "simya.com.ua",
          "link": "http://simya.com.ua/articles/3/3482/2/",
          "link_type": "results"
        },
        {
          "domain": "www.colegiotilata.edu.co",
          "link": "http://www.colegiotilata.edu.co/i/image/details/_id=33224&image=31076",
          "link_type": "results"
        },
        {
          "domain": "wortzmanb.github.io",
          "link": "http://wortzmanb.github.io/ihs-website/introcs/wordsv2.txt",
          "link_type": "results"
        },
        {
          "domain": "www.familiehaakman.nl",
          "link": "http://www.familiehaakman.nl/index.php?option=com_rsgallery2&Itemid=&page=inline&id=52&catid=9&limitstart=22&lang=en",
          "link_type": "results"
        }
      ]
    }
  ]
}