{
  "Origins": "On 6 January 2006, NBC will air the two-hour premiere of a mid-season series called The Book of Daniel, a religiously-themed saga which the network describes thusly:",
  "Fact Check": "",
  "Description": "USA Today television critic Robert Bianco wrote of the controversial series: Whatever else you may have heard about The Book of Daniel, it is first and foremost a show about a true-to-life, loving, complex family. It is also witty, earnest, intelligent, overdone, overly ambitious, wildly entertaining and superbly cast which are just a few of the things that the people who decided to protest the show before it even aired have failed to mention. A total of 4 of NBC's 230 affiliate stations (in Beaumont, Texas; Meridian, Mississippi; Little Rock, Arkansas; and Terre Haute, Indiana) declined to air the series' premiere episode. Five more episodes of the program are slated to air before the 2006 Winter Olympics, and two additional episodes afterwards. Television critic Alan Sepinwall wrote a detailed article about the background of the show and its creator in advance of the program's first airing. Gary Levin also reviewed the series for USA Today. Update: On 24 January 2006, NBC announced it The Book of Daniel was being \"dropped from the schedule.\" Kevin Reilly, president of NBC Entertainment, said a letter-writing campaign from some right-wingers wasn't what killed ad sales for the show; it was that nobody was watching. The show had drawn an audience of 6.9 million viewers on its first night, but by its fourth airing, that number was down to 5.8 million.",
  "Originally Published": "",
  "Referred Links": "http://www.usatoday.com/life/television/reviews/2006-01-05-daniel-side_x.htm;http://www.beliefnet.com/story/171/story_17189_1.html;http://abcnews.go.com/Entertainment/wireStory?id=1479259;http://www.usatoday.com/life/television/reviews/2006-01-05-book-of-daniel_x.htm;http://www.nbc.com/The_Book_Of_Daniel/about.shtml;",
  "Example": "",
  "Last Updated": "26 January 2006",
  "Credibility": "true",
  "URL": "www.snopes.com/politics/religion/daniel.asp",
  "Claim": "NBC aired The Book of Daniel, a series about an Episcopal priest who dealt with an addiction to painkillers, a gay son, and a daughter arrested for selling marijuana.",
  "Claim_ID": "politics_religion_daniel",
  "Tags": "",
  "Google Results": [
    {
      "results": [
        {
          "domain": "www.snopes.com",
          "link": "http://www.snopes.com/politics/religion/daniel.asp",
          "link_type": "results"
        },
        {
          "domain": "www.freerepublic.com",
          "link": "http://www.freerepublic.com/focus/news/1553611/posts",
          "link_type": "results"
        },
        {
          "domain": "www.jctv.org",
          "link": "http://www.jctv.org/discussion-zone/viewtopic.php?f=12&t=6076",
          "link_type": "results"
        },
        {
          "domain": "www.onlinedebate.net",
          "link": "http://www.onlinedebate.net/forums/archive/index.php/t-4944.html",
          "link_type": "results"
        },
        {
          "domain": "alt.religion.christian.narkive.com",
          "link": "http://alt.religion.christian.narkive.com/qTJFhJ0V/the-book-of-daniel-jan-6-on-nbc.16",
          "link_type": "results"
        },
        {
          "domain": "www.catholicleague.org",
          "link": "http://www.catholicleague.org/media-6/",
          "link_type": "results"
        },
        {
          "domain": "www.patrickkphillips.com",
          "link": "http://www.patrickkphillips.com/hot-topics/homosexuality/judging-the-book-by-its-cover/",
          "link_type": "results"
        },
        {
          "domain": "mirrors.unna.org",
          "link": "http://mirrors.unna.org/homepage.mac.com/rmansfield/thislamp/files/0835df6bccb663544f157b7c55e99c30-219.html",
          "link_type": "results"
        },
        {
          "domain": "lists.washlaw.edu",
          "link": "http://lists.washlaw.edu/pipermail/deathpenalty/2015-November.txt",
          "link_type": "results"
        },
        {
          "domain": "ai.stanford.edu",
          "link": "http://ai.stanford.edu/~dvickrey/game_data/categorilla_categodzilla_071409",
          "link_type": "results"
        }
      ]
    },
    {
      "results": [
        {
          "domain": "www.radiolab.org",
          "link": "http://www.radiolab.org/sitemap-article-2013-07.xml",
          "link_type": "results"
        },
        {
          "domain": "www.i-pulse.nl",
          "link": "http://www.i-pulse.nl/blog/1/wat-is-een-blog-8-redenen-om-te-bloggen",
          "link_type": "results"
        },
        {
          "domain": "yaf.org",
          "link": "http://yaf.org/Fluke_Georgetown.aspx",
          "link_type": "results"
        },
        {
          "domain": "lists.washlaw.edu",
          "link": "http://lists.washlaw.edu/pipermail/deathpenalty/2014-August.txt",
          "link_type": "results"
        },
        {
          "domain": "www.stop-censorship.net",
          "link": "http://www.stop-censorship.net/rus/slogans/5395d28451aff/",
          "link_type": "results"
        },
        {
          "domain": "cwweb2.tu.ac.th",
          "link": "http://cwweb2.tu.ac.th/emc/project/me-learning/viewsms.php",
          "link_type": "results"
        },
        {
          "domain": "web.mit.edu",
          "link": "http://web.mit.edu/~ecprice/Public/wordlist.ranked",
          "link_type": "results"
        },
        {
          "domain": "pelczyce.pl",
          "link": "http://pelczyce.pl/aktualnosci/pokaz/300.dhtml",
          "link_type": "results"
        },
        {
          "domain": "trinitylutherantrf.com",
          "link": "http://trinitylutherantrf.com/calendar/index.cgi?active_tab=2&add_edit_cal_action=view_pending",
          "link_type": "results"
        },
        {
          "domain": "www.estatevaults.com",
          "link": "http://www.estatevaults.com/lm/archives/last_words_obits_eulogies_and_epitaphs/",
          "link_type": "results"
        }
      ]
    },
    {
      "results": [
        {
          "domain": "www.bishop-accountability.org",
          "link": "http://www.bishop-accountability.org/AbuseTrackerArchive/2012/04/",
          "link_type": "results"
        },
        {
          "domain": "www.onlineparfimerija.com",
          "link": "http://www.onlineparfimerija.com/parfem/769/Escade",
          "link_type": "results"
        },
        {
          "domain": "akdart.com",
          "link": "http://akdart.com/tempint.html",
          "link_type": "results"
        },
        {
          "domain": "6abc.com",
          "link": "http://6abc.com/sitemap/images/2008.xml",
          "link_type": "results"
        },
        {
          "domain": "www.mmj-car.com",
          "link": "http://www.mmj-car.com/cp-bin/blog/index.php?eid=6",
          "link_type": "results"
        },
        {
          "domain": "www.mo-na-ko.net",
          "link": "http://www.mo-na-ko.net/php/portal/gallery.php?akce=comment_fullview&media_id=338",
          "link_type": "results"
        },
        {
          "domain": "www.bidstrup.com",
          "link": "http://www.bidstrup.com/arc20051201.htm",
          "link_type": "results"
        },
        {
          "domain": "www.newstribune.com",
          "link": "http://www.newstribune.com/news/2011/dec/",
          "link_type": "results"
        },
        {
          "domain": "www.catholictranscript.org",
          "link": "http://www.catholictranscript.org/component/content/archive.html?id=archive",
          "link_type": "results"
        }
      ]
    }
  ]
}