{
  "Origins": "This image was circulated in the first week of August 2013 as a supposed picture of an AT&T phone bill which includes a $0.23 surcharge for a \"Lawful Interception Recovery Fee,\" supposedly to cover the costs of government wiretapping or monitoring public phone conversations.",
  "Fact Check": "",
  "Description": "The image looks to be one fabricated by manipulating a picture of an older AT&T bill, leaving curiosities such as the surcharges listed on the bill not lining up with their descriptions (there are six charges but only five line items, leaving a $0.61 charge with no explanation) and the total shown at the bottom not equaling the sum of the individual charges. (The ITSAP surcharge suggests the original bill was for a customer in Idaho, as ITSAP is an abbreviation for the Idaho Telecommunications Service Assistance Program.) Additionally, one has to wonder why this is the only example on all of the Internet showing an AT&T bill (or any other phone bill) with such a surcharge added on. If \"Lawful Interception Recovery Fees\" were now commonly being imposed on phone customers and provoking the level of astonishment and outrage seemingly prompted by this example, the Internet should be awash in images of bills from multiple phone customers showing the same thing. To settle the matter, we contacted AT&T to inquire about this issue directly, and a customer service representative told us that the company does not (and never has) included any such surcharge in customer bills.",
  "Originally Published": "",
  "Referred Links": "",
  "Example": "[Collected via e-mail, August 2013] Are We Paying a Tax to Fund the NSA Spying on Americans? I was looking at my bill and didn't know what this lawful interception charge was ... I googled it ... WIRE TAPPING!!! I called and they said it was a new fee for the vost incurred by the government. I don't have anything to hide so if they wanna tap my phone go ahead ... but why should I have to pay for it??!!! This is ridiculous, please share this so we can get the word out there. Oh, and check your phone bills people!!",
  "Last Updated": "11 August 2013",
  "Credibility": "false",
  "URL": "www.snopes.com/politics/taxes/interception.asp",
  "Claim": "Image shows an AT&T telephone bill with a \"Lawful Interception Recovery Fee\" to cover government wiretaps.",
  "Claim_ID": "politics_taxes_interception",
  "Tags": "",
  "Google Results": [
    {
      "results": [
        {
          "domain": "www.snopes.com",
          "link": "http://www.snopes.com/politics/taxes/interception.asp",
          "link_type": "results"
        },
        {
          "domain": "www.thatsnonsense.com",
          "link": "http://www.thatsnonsense.com/view.php?id=1757",
          "link_type": "results"
        },
        {
          "domain": "www.inquisitr.com",
          "link": "http://www.inquisitr.com/901462/lawful-interception-recovery-fee-the-nsas-bill-to-spy-on-us-video/",
          "link_type": "results"
        },
        {
          "domain": "wafflesatnoon.com",
          "link": "http://wafflesatnoon.com/att-lawful-interception-recovery-fee/",
          "link_type": "results"
        },
        {
          "domain": "www.facebook.com",
          "link": "https://www.facebook.com/permalink.php?id=177814089041051&story_fbid=225964744225985",
          "link_type": "results"
        },
        {
          "domain": "www.politifact.com",
          "link": "http://www.politifact.com/curation/national/archive/?page=117",
          "link_type": "results"
        },
        {
          "domain": "cellphoneforums.net",
          "link": "http://cellphoneforums.net/att/t363610-lawful-interception-recovery-fee-real.html",
          "link_type": "results"
        },
        {
          "domain": "freedownloaduinterception.wordpress.com",
          "link": "https://freedownloaduinterception.wordpress.com/",
          "link_type": "results"
        },
        {
          "domain": "spybusters.blogspot.com",
          "link": "http://spybusters.blogspot.com/2013/08/who-gets-bill-for-government-wiretaps.html",
          "link_type": "results"
        },
        {
          "domain": "wafflesatnoon51.rssing.com",
          "link": "http://wafflesatnoon51.rssing.com/chan-8712066/all_p8.html",
          "link_type": "results"
        },
        {
          "domain": "www.googleadservices.com",
          "link": "http://www.googleadservices.com/pagead/aclk?sa=L&ai=CmS6BVHOjVpGYB4jcpAOYxrjoBajtlskF0JL3iKUBxbvOGAgAEAFg5av5hKgWoAHG86fzA8gBAakCJC3rJ1UKYD6qBChP0OQQ--eM6I8OST9Aixo_l0g6Cfz2-k1zAS2ejO7qBvy7EU06h_CliAYBgAeijNgMkAcDqAemvhvYBwE&ohost=www.google.com.mx&cid=CAASJORo4_lu4hKUtU_-zokknZLMMjn2vX24retnY1ta-JXgx7fb_g&sig=AOD64_25epsU_jywZrLprBP0cDwexk1J2g&clui=0&q=&ved=0ahUKEwii1Jb0-L_KAhVEyYMKHUGxDTwQ0QwIGA&adurl=http://www.edecision4u.com",
          "link_type": "ads_main"
        },
        {
          "domain": "www.googleadservices.com",
          "link": "http://www.googleadservices.com/pagead/aclk?sa=L&ai=Cnm4qVHOjVpGYB4jcpAOYxrjoBY-ezfMDr8HUxrQCi9nMnQsIAxABYOWr-YSoFqAB-eqJ-wPIAQGpApD2C9zy2ZA-qgQnT9DEckmrltm_NnC-wojT9SImW-wQLMYQiqbJlHFOheX3U_fsdK4biAYBgAfvlPYEkAcDqAemvhvYBwE&ohost=www.google.com.mx&cid=CAASJORo4_lu4hKUtU_-zokknZLMMjn2vX24retnY1ta-JXgx7fb_g&sig=AOD64_142y06ZHLb8XTFpYjlUoXXMvNzrw&clui=3&q=&ved=0ahUKEwii1Jb0-L_KAhVEyYMKHUGxDTwQ0QwIXQ&adurl=http://www.septier.com/product-item/lawful-interception/",
          "link_type": "ads_main"
        }
      ]
    },
    {
      "results": [
        {
          "domain": "securemobilephone.blogspot.com",
          "link": "http://securemobilephone.blogspot.com/2013_08_01_archive.html",
          "link_type": "results"
        },
        {
          "domain": "www.hoax-slayer.com",
          "link": "http://www.hoax-slayer.com/2013-article-list.shtml",
          "link_type": "results"
        },
        {
          "domain": "archive.feedblitz.com",
          "link": "http://archive.feedblitz.com/829784/~4637101",
          "link_type": "results"
        },
        {
          "domain": "techrights.org",
          "link": "http://techrights.org/2013/08/14/",
          "link_type": "results"
        },
        {
          "domain": "examinerpost.com",
          "link": "http://examinerpost.com/no-win-no-fee/",
          "link_type": "results"
        },
        {
          "domain": "thenewsunion.com",
          "link": "http://thenewsunion.com/2015/12/06/access-virus-ti-snow.html",
          "link_type": "results"
        },
        {
          "domain": "www.cyclopaedia.info",
          "link": "http://www.cyclopaedia.info/wiki/Lawful-Interception",
          "link_type": "results"
        },
        {
          "domain": "devel.answeromat.com",
          "link": "http://devel.answeromat.com/q/what-is-lawful-interception",
          "link_type": "results"
        },
        {
          "domain": "www.googleadservices.com",
          "link": "http://www.googleadservices.com/pagead/aclk?sa=L&ai=CGKxBV3OjVv3sGIL7pAOd65PQAqjtlskF0JL3iKUBwa7uvQEIABABYOWr-YSoFpABAqABxvOn8wPIAQGpAiQt6ydVCmA-qgQqT9BgFQMV-RLWdW8TkwMYmoWpi8GsSt49gEUmbiBwgkjW7u6daX96OcgLiAYBgAeijNgMkAcDqAemvhvYBwE&ohost=www.google.com.mx&cid=CAASJORoCxNPtO99E0w0VfyntFIAb4SpzuY2GQ012AOuqccHEloZNQ&sig=AOD64_0Ciq5HcdSk2KzB8gcqonzUORS87g&clui=0&q=&ved=0ahUKEwigyt71-L_KAhUmtYMKHf0FAcQ4ChDRDAgY&adurl=http://www.edecision4u.com",
          "link_type": "ads_main"
        }
      ]
    }
  ]
}