{
  "Origins": "In January 2014, a number of disreputable web sites and social media posts began spreading claims that \"information taken directly from the Cornell University Legal Information Institute\" proved that U.S. residents were not required to observe the Affordable Care Act's (ACA) individual mandate that they obtain qualifying health insurance coverage in 2014 or pay a penalty, and that anyone who chose to do so was free to opt out of that requirement.",
  "Fact Check": "",
  "Description": "The information provided actually had nothing to do with Cornell University or that school's Legal Information Institute the claims simply cited a portion of the U.S. code (a compilation of the general and permanent federal laws of the United States) that can be found on Cornell University's web site because the Cornell Law School's web site is one of several that provide complete online listings of the U.S. Code for reference purposes. The referenced information appears in Title 42, Chapter 157, Subchapter VI, 18115 of the U.S. Code and reads as follows: 42 U.S. CODE 18115 - FREEDOM NOT TO PARTICIPATE IN FEDERAL HEALTH INSURANCE PROGRAMS No individual, company, business, nonprofit entity, or health insurance issuer offering group or individual health insurance coverage shall be required to participate in any Federal health insurance program created under this Act (or any amendments made by this Act), or in any Federal health insurance program expanded by this Act (or any such amendments), and there shall be no penalty or fine imposed upon any such issuer for choosing not to participate in such programs. The claim that this section of the law allows individuals to \"opt out\" of the Obamacare health insurance mandate is erroneous, however; a typical case of people viewing information out of context, misunderstanding it, and mistakenly construing to mean what they want it to say. As this section of the law clearly states, it applies to issuers of group or individual health insurance coverage, not purchasers of health insurance coverage. What this law says is that no one who provides health insurance may be forced to participate in any federal health insurance program (e.g., they don't have to offer or sell coverage through government-created health insurance exchange marketplaces) or be penalized for declining to do so. The individual health insurance mandate is one of keystones of the Affordable Care Act's implementation. If it were truly optional rather than a requirement, then that fact would long since have been thoroughly publicized to the point of being common knowledge. It wouldn't be an obscure nugget of information hidden in the depths of the U.S. Code, revealed only through unreliable conspiracy web sites and social media posts.",
  "Originally Published": "",
  "Referred Links": "http://www.law.cornell.edu/uscode/text/42/18115;http://www.law.cornell.edu/uscode/text;http://beforeitsnews.com/healthcare/2014/01/wow-obamacare-bombshell-no-one-is-required-to-participate-in-obamacare-no-fines-or-imprisonment-for-opting-out-2453512.html;",
  "Example": "[Collected via Facebook, January 2014] Saw a posting on Facebook regarding a Cornell University study that says there is a way to opt out of The Affordable Health Care Act without fines or penalties. Any truth in this?",
  "Last Updated": "17 January 2014",
  "Credibility": "false",
  "URL": "www.snopes.com/politics/medical/optout.asp",
  "Claim": "U.S. law allows all Americans to opt out of the Affordable Care Act's individual health insurance mandate.",
  "Claim_ID": "politics_medical_optout",
  "Tags": "",
  "Google Results": [
    {
      "results": [
        {
          "domain": "en.wikipedia.org",
          "link": "https://en.wikipedia.org/wiki/Patient_Protection_and_Affordable_Care_Act",
          "link_type": "results"
        },
        {
          "domain": "obamacarefacts.com",
          "link": "http://obamacarefacts.com/obamacare-facts/",
          "link_type": "results"
        },
        {
          "domain": "obamacarefacts.com",
          "link": "http://obamacarefacts.com/obamacare-myths/",
          "link_type": "results"
        },
        {
          "domain": "obamacarefacts.com",
          "link": "http://obamacarefacts.com/affordable-care-act-facts/",
          "link_type": "results"
        },
        {
          "domain": "www.snopes.com",
          "link": "http://www.snopes.com/politics/medical/optout.asp",
          "link_type": "results"
        },
        {
          "domain": "www.healthcare.gov",
          "link": "https://www.healthcare.gov/fees/fee-for-not-being-covered",
          "link_type": "results"
        },
        {
          "domain": "www.guttmacher.org",
          "link": "http://www.guttmacher.org/pubs/gpr/15/3/gpr150302.html",
          "link_type": "results"
        },
        {
          "domain": "kff.org",
          "link": "http://kff.org/health-reform/fact-sheet/summary-of-the-affordable-care-act/",
          "link_type": "results"
        },
        {
          "domain": "www.who.int",
          "link": "http://www.who.int/bulletin/volumes/92/12/14-141762/en/",
          "link_type": "results"
        },
        {
          "domain": "www.huffingtonpost.com",
          "link": "http://www.huffingtonpost.com/2014/03/25/obamacare-individual-mandate_n_5007960.html",
          "link_type": "results"
        },
        {
          "domain": "",
          "link": "/aclk?sa=L&ai=CFbKXqzmjVuvFOIfOpgPVuqPoCIuQu_EHg5u6pWKalJncMQgDEAFg5QPIAQGqBCZP0POnV3rYXhK_GxjQBsrQuWoJPvaQ-20xuygd5Eg02AWjuRVbSoAHu8vwK5AHA6gHpr4b2AcB&sig=AOD64_233OistMHI6ecBfV0ktkpfuyc0Kg&clui=0&q=&ved=0ahUKEwiihPz1wb_KAhWBuoMKHVVmCogQ0QwIWg&adurl=http://clickserve.dartsearch.net/link/click%3Flid%3D43700001251677110%26ds_s_kwgid%3D58700000141840198%26ds_e_adid%3D26362499723%26ds_e_matchtype%3Dsearch%26ds_e_device%3Dc%26ds_e_network%3Dg%26ds_url_v%3D2%26utm_source%3Dgoogle%26utm_medium%3Dthe_health_care_bill%26utm_content%3DHealth_Care_Reformutm_campaign%3Dhcr_2015",
          "link_type": "ads_main"
        }
      ]
    },
    {
      "results": [
        {
          "domain": "isreview.org",
          "link": "http://isreview.org/issue/94/affordable-care-act",
          "link_type": "results"
        },
        {
          "domain": "www.ncsl.org",
          "link": "http://www.ncsl.org/research/health/state-laws-and-actions-challenging-ppaca.aspx",
          "link_type": "results"
        },
        {
          "domain": "www.cnn.com",
          "link": "http://www.cnn.com/2012/06/28/politics/supreme-court-health-ruling/",
          "link_type": "results"
        },
        {
          "domain": "www.nytimes.com",
          "link": "http://www.nytimes.com/news/affordable-care-act/",
          "link_type": "results"
        },
        {
          "domain": "www.forbes.com",
          "link": "http://www.forbes.com/sites/ronaldwilliams1/2015/01/28/the-affordable-care-act-where-we-go-from-here/",
          "link_type": "results"
        },
        {
          "domain": "parkinsonsaction.org",
          "link": "http://parkinsonsaction.org/our-work/affordable-care-act/affordable-care-act-faqs/",
          "link_type": "results"
        },
        {
          "domain": "www.lao.ca.gov",
          "link": "http://www.lao.ca.gov/reports/2010/hlth/fed_healthcare/fed_healthcare_051310.aspx",
          "link_type": "results"
        },
        {
          "domain": "www.googleadservices.com",
          "link": "http://www.googleadservices.com/pagead/aclk?sa=L&ai=Cum_yrjmjVvm8MZWFpgOxv524AqqCsOgDqrHK9TSWyIBDCAMQAWDlA5ABAqABpr-g4gPIAQGqBChP0NyhSAcNKcFGpYiEFFHo1MU1AvverYXicay5_Bw4Pn7tzOuAgSeIiAYBgAfCwN8dkAcDqAemvhvYBwE&ohost=www.google.com.mx&cid=CAASIuRoKnCm6A_6heM7hQ_YDzdp_d5zNWD8DFBuXH89yrpH0ec&sig=AOD64_02UVXUsfVpwLsManWi-y1BdQaCNA&clui=0&q=&ved=0ahUKEwjgrqv3wb_KAhVLuoMKHQZ8Cxs4ChDRDAhZ&adurl=http://www.all.org/search/index/%3Fq%3Dobamacare%26submitimg.x%3D0%26submitimg.y%3D0",
          "link_type": "ads_main"
        }
      ]
    },
    {
      "results": [
        {
          "domain": "www.ncbi.nlm.nih.gov",
          "link": "http://www.ncbi.nlm.nih.gov/pmc/articles/PMC4074744/",
          "link_type": "results"
        },
        {
          "domain": "www.va.gov",
          "link": "http://www.va.gov/health/aca/faq.asp",
          "link_type": "results"
        },
        {
          "domain": "acfpl.libguides.com",
          "link": "http://acfpl.libguides.com/affordablecareact",
          "link_type": "results"
        },
        {
          "domain": "www.ehealthinsurance.com",
          "link": "https://www.ehealthinsurance.com/resource-center/affordable-care-act-faq",
          "link_type": "results"
        },
        {
          "domain": "www.moneycrashers.com",
          "link": "http://www.moneycrashers.com/health-insurance-marketplace-mandates-affordable-care-act-obamacare/",
          "link_type": "results"
        },
        {
          "domain": "www.focusonthefamily.com",
          "link": "https://www.focusonthefamily.com/socialissues/life-issues/dignity-of-human-life/abortion-and-obamacare",
          "link_type": "results"
        },
        {
          "domain": "www.medicare.gov",
          "link": "https://www.medicare.gov/about-us/affordable-care-act/medicare-and-the-marketplace.html",
          "link_type": "results"
        }
      ]
    }
  ]
}