{
  "Origins": "On 1 July 2014, the Daily Currant published an article positing that the manager of one of the Hobby Lobby chain's retail craft stores had executed a gay employee by stoning:",
  "Fact Check": "",
  "Description": "By the end of the day links and excerpts referencing this article were being circulated via social media, with many of those who encountered it mistaking it for a genuine news item. However, the article was just a bit of political humor from the Daily Currant which spoofed the Supreme Court ruling supporting Hobby Lobby's challenge to the federal mandate requiring them to provide health insurance with contraceptive coverage female employees, on the grounds that doing so violated the company's closely held Christian beliefs. As noted in the Daily Currant 's \" About \" page, that web site deals strictly in satire: The Daily Currant is an English language online satirical newspaper that covers global politics, business, technology, entertainment, science, health and media. Q. Are your news stories real? A. No. Our stories are purely fictional. However they are meant to address real-world issues through satire and often refer and link to real events happening in the world. Other humor sites also posted items along a similar theme. The Moonmont Chronicle published a story about clothing retailer JCPenney sacrificing employees to a Lovecraftian deity: Supreme Court Rules JCPenney Allowed to Sacrifice Employees to Appease Cthulhu Citing the newly-established precedent of corporate-religious exemption, the U.S. Supreme Court ruled Tuesday in favor of JCPenney, upholding the company's right to sacrifice pure-hearted employees in order to assuage the Dread Lord Cthulhu, Bringer of Madness. And The Atlanta Banana published a item about pizza chain Little Caesar's: Supreme Court Upholds Little Caesar s Right to Feed Christian Employees to Lions The Supreme Court ruled on Monday that Roman-owned pizza chain Little Caesar s was within its rights to place Christian employees in an arena and then unleash starved, vicious lions and lionesses upon them. The court cited religious freedom as its guiding principle. The 5-to-4 ruling opened the door to potentially thousands of Christian Little Caesar employees nationwide being immediately fed to the top predators of the African savannah. Little Caesar s argued that the persecution of Christians and the feeding of them to ravenous big cats was a \"deeply held\" religious belief, that the continued survival of the roughly 6,000 Christian employees, as well as the fact that they remained on company payroll, imposed a substantial financial burden on their religious liberty.",
  "Originally Published": "",
  "Referred Links": "http://www.atlbanana.com/supreme-court-upholds-little-caesars-right-to-feed-christian-employees-to-lions/;http://www.moonmontchronicle.com/supreme-court-rules-jcpenney-allowed-to-sacrifice-employees-to-appease-cthulhu.html;http://dailycurrant.com/about/;http://dailycurrant.com/2014/07/01/hobby-lobby-stones-gay-employee-to-death/;",
  "Example": "[Collected via e-mail, July 2014] there is an article going around Facebook that states a Hobby Lobby manager stoned a gay employee to death on the grounds that he is within his religious rights to do so. For real!?",
  "Last Updated": "5 July 2014",
  "Credibility": "false",
  "URL": "www.snopes.com/Politics/satire/religiousfreedom.asp",
  "Claim": "A Hobby Lobby store manager executed a gay employee by stoning.",
  "Claim_ID": "Politics_satire_religiousfreedom",
  "Tags": "",
  "Google Results": [
    {
      "results": [
        {
          "domain": "dailycurrant.com",
          "link": "http://dailycurrant.com/2014/07/01/hobby-lobby-stones-gay-employee-to-death/",
          "link_type": "results"
        },
        {
          "domain": "www.snopes.com",
          "link": "http://www.snopes.com/politics/satire/religiousfreedom.asp",
          "link_type": "results"
        },
        {
          "domain": "www.facebook.com",
          "link": "https://www.facebook.com/dailycurrant/posts/690016801072722",
          "link_type": "results"
        },
        {
          "domain": "www.youtube.com",
          "link": "https://www.youtube.com/watch?v=GV_oA0UcRus",
          "link_type": "results"
        },
        {
          "domain": "lockerdome.com",
          "link": "https://lockerdome.com/wafflesatnoon/6770499405621780",
          "link_type": "results"
        },
        {
          "domain": "www.sodahead.com",
          "link": "http://www.sodahead.com/united-states/hobby-lobby-stones-gay-employee-to-death/question-4391795/",
          "link_type": "results"
        },
        {
          "domain": "shaw.ns0.it",
          "link": "http://shaw.ns0.it/KFj",
          "link_type": "results"
        },
        {
          "domain": "passionwind.com",
          "link": "http://passionwind.com/commentary/?p=1908",
          "link_type": "results"
        },
        {
          "domain": "www.politifact.com",
          "link": "http://www.politifact.com/curation/national/archive/?page=83",
          "link_type": "results"
        },
        {
          "domain": "mdparker46.com",
          "link": "http://mdparker46.com/2014/07/14/right-to-feed-christian-employees-to-lions/",
          "link_type": "results"
        }
      ]
    },
    {
      "results": [
        {
          "domain": "www.youngcons.com",
          "link": "http://www.youngcons.com/something-very-interesting-happened-when-i-googled-hobby-lobby-employees-complain/",
          "link_type": "results"
        },
        {
          "domain": "rhrealitycheck.org",
          "link": "http://rhrealitycheck.org/article/2014/07/29/hobby-lobby-allegedly-fired-employee-due-pregnancy/",
          "link_type": "results"
        },
        {
          "domain": "www.arktimes.com",
          "link": "http://www.arktimes.com/ArkansasBlog/archives/2014/06/11/the-death-by-stoning-open-line",
          "link_type": "results"
        },
        {
          "domain": "www.calnewsroom.com",
          "link": "http://www.calnewsroom.com/2015/03/03/california-ballot-initiative-proposes-bullets-to-the-head-for-gays-lesbians/",
          "link_type": "results"
        },
        {
          "domain": "bleedingheartlibertarians.com",
          "link": "http://bleedingheartlibertarians.com/2014/06/hobby-lobby-and-soylent-green/",
          "link_type": "results"
        },
        {
          "domain": "www.sjpba.net",
          "link": "http://www.sjpba.net/Farsider/072414.htm",
          "link_type": "results"
        },
        {
          "domain": "www.thedailybeast.com",
          "link": "http://www.thedailybeast.com/articles/2015/04/01/arkansas-governor-s-surprise-announcement-is-still-not-enough-to-protect-lgbts-from-discrimination.html",
          "link_type": "results"
        },
        {
          "domain": "www.thedailybeast.com",
          "link": "http://www.thedailybeast.com/articles/2014/03/25/what-s-religious-about-corporate-america-cheating-workers.html",
          "link_type": "results"
        },
        {
          "domain": "www.twocare.org",
          "link": "http://www.twocare.org/the-national-christian-foundation-anti-lgbt-funding-encyclopedia/",
          "link_type": "results"
        },
        {
          "domain": "www.libertarianhawk.com",
          "link": "http://www.libertarianhawk.com/category/columns/gay-rights-columns/",
          "link_type": "results"
        }
      ]
    },
    {
      "results": [
        {
          "domain": "bigthink.com",
          "link": "http://bigthink.com/praxis/how-much-religious-liberty-is-too-much-2",
          "link_type": "results"
        },
        {
          "domain": "thefederalist.com",
          "link": "http://thefederalist.com/2015/04/20/rules-for-traditionals-how-people-in-wedding-trades-can-defend-themselves/",
          "link_type": "results"
        },
        {
          "domain": "www.politicalresearch.org",
          "link": "http://www.politicalresearch.org/2015/05/",
          "link_type": "results"
        },
        {
          "domain": "scathingatheist.com",
          "link": "http://scathingatheist.com/show-notes/show-notes-episodes-51/",
          "link_type": "results"
        },
        {
          "domain": "www.huffingtonpost.com",
          "link": "http://www.huffingtonpost.com/2015/03/31/business-boycotts-indiana_n_6980388.html",
          "link_type": "results"
        },
        {
          "domain": "www.economist.com",
          "link": "http://www.economist.com/blogs/economist-explains/2014/03/economist-explains-19",
          "link_type": "results"
        },
        {
          "domain": "juniorstopdiscriminationtodaymayema.wordpress.com",
          "link": "https://juniorstopdiscriminationtodaymayema.wordpress.com/tag/international-crimina-court/",
          "link_type": "results"
        },
        {
          "domain": "wonkette.com",
          "link": "http://wonkette.com/589922/jesus-american-county-clerks-paralyzed-by-gay-cooties",
          "link_type": "results"
        },
        {
          "domain": "highdesertblogging.com",
          "link": "http://highdesertblogging.com/category/writing-2/",
          "link_type": "results"
        },
        {
          "domain": "www.orangepower.com",
          "link": "http://www.orangepower.com/threads/townie-just-thinks-we-do-stupid-stuff-in-ok-this-is-stupid-cali-style.201315/",
          "link_type": "results"
        }
      ]
    }
  ]
}