{
  "Origins": "On 12 November 2012, just after President Barack Obama won re-election for a second term as President, the Daily Currant published an article positing that the chief executive had held a press conference to announce his issuance of a executive order to replace the U.S. flag with one of a new design (as shown above)",
  "Fact Check": "",
  "Description": "By the end of the day (and again in January 2014) links and excerpts referencing this article were being circulated via social media, with many of those who encountered it mistaking it for a genuine news item. However, the article was just a bit of political humor from the Daily Currant , whose \" About \" page notes that the web site deals strictly in satire: The Daily Currant is an English language online satirical newspaper that covers global politics, business, technology, entertainment, science, health and media. Q. Are your news stories real? A. No. Our stories are purely fictional. However they are meant to address real-world issues through satire and often refer and link to real events happening in the world.",
  "Originally Published": "",
  "Referred Links": "http://dailycurrant.com/about/;http://dailycurrant.com/2012/11/12/obama-unveils-american-flag/;",
  "Example": "[Collected via e-mail, January 2014] Is there any truth to the executive order issued by the President about a new red, green and yellow American Flag?",
  "Last Updated": "3 January 2014",
  "Credibility": "false",
  "URL": "www.snopes.com/politics/satire/newflag.asp",
  "Claim": "President Obama issued an executive order to replace the U.S. flag with one of a more \"progressive and diverse\" design.",
  "Claim_ID": "politics_satire_newflag",
  "Tags": "",
  "Google Results": [
    {
      "results": [
        {
          "domain": "www.snopes.com",
          "link": "http://www.snopes.com/politics/satire/newflag.asp",
          "link_type": "results"
        },
        {
          "domain": "www.snopes.com",
          "link": "http://www.snopes.com/politics/satire/satire.asp",
          "link_type": "results"
        },
        {
          "domain": "dailycurrant.com",
          "link": "http://dailycurrant.com/2012/11/12/obama-unveils-american-flag/",
          "link_type": "results"
        },
        {
          "domain": "urbanlegends.about.com",
          "link": "http://urbanlegends.about.com/od/Fake-News/ss/Obama-Unveils-New-American-Flag.htm",
          "link_type": "results"
        },
        {
          "domain": "uzulona.xpg.uol.com.br",
          "link": "http://uzulona.xpg.uol.com.br/essay-about-military-service-obama-quotes.html",
          "link_type": "results"
        },
        {
          "domain": "thedailycurrant.tumblr.com",
          "link": "http://thedailycurrant.tumblr.com/post/35565528357/obama-unveils-new-american-flag",
          "link_type": "results"
        },
        {
          "domain": "www.facebook.com",
          "link": "https://www.facebook.com/PrepareToTakeAmericaBack/posts/876455542409476",
          "link_type": "results"
        },
        {
          "domain": "m.delphiforums.com",
          "link": "http://m.delphiforums.com/newtish/messages/46433/230",
          "link_type": "results"
        },
        {
          "domain": "www.tumblr.com",
          "link": "https://www.tumblr.com/tagged/thedailycurrant",
          "link_type": "results"
        },
        {
          "domain": "4politicaltruth.com",
          "link": "http://4politicaltruth.com/topic/detail/obama",
          "link_type": "results"
        },
        {
          "domain": "www.googleadservices.com",
          "link": "http://www.googleadservices.com/pagead/aclk?sa=L&ai=C7IHqEtqiVqaIIoiWpgPC4q-YBMjFquoIoPewoCrIisQ7CAMQAWDlA6ABgIikzAPIAQGqBChP0GwVkJV88_LUz_eUI6DFuy1FT5U2NqnfOfSiX6n-RMsFlUS6wom0iAYBgAfo99szkAcDqAemvhvYBwE&ohost=www.google.com.mx&cid=CAASJORoDIoQKIa61LQRZfGCUXArVQzoTC5INnt1RPGmdyiG7qZwkQ&sig=AOD64_1LA43ix78f9hDY9lLJgZVUvV222Q&clui=0&q=&ved=0ahUKEwivkpTg5r7KAhVInIMKHTjmADUQ0QwIUQ&adurl=http://www.honorandremember.org",
          "link_type": "ads_main"
        }
      ]
    },
    {
      "results": [
        {
          "domain": "thedailycurrant.tumblr.com",
          "link": "http://thedailycurrant.tumblr.com/",
          "link_type": "results"
        },
        {
          "domain": "www.sjpba.net",
          "link": "http://www.sjpba.net/Farsider/010914.htm",
          "link_type": "results"
        },
        {
          "domain": "www.aim.org",
          "link": "http://www.aim.org/special-report/reason-to-hate-barack-obamas-racist-roots/",
          "link_type": "results"
        },
        {
          "domain": "schones-haus.blogspot.com",
          "link": "http://schones-haus.blogspot.com/2013/07/design-usa-flag.html",
          "link_type": "results"
        },
        {
          "domain": "blog.collinsflags.com",
          "link": "http://blog.collinsflags.com/2015/04",
          "link_type": "results"
        },
        {
          "domain": "reappropriate.co",
          "link": "http://reappropriate.co/2015/01/the-fbi-state-dept-are-black-listing-its-asian-american-and-muslim-employees/",
          "link_type": "results"
        },
        {
          "domain": "www.vidinfo.org",
          "link": "http://www.vidinfo.org/video/72558195/new-american-flag-obama",
          "link_type": "results"
        },
        {
          "domain": "www.oregonlive.com",
          "link": "http://www.oregonlive.com/playbooks-profits/index.ssf/2015/07/post_60.html",
          "link_type": "results"
        },
        {
          "domain": "voiceobserver.com",
          "link": "http://voiceobserver.com/2016/01/18/9-foods-that-will-dehydrate-you.html",
          "link_type": "results"
        },
        {
          "domain": "www.dailydot.com",
          "link": "http://www.dailydot.com/geek/andrew-garfield-plugs-bisexual-peter-parker/",
          "link_type": "results"
        },
        {
          "domain": "",
          "link": "/aclk?sa=L&ai=CGnZTFNqiVpGqO4ykpgPGra-wD-PysYsH06-6rJUC47rZrOQDCAMQAWDlA5ABAsgBAaoEJU_Qs5yVX6cTFZ335E8PIuqxk-1IlOa_QeJ1Jcg1FdL7tDhgGNiAB8PT-T-QBwOoB6a-G9gHAQ&sig=AOD64_3qR_MR5DT5YuKnZ4gCK_y2qB-fZw&clui=0&q=&ved=0ahUKEwi8taXh5r7KAhVGsIMKHZlhClg4ChDRDAhX&adurl=http://us.when.com/vertical%3Fq%3Dobama%2520executive%2520flag%2520order%26type%3Dcontent%26s_pt%3Daolsem%26s_it%3Dcontent%26s_chn%3D12",
          "link_type": "ads_main"
        }
      ]
    },
    {
      "results": [
        {
          "domain": "www.jamaicans.com",
          "link": "http://www.jamaicans.com/forums/archive/index.php/t-87555.html",
          "link_type": "results"
        },
        {
          "domain": "siwithsmenscomp.net78.net",
          "link": "http://siwithsmenscomp.net78.net/obama+new+us+flag/",
          "link_type": "results"
        }
      ]
    }
  ]
}