{
  "Origins": "Most of the \"satire mistaken for real news\" items we encounter have rather brief shelf lives: a satirical article is published on an originating web site, links to it are quickly picked up and circulated via social media and e-mail (typically accompanied by outraged comments about the scenario it describes), most everyone involved in the chain of circulation finds out within a day or two that the article was just a spoof, and discussion of the subject sharply drops off. A few examples of this genre prove to be \"evergreens,\" however their satire is so well done and hits so close to home that year after year new sets of viewers keep encountering them out of context and mistaking them for shockingly true news reports.",
  "Fact Check": "",
  "Description": "One such evergreen is the video clip displayed above, an apparent C-SPAN segment which has been online since 2007 and features someone identified as Rep. John Haller of Pennsylvania's 12th District putting H.R 8791 (the Homeland Terrorism Preparedness Bill) up for vote in Congress. Rep. Haller's reading of H.R 8791 doesn't state exactly how much money the bill seeks to appropriate or for what purposes, as much of that information is deemed to be \"classified\" all that comes through is that the government wants emergency response funding to cover the possible occurrence of a very scary-sounding event which could end with some U.S. citizens being relocated to \"protected birthing centers\" and the drafting of a \"new Bill of Rights\": Congress shall now vote for approval of HR 8791, the Homeland Terrorism Preparedness Bill, as said bill requests emergency response funding up to and including ... I'm sorry, this section is classified ... dollars to prepare for a national level terrorist attack and/or attack from CLASSIFIED. Funding for first responder personnel and vehicles would be doubled if said attack leads to more than 80% of national population being affected by CLASSIFIED. This funding shall commence with the first attack on CLASSIFIED or the first large-scale outbreak of CLASSIFIED, dependent upon which comes first. Civilian and military units shall be trained in containment and combat of CLASSIFIED including irradiated CLASSIFIED with possibility of CLASSIFIED airborne CLASSIFIED flesh-eating CLASSIFIED, and/or all of the above in such event as CLASSIFIED spewing CLASSIFIED escape, are released, or otherwise become uncontrollable. Air Force units may also be directed to combat said CLASSIFIED due to their enormous size and other-worldly strengths. Should event occur in urban areas ... Jesus, that's ... that's CLASSIFIED ... far surpassing our darkest nightmares. Should casualties exceed CLASSIFIED body disposal actions shall be halted and associated resources shall be reallocated to CLASSIFIED underground CLASSIFIED protected birthing centers. A new Bill of Rights shall be drafted and approved by CLASSIFIED. Having now reviewed the bill, I ask you to please cast your votes. Of course, there was no Rep. John Haller of Pennsylvania in the U.S. Congress back in 2007 (that state's 12th Congressional District was represented by John Murtha from 1974 until his death in 2010), nor was any legislation identified as H.R. 8791 or the \"Homeland Terrorism Preparedness Bill\" introduced to that body. The video clip was a spoof from the satirical publication The Onion (whose logo can be seen in the bottom right-hand corner, replacing the 'C' of C-SPAN ), riffing on a number of topical subjects such as concerns over the secrecy surrounding terrorism-related legislation (such as the Patriot Act) enacted after the 9/11 attacks, criticisms of Congress for passing bills that members supposedly had not fully read or understood, and a current pop culture fascination with apocalyptic zombie scenarios.",
  "Originally Published": "",
  "Referred Links": "http://www.theonion.com/video/proposed-classified-bill-will-defend-against-flesh,14175/;",
  "Example": "[Collected via the Internet, July 2011] Apparently Rep. John Haller is reviewing a bill being voted on. H.R 8791 (Homeland Terrorism Preparedness Bill) Pay close attention to what is said between 55 and 114 seconds of video. Very strange classified spewing, classified flesh eating, Air Force to be used to combat classified because of their enormous size and other worldly strength. Someone please show some proof that this has been doctored, if not it changes a lot of my thoughts on survival plans.",
  "Last Updated": "3 July 2014",
  "Credibility": "false",
  "URL": "www.snopes.com/Politics/satire/hr8791.asp",
  "Claim": "Video clip shows a U.S. Representative putting the \"Homeland Terrorism Preparedness Bill\" up for vote in Congress.",
  "Claim_ID": "Politics_satire_hr8791",
  "Tags": "",
  "Google Results": [
    {
      "results": [
        {
          "domain": "www.snopes.com",
          "link": "http://www.snopes.com/politics/satire/hr8791.asp",
          "link_type": "results"
        },
        {
          "domain": "www.facebook.com",
          "link": "https://www.facebook.com/snopes/posts/467578573386667",
          "link_type": "results"
        },
        {
          "domain": "www.facebook.com",
          "link": "https://www.facebook.com/snopes/posts/310791722398687",
          "link_type": "results"
        },
        {
          "domain": "www.askiven.com",
          "link": "https://www.askiven.com/hr8791-bill-hoax.html",
          "link_type": "results"
        },
        {
          "domain": "www.youtube.com",
          "link": "https://www.youtube.com/watch?v=NHB14tk8A1k",
          "link_type": "results"
        },
        {
          "domain": "groups.google.com",
          "link": "https://groups.google.com/d/msg/christiansunchained/HPKwRteOlXk/P_fzyRAss-UJ",
          "link_type": "results"
        },
        {
          "domain": "camelopardid2.rssing.com",
          "link": "http://camelopardid2.rssing.com/chan-1192507/all_p49.html",
          "link_type": "results"
        },
        {
          "domain": "www.vidinfo.org",
          "link": "http://www.vidinfo.org/video/12147139/homeland-terrorism-preparedness-bill-hr8791",
          "link_type": "results"
        },
        {
          "domain": "m.delphiforums.com",
          "link": "http://m.delphiforums.com/newtish/messages/46433/210",
          "link_type": "results"
        },
        {
          "domain": "newsalloy.com",
          "link": "http://newsalloy.com/snopes/snopes.com",
          "link_type": "results"
        }
      ]
    },
    {
      "results": [
        {
          "domain": "www.googleadservices.com",
          "link": "http://www.googleadservices.com/pagead/aclk?sa=L&ai=Ctvo_Jn-mVoXNMYT_pAPK6oeQBP-E_ecHz5as2Rf986sRCAMQAWDlg4CAqBaQAQKgAZmvk_wDyAEBqgQrT9BkDsorxU3Ft29cO1Gv8MgoHm-_d35ixKmg4Wq-7GktB1_jHQZaVvk6bIgGAYAHz9DsA5AHA6gHpr4b2AcB&ohost=www.google.com.mx&cid=CAASIuRohzx7LnObio4IxslhoogrRqXKRAF7k0QrS8SLXrjZRFo&sig=AOD64_0BbtHVPitWfCTE71Zk6M3e-kjzyQ&clui=0&q=&ved=0ahUKEwiQ4LTN4MXKAhUjyYMKHXe9DQw4ChDRDAhK&adurl=http://www.cfr.org/terrorist-organizations/militant-extremists-united-states/p9236%3Fcid%3Dppc-GoogleGrant-Militant_Extremism_Backgrounder-020811",
          "link_type": "ads_main"
        },
        {
          "domain": "www.sjpba.net",
          "link": "http://www.sjpba.net/Farsider/090513.htm",
          "link_type": "results"
        },
        {
          "domain": "www.findeen.es",
          "link": "http://www.findeen.es/hr8791.html",
          "link_type": "results"
        },
        {
          "domain": "www.godlikeproductions.com",
          "link": "http://www.godlikeproductions.com/forum1/message850181/pg2",
          "link_type": "results"
        },
        {
          "domain": "www.hoaxbusters.org",
          "link": "http://www.hoaxbusters.org/",
          "link_type": "results"
        },
        {
          "domain": "heavenawaits.wordpress.com",
          "link": "https://heavenawaits.wordpress.com/144000-and-the-2-servants/",
          "link_type": "results"
        },
        {
          "domain": "www.dzopa.com",
          "link": "http://www.dzopa.com/?s&paged=388",
          "link_type": "results"
        },
        {
          "domain": "positivethoughtshypnosis.com",
          "link": "http://positivethoughtshypnosis.com/%E2%98%85david-wilcocks-bombshell-2015/",
          "link_type": "results"
        },
        {
          "domain": "de.findeen.com",
          "link": "http://de.findeen.com/hr8791_video.html",
          "link_type": "results"
        },
        {
          "domain": "www.vimeoinfo.com",
          "link": "http://www.vimeoinfo.com/video/55061219/final2minutevimeo",
          "link_type": "results"
        }
      ]
    },
    {
      "results": [
        {
          "domain": "m.facebook.com",
          "link": "https://m.facebook.com/govgaryjohnson/posts/853366631357741?comment_tracking=%7B%22tn%22%3A%22O%22%7D",
          "link_type": "results"
        },
        {
          "domain": "crosswords911.com",
          "link": "http://crosswords911.com/reallocated.html",
          "link_type": "results"
        },
        {
          "domain": "www.asktourcommunity.com",
          "link": "http://www.asktourcommunity.com/archive/628/is-there-a-rep-john-haller.html",
          "link_type": "results"
        }
      ]
    }
  ]
}