{
  "Origins": "On 8 April 2013, the Daily Currant published an article stating that Paul Ryan, the Wisconsin congressman who serves as House Budget Committee Chairman, had refused to leave a tip for an elderly black waiter after dining at a Washington-area restaurant:",
  "Fact Check": "",
  "Description": "By the end of the day links and excerpts referencing this article were being circulated via social media, with many of those who encountered it mistaking it for a genuine news article. However, the article was just a bit of political humor which satirized Ryan's political stances on economic issues (such as his proposed \" austerity budget \"). As noted in the Daily Currant 's \" About \" page, that web site deals strictly in satire: The Daily Currant is an English language online satirical newspaper that covers global politics, business, technology, entertainment, science, health and media. Q. Are your news stories real? A. No. Our stories are purely fictional. However they are meant to address real-world issues through satire and often refer and link to real events happening in the world.",
  "Originally Published": "",
  "Referred Links": "http://dailycurrant.com/about/;http://theweek.com/article/index/225809/paul-ryans-austerity-budget-what-would-it-cut;http://dailycurrant.com/2013/04/08/paul-ryan-refuses-tip-elderly-black-waiter;",
  "Example": "[Collected via e-mail, April 2013] This is being circulated on Face Book and I am curious to know if it's true. Rep. Paul Ryan refused to tip an elderly waiter today at a Washington-area soul food restaurant. According to witnesses at Auntie Ruth's Bistro in Northeast D.C., Ryan stiffed his server on the grounds of \"personal austerity\" and proceeded to tell the 72-year-old man to \"get a real job.\"",
  "Last Updated": "8 April 2013",
  "Credibility": "false",
  "URL": "www.snopes.com/Politics/satire/ryanwaiter.asp",
  "Claim": "Rep. Paul Ryan refused to tip an elderly waiter at a Washington-area restaurant.",
  "Claim_ID": "Politics_satire_ryanwaiter",
  "Tags": "",
  "Google Results": [
    {
      "results": [
        {
          "domain": "dailycurrant.com",
          "link": "http://dailycurrant.com/2013/04/08/paul-ryan-refuses-tip-elderly-black-waiter/",
          "link_type": "results"
        },
        {
          "domain": "www.snopes.com",
          "link": "http://www.snopes.com/politics/satire/ryanwaiter.asp",
          "link_type": "results"
        },
        {
          "domain": "www.facebook.com",
          "link": "https://www.facebook.com/dailycurrant/posts/159733237524313",
          "link_type": "results"
        },
        {
          "domain": "en-gb.facebook.com",
          "link": "https://en-gb.facebook.com/permalink.php?story_fbid=424291877662316&id=478986762118129",
          "link_type": "results"
        },
        {
          "domain": "www.facebook.com",
          "link": "https://www.facebook.com/thatsnonsense/posts/608204982541693",
          "link_type": "results"
        },
        {
          "domain": "www.democraticunderground.com",
          "link": "http://www.democraticunderground.com/10022639542",
          "link_type": "results"
        },
        {
          "domain": "www.waiterrant.net",
          "link": "http://www.waiterrant.net/2009/11/who-are-the-worst-tippers/",
          "link_type": "results"
        },
        {
          "domain": "tongue-shaped.rssing.com",
          "link": "http://tongue-shaped.rssing.com/chan-1762436/all_p33.html",
          "link_type": "results"
        },
        {
          "domain": "en.wikipedia.org",
          "link": "https://en.wikipedia.org/wiki/Paul_Ryan",
          "link_type": "results"
        },
        {
          "domain": "www.theonion.com",
          "link": "http://www.theonion.com/article/bush-reaches-out-to-hispanic-community-with-genero-434",
          "link_type": "results"
        }
      ]
    },
    {
      "results": [
        {
          "domain": "www.sjpba.net",
          "link": "http://www.sjpba.net/Farsider/041813.htm",
          "link_type": "results"
        },
        {
          "domain": "paulryan.house.gov",
          "link": "http://paulryan.house.gov/news/documentsingle.aspx?DocumentID=398430",
          "link_type": "results"
        },
        {
          "domain": "www.dailykos.com",
          "link": "http://www.dailykos.com/story/2013/1/31/1183720/-Applebee-s-Fires-Waitress-for-Posting-No-Tip-Receipt-That-Said-I-Give-God-10-You-Get-Nothing",
          "link_type": "results"
        },
        {
          "domain": "www.jsonline.com",
          "link": "http://www.jsonline.com/news/statepolitics/43705712.html",
          "link_type": "results"
        },
        {
          "domain": "www.ifyouonlynews.com",
          "link": "http://www.ifyouonlynews.com/politics/sorry-righties-seattle-restaurant-closures-are-not-due-to-15-minimum-wage/",
          "link_type": "results"
        },
        {
          "domain": "www.dailymail.co.uk",
          "link": "http://www.dailymail.co.uk/news/article-2196674/Paul-Ryans-421-000-mansion-built-Parker-pen-tycoon.html",
          "link_type": "results"
        },
        {
          "domain": "americablog.com",
          "link": "http://americablog.com/2013/01/applebees-fires-waitress-who-outed-stingy-customer-on-reddit.html",
          "link_type": "results"
        },
        {
          "domain": "www.gpo.gov",
          "link": "https://www.gpo.gov/fdsys/pkg/CHRG-108hhrg99685/html/CHRG-108hhrg99685.htm",
          "link_type": "results"
        },
        {
          "domain": "nextcity.org",
          "link": "https://nextcity.org/daily/entry/paul-ryan-wanted-to-campaign-in-inner-cities-but-the-romney-campaign-wouldn",
          "link_type": "results"
        },
        {
          "domain": "q13fox.com",
          "link": "http://q13fox.com/2015/02/10/restaurant-tells-customers-to-make-out-with-willing-stranger-to-get-free-food/",
          "link_type": "results"
        }
      ]
    },
    {
      "results": [
        {
          "domain": "www.huffingtonpost.com",
          "link": "http://www.huffingtonpost.com/2014/08/11/kendall-jenner-throws-money_n_5668795.html",
          "link_type": "results"
        },
        {
          "domain": "www.ooyuz.com",
          "link": "http://www.ooyuz.com/geturl?aid=9592767",
          "link_type": "results"
        },
        {
          "domain": "shiftwa.org",
          "link": "https://shiftwa.org/sea-tac-workers-not-happy-with-15-min-wage/",
          "link_type": "results"
        },
        {
          "domain": "www.nraef.org",
          "link": "http://www.nraef.org/Build-Talent/Industry-Awards/Restaurant-Neighbor/Recipients-(1)",
          "link_type": "results"
        },
        {
          "domain": "www.utica.edu",
          "link": "http://www.utica.edu/academic/institutes/cimip/mediacenter/itnews.cfm",
          "link_type": "results"
        },
        {
          "domain": "dailyoftheday.com",
          "link": "http://dailyoftheday.com/no-this-is-not-an-okay-tip-to-leave/",
          "link_type": "results"
        },
        {
          "domain": "theoldreader.com",
          "link": "https://theoldreader.com/profile/5aef1b50ed35de8b6cb4891f",
          "link_type": "results"
        },
        {
          "domain": "www.eeoc.gov",
          "link": "http://www.eeoc.gov/eeoc/initiatives/e-race/caselist.cfm?renderforprint=1",
          "link_type": "results"
        },
        {
          "domain": "www.thedailybeast.com",
          "link": "http://www.thedailybeast.com/articles/2015/06/17/ireland-is-frozen-in-shock-by-balcony-deaths.html",
          "link_type": "results"
        },
        {
          "domain": "www.metafilter.com",
          "link": "http://www.metafilter.com/118815/Paul-Ryan-as-Romneys-runningmate",
          "link_type": "results"
        }
      ]
    }
  ]
}