{
  "Origins": "Even those who don't particularly follow the animal rights movement are generally aware of some of the publicity stunts that organizations such as People for the Ethical Treatment of Animals (PETA) have engaged in to call attention to their cause, such as attempting to elicit sympathy for fish by rebranding them as \"sea kittens,\" protesting a dog show while dressed in Ku Klux Klan outfits, producing a racy \"Vegetarians Have Better Sex\" commercial for the 2009 Super Bowl, and engaging in street tableaux garbed in bloody furs .",
  "Fact Check": "",
  "Description": "Against this background, it's probably not surprising that some readers would take at face value the article referenced above, which describes a group of animal rights activists who decided to stage a protest against the use of leather at a motorcycle gang rally, and for their efforts ended up being duct-taped inside restaurant Dumpsters or force-fed hamburgers by annoyed bikers: The organizer said a group of concerned animal rights activist groups, \"growing tired of throwing fake blood and shouting profanities at older women wearing leather or fur coats,\" decided to protest the annual motorcycle club event \"in a hope to show them our outrage at their wanton use of leather in their clothing and motor bike seats.\" \"In fact,\" said the organizer, \"motorcycle gangs are one of the biggest abusers of wearing leather, and we decided it was high time that we let them know that we disagree with them using it ... ergo, they should stop.\" According to witnesses, protesters arrived at the event in a vintage 1960's era Volkswagen van and began to pelt the gang members with balloons filled with red colored water, simulating blood, and shouting \"you're murderers\" to passers by. Many readers who encountered this tale out of its original context via e-mail forwards and web site repostings did take it at face value, but it was nothing but a bit of satire which was published on The Spoof! web site on 3 January 2010 and (in slightly different form) on the Glossy News web site four days later. (The former site included a disclaimer noting that \"The story above is a satire or parody. It is entirely fictitious,\" while the latter site describes itself as \"an accredited online satirical publication.\") The spoof spread so widely that the local newspaper in the town where the fictitious story was set, the Johnstown [Pennsylvania] Tribune-Democrat, received numerous inquiries asking why they hadn't covered the incident: Our newsroom has received dozens of inquiries about the story. \"Aren't you going to look into this?\" one caller asked. Another accused us of hiding the truth to protect the rally. Lisa Rager, executive director of the Greater Johnstown/Cambria County Convention and Visitors Bureau, which plans and organizes the [annual \"Thunder in the Valley\" motorcycle] rally, said this was not the first tall Thunder tale she'd heard. \"Believe me, we've heard many different rumors,\" she said. \"But I have to say, this is probably the most interesting one.\" Rager hopes not many people took the story seriously.",
  "Originally Published": "",
  "Referred Links": "http://www.pennsylvania-mountains-of-attractions.com/johnstown.html;https://web.archive.org/web/20100127171033/http://www.tribune-democrat.com/editorials/local_story_022103710.html;http://glossynews.com/about/;http://glossynews.com/society/201001070305/activists-missing-after-declaring-war-on-leather-at-motorcycle-rally/;http://www.thespoof.com/spoof-news/us/66233/three-reported-missing-after-animal-rights-activists-take-war-on-leather-to-motorcycle-gang-rally;https://web.archive.org/web/20090717105848/http://www.lasvegasnow.com/Global/story.asp?S=10720155;http://www.huffingtonpost.com/2009/01/27/petas-veggie-sex-super-bo_n_161180.html;http://latimesblogs.latimes.com/unleashed/2009/02/peta-protests-w.html;http://www.peta.org/Sea_Kittens/index.asp;http://glossynews.com/society/201001070305/activists-missing-after-declaring-war-on-leather-at-motorcycle-rally/;",
  "Example": "[GlossyNews, 2010] I would like to know if the following story is true. I'm very skeptical. Someone posted it on a biker blog I read. Activists Missing After Declaring \"War on Leather\" at Motorcycle Rally Local and state police scoured the hills outside rural Johnstown, Pennsylvania, after reports of three animal rights activists going missing after attempting to protest the wearing of leather at a large motorcycle gang rally this weekend. Two others, previously reported missing, were discovered by fast food workers \"duct taped inside several fast food restaurant dumpsters,\" according to police officials. [Rest of article here.]",
  "Last Updated": "9 August 2015",
  "Credibility": "false",
  "URL": "www.snopes.com/politics/satire/leatherprotest.asp",
  "Claim": "Three animal rights activists went missing after protesting the use of leather at a motorcycle gang rally.",
  "Claim_ID": "politics_satire_leatherprotest",
  "Tags": "",
  "Google Results": [
    {
      "results": [
        {
          "domain": "glossynews.com",
          "link": "http://glossynews.com/society/201001070305/activists-missing-after-declaring-war-on-leather-at-motorcycle-rally/",
          "link_type": "results"
        },
        {
          "domain": "www.snopes.com",
          "link": "http://www.snopes.com/politics/satire/leatherprotest.asp",
          "link_type": "results"
        },
        {
          "domain": "www.truthorfiction.com",
          "link": "https://www.truthorfiction.com/peta-biker-protester/",
          "link_type": "results"
        },
        {
          "domain": "www.ign.com",
          "link": "http://www.ign.com/boards/threads/peta-protests-biker-gathering%E2%80%A6-goes-horribly-wrong-very-funny.452800724/",
          "link_type": "results"
        },
        {
          "domain": "www.freerepublic.com",
          "link": "http://www.freerepublic.com/focus/chat/2967061/posts",
          "link_type": "results"
        },
        {
          "domain": "forum.bodybuilding.com",
          "link": "http://forum.bodybuilding.com/showthread.php?t=156910883",
          "link_type": "results"
        },
        {
          "domain": "jacksonville.com",
          "link": "http://jacksonville.com/reason/fact-check/2013-12-31/story/fact-check-animal-activists-vs-bikers",
          "link_type": "results"
        },
        {
          "domain": "forums.darklordpotter.net",
          "link": "https://forums.darklordpotter.net/showthread.php?t=15253",
          "link_type": "results"
        },
        {
          "domain": "www.frisco-online.com",
          "link": "http://www.frisco-online.com/forums/archive/index.php/t-814458.html",
          "link_type": "results"
        },
        {
          "domain": "womenonwheels.livejournal.com",
          "link": "http://womenonwheels.livejournal.com/",
          "link_type": "results"
        },
        {
          "domain": "",
          "link": "/aclk?sa=l&ai=Cbsp8z4ajVrKIIJOPpgON77aQDeXd6Z8G7Z-pq7ICxarXLQgDEAFg5YOAgKgWoAGDgt3PA8gBAaoEKE_QDYDZLJba6sD59b1knlj00aO1Zn8kdz0PNh5o6YreRUEMc2PyTiuAB-X9ojCQBwOoB6a-G9gHAQ&sig=AOD64_2-tIvq0VwtyUW_brZkSXwTQugz6A&clui=0&q=&ved=0ahUKEwjX-q2-i8DKAhVEx4MKHROOCgQQ0QwIXQ&adurl=http://www.animalcharityevaluators.org/resources/volunteering-advice/",
          "link_type": "ads_main"
        }
      ]
    },
    {
      "results": [
        {
          "domain": "www.alldeaf.com",
          "link": "http://www.alldeaf.com/archive/index.php/t-77731.html",
          "link_type": "results"
        },
        {
          "domain": "www.fark.com",
          "link": "http://www.fark.com/comments/4917631/Activists-Missing-After-Declaring-War-on-Leather-at-Motorcycle-Rally",
          "link_type": "results"
        },
        {
          "domain": "mybroadband.co.za",
          "link": "http://mybroadband.co.za/vb/showthread.php/211720-Activists-Missing-After-Declaring-%E2%80%9CWar-on-Leather%E2%80%9D-at-Motorcycle-Rally",
          "link_type": "results"
        },
        {
          "domain": "www.hardcoresledder.com",
          "link": "http://www.hardcoresledder.com/forums/401-general-discussion-forum/460898-three-reported-missing-after-animal-rights-activists-take.html",
          "link_type": "results"
        },
        {
          "domain": "neogaf.com",
          "link": "http://neogaf.com/forum/showthread.php?t=502847",
          "link_type": "results"
        },
        {
          "domain": "www.southshoreharbourmarina.com",
          "link": "http://www.southshoreharbourmarina.com/download-file.php?file=13",
          "link_type": "results"
        },
        {
          "domain": "www.vtxcafe.com",
          "link": "http://www.vtxcafe.com/archive/index.php/t-39118.html",
          "link_type": "results"
        },
        {
          "domain": "beforeitsnews.com",
          "link": "http://beforeitsnews.com/opinion-conservative/2012/12/peta-crashes-biker-gathering-not-to-be-missed-2534390.html",
          "link_type": "results"
        },
        {
          "domain": "forums.somd.com",
          "link": "http://forums.somd.com/threads/198160-3-Missing-after-PETA-Attacks-Motorcycle-Gang-Rally",
          "link_type": "results"
        },
        {
          "domain": "www.disclose.tv",
          "link": "http://www.disclose.tv/forum/peta-crashes-biker-gathering-not-to-be-missed-t81660.html",
          "link_type": "results"
        }
      ]
    },
    {
      "results": [
        {
          "domain": "cyrilhuzeblog.com",
          "link": "http://cyrilhuzeblog.com/2010/01/21/activists-missing-after-declaring-%E2%80%9Cwar-on-leather%E2%80%9D-at-motorcycle-rally/",
          "link_type": "results"
        },
        {
          "domain": "www.ar15.com",
          "link": "https://www.ar15.com/archive/topic.html?b=1&f=5&t=1129774",
          "link_type": "results"
        },
        {
          "domain": "www.predatormastersforums.com",
          "link": "http://www.predatormastersforums.com/forums/ubbthreads.php?ubb=showflat&Number=2705544",
          "link_type": "results"
        },
        {
          "domain": "www.traditioninaction.org",
          "link": "http://www.traditioninaction.org/Questions/B547_Horses.html",
          "link_type": "results"
        },
        {
          "domain": "boxcarokie.com",
          "link": "http://boxcarokie.com/2012/07/05/heat-wave/",
          "link_type": "results"
        },
        {
          "domain": "www.godlikeproductions.com",
          "link": "http://www.godlikeproductions.com/forum1/message971126/pg1",
          "link_type": "results"
        },
        {
          "domain": "www.motorcyclenews.com",
          "link": "http://www.motorcyclenews.com/news/2010/january/jan1110-best-fake-motorcycle-news-story-ever-/",
          "link_type": "results"
        },
        {
          "domain": "terrencecrimmins.com",
          "link": "http://terrencecrimmins.com/hostages/animal-rights-activists-protest-at-a-biker-rally-goes-awry/",
          "link_type": "results"
        },
        {
          "domain": "www.jennytalia.com",
          "link": "http://www.jennytalia.com/category/links/",
          "link_type": "results"
        },
        {
          "domain": "www.starquestclub.com",
          "link": "http://www.starquestclub.com/forum/index.php?showtopic=101145",
          "link_type": "results"
        }
      ]
    }
  ]
}