{
  "Origins": "We've received many forwarded copies of the above-linked article, accompanied by inquiries from readers wanting to know whether it's \"real\" or \"true.\"",
  "Fact Check": "",
  "Description": "The article is \"real\" in the sense that it is indeed an editorial by Theo Caldwell which was published in the 26 December 2007 edition of Canada's National Post newspaper (and reproduced in that publication's online version), offering the writer's assessment of the candidates vying for the nominations of the two major parties in the upcoming U.S. presidential election. Aside from the issue of its origins, the article is not classifiable as \"true\" nor \"false\" it is an editorial which reflects its author's opinions.",
  "Originally Published": "",
  "Referred Links": "http://network.nationalpost.com/np/blogs/fullcomment/archive/2007/12/26/theo-caldwell-democrat-or-republican-the-question-is-shockingly-easy.aspx;http://www.nationalpost.com/inform_links.html?Subject=Theo+Caldwell;http://network.nationalpost.com/np/blogs/fullcomment/archive/2007/12/26/theo-caldwell-democrat-or-republican-the-question-is-shockingly-easy.aspx;",
  "Example": "[Caldwell, December 2007] I recieved this as an email. Is this real? A Canadian's view of US Elections Theo Caldwell, National Post (Canada) Wednesday, December 26, 2007 An obvious choice can be unnerving. When the apparent perfection of one option or the unspeakable awfulness of another makes a decision seem too easy, it is human nature to become suspicious. This instinct intensifies as the stakes of the given choice are raised. American voters know no greater responsibility to their country and to the world than to select their president wisely. While we do not yet know who the Democrat and Republican nominees will be, any combination of the leading candidates from either party will make for the most obvious choice put to American voters in a generation. To wit, none of the Democrats has any business being president. This pronouncement has less to do with any apparent perfection among the Republican candidates than with the intellectual and experiential paucity evinced by the Democratic field. \"Not ready for prime time,\" goes the vernacular, but this does not suffice to describe how bad things are. Alongside Hillary Clinton, add Barack Obama's kindergarten essays to an already confused conversation about Dennis Kucinich's UFO sightings, dueling celebrity endorsements and who can be quickest to retreat from America's global conflict and raise taxes on the American people, and it becomes clear that these are profoundly unserious individuals. [Rest of article here.]",
  "Last Updated": "14 January 2008",
  "Credibility": "true",
  "URL": "www.snopes.com/politics/soapbox/canadianview.asp",
  "Claim": "E-mail reproduces an editorial from a Canadian newspaper about U.S. presidential candidates.",
  "Claim_ID": "politics_soapbox_canadianview",
  "Tags": "",
  "Google Results": [
    {
      "results": [
        {
          "domain": "www.googleadservices.com",
          "link": "http://www.googleadservices.com/pagead/aclk?sa=L&ai=CwNcRDhGkVsLMF5SBpAPSrJTgCM_7_OcH797DkqICrJmwLAgAEAFg5QOgAZmvk_wDyAEBqgQoT9A1tgc1m7-7I4Ic-B0NUpxceTwtDDhIj_9CaZca_X_Kt_QCK-BUtIgGAYAHz9DsA5AHA6gHpr4b2AcB&ohost=www.google.com.mx&cid=CAASJORonr0SSx38r4orz99IrKT5L9IEPIHLMw7GVSpKvMUOIKEfVw&sig=AOD64_3zN6jAacASLLQbCQRioaSwDh3ukA&clui=0&q=&ved=0ahUKEwieooSqj8HKAhWkw4MKHWWRBcIQ0QwIGA&adurl=http://www.cfr.org/campaign2016/%23/%3Fcid%3Dppc-Google-grant-C2016_Gen-011916",
          "link_type": "ads_main"
        },
        {
          "domain": "www.snopes.com",
          "link": "http://www.snopes.com/politics/soapbox/canadianview.asp",
          "link_type": "results"
        },
        {
          "domain": "www.snopes.com",
          "link": "http://www.snopes.com/Politics/soapbox/soapbox.asp",
          "link_type": "results"
        },
        {
          "domain": "www.snopes.com",
          "link": "http://www.snopes.com/search/?q=hillary%20clinton%20career%20criminal&sort=date&order=desc&page=4",
          "link_type": "results"
        },
        {
          "domain": "news.investors.com",
          "link": "http://news.investors.com/ibdeditorials.aspx",
          "link_type": "results"
        },
        {
          "domain": "www.cbc.ca",
          "link": "http://www.cbc.ca/news/politics/canada-election-2015-globe-harper-endorsement-reaction-1.3275224",
          "link_type": "results"
        },
        {
          "domain": "www.nj.com",
          "link": "http://www.nj.com/opinion/index.ssf/2015/08/the_hillary_clinton_email_scandal_is_overblown_edi.html",
          "link_type": "results"
        },
        {
          "domain": "en.wikipedia.org",
          "link": "https://en.wikipedia.org/wiki/Fox_News_Channel_controversies",
          "link_type": "results"
        },
        {
          "domain": "www.newyorker.com",
          "link": "http://www.newyorker.com/humor/borowitz-report",
          "link_type": "results"
        },
        {
          "domain": "www.economist.com",
          "link": "http://www.economist.com/news/leaders/21640331-importance-intellectual-capital-grows-privilege-has-become-increasingly",
          "link_type": "results"
        }
      ]
    },
    {
      "results": [
        {
          "domain": "www.googleadservices.com",
          "link": "http://www.googleadservices.com/pagead/aclk?sa=L&ai=CU97LEBGkVrzbMJODpgP-wJ_oCc_7_OcH797DkqICrJmwLAgAEAFg5QOQAQKgAZmvk_wDyAEBqgQoT9DUEoh9wDCcBsOuYn-m1aZRWGSic9wgLwaVCDTpVUUuUxZVuXwwwogGAYAHz9DsA5AHA6gHpr4b2AcB&ohost=www.google.com.mx&cid=CAASJORo2MSeZ66fBasE7__l_FaLdMTxw43JsUruUf7HEhagJ7MRMQ&sig=AOD64_3DwPs-bIxyIYXjQgneIk7eBZNrPw&clui=0&q=&ved=0ahUKEwi-5Zarj8HKAhVEl4MKHUfzBsA4ChDRDAgY&adurl=http://www.cfr.org/campaign2016/%23/%3Fcid%3Dppc-Google-grant-C2016_Gen-011916",
          "link_type": "ads_main"
        },
        {
          "domain": "",
          "link": "/aclk?sa=L&ai=CdAQVEBGkVrzbMJODpgP-wJ_oCeTjzZUE3K-V8F_J0NIFCAMQASgDYOUDkAECyAEBqgQlT9CEXMt9wzCcBsPmYtKsej14iZ30QDRiT8jXuLX0paa63yuAO4AHjIX5KJAHA6gHpr4b2AcB&sig=AOD64_1X9IazAIxzkGkfCKRccQWgW6CWVw&clui=1&q=&ved=0ahUKEwi-5Zarj8HKAhVEl4MKHUfzBsA4ChDRDAhb&adurl=http://www.rapidfinder.ca/web%3Fts%3Dgo%26q%3Demail%2Bservice",
          "link_type": "ads_main"
        },
        {
          "domain": "www.googleadservices.com",
          "link": "http://www.googleadservices.com/pagead/aclk?sa=L&ai=CbTICEBGkVrzbMJODpgP-wJ_oCdmgwsEImf7psJYC-4PLBwgDEAIoA2DlA5ABAqABw9nH_gPIAQGqBChP0ORKpH3CMJ0Gw65if6bV8A4JUaJz3CAvBpUINOlVRTTD9LMUZg6-iAYBgAelprgBkAcDqAemvhvYBwE&ohost=www.google.com.mx&cid=CAASJORo2MSeZ66fBasE7__l_FaLdMTxw43JsUruUf7HEhagJ7MRMQ&sig=AOD64_2dMEKnc-rny8k3B6ITzxs5t9Ymrg&clui=2&q=&ved=0ahUKEwi-5Zarj8HKAhVEl4MKHUfzBsA4ChDRDAhg&adurl=http://www.motherjones.com/politics",
          "link_type": "ads_main"
        },
        {
          "domain": "",
          "link": "/aclk?sa=L&ai=C_bSVEBGkVrzbMJODpgP-wJ_oCZrUx7gCmui9hxnwn5kFCAMQAygDYOUDkAECyAEBqgQpT9DEbfl9xTCdBsOuYn-m1ftKfWmic9wgLwaVCDTpVUU0w_SzFDFeHzGAB9LRgCGQBwOoB6a-G9gHAQ&sig=AOD64_1n4i4I6ejea_sbCodAdKF6bsk_0A&clui=3&q=&ved=0ahUKEwi-5Zarj8HKAhVEl4MKHUfzBsA4ChDRDAhl&adurl=http://www.YouthJournalism.org",
          "link_type": "ads_main"
        },
        {
          "domain": "www.steynonline.com",
          "link": "http://www.steynonline.com/",
          "link_type": "results"
        },
        {
          "domain": "aceproject.org",
          "link": "http://aceproject.org/ace-en/topics/me/onePage",
          "link_type": "results"
        },
        {
          "domain": "www.newwestrecord.ca",
          "link": "http://www.newwestrecord.ca/news/new-westminster-man-petitions-to-ban-donald-trump-from-canada-1.2135429",
          "link_type": "results"
        },
        {
          "domain": "theturtleislandnews.com",
          "link": "http://theturtleislandnews.com/index.php/2015/11/11/canada-wins-with-jody-wilson-raybould-the-afn-lost/",
          "link_type": "results"
        },
        {
          "domain": "www.cleveland.com",
          "link": "http://www.cleveland.com/opinion/",
          "link_type": "results"
        },
        {
          "domain": "www.ukrweekly.com",
          "link": "http://www.ukrweekly.com/",
          "link_type": "results"
        },
        {
          "domain": "www.zennie62blog.com",
          "link": "http://www.zennie62blog.com/2008/08/22/debunking-anti-obama-smears-and-propoganda/",
          "link_type": "results"
        },
        {
          "domain": "www.facebook.com",
          "link": "https://www.facebook.com/LondonCityPressClubSurvivors/posts/841704282622053",
          "link_type": "results"
        },
        {
          "domain": "dwmw.wordpress.com",
          "link": "https://dwmw.wordpress.com/",
          "link_type": "results"
        },
        {
          "domain": "cpj.org",
          "link": "https://cpj.org/2016/01/ugandan-editors-arrested-for-refusing-to-reveal-a-.php",
          "link_type": "results"
        }
      ]
    },
    {
      "results": [
        {
          "domain": "www.googleadservices.com",
          "link": "http://www.googleadservices.com/pagead/aclk?sa=L&ai=CHb3REhGkVqzCL5OFpgPyyLnQBM_7_OcH797DkqICrJmwLAgAEAFg5QOQAQOgAZmvk_wDyAEBqgQoT9D3fKDbtok-KQlY07PqxFyQNg8eMj8s81pTTQ816iwSFdFteHTyc4gGAYAHz9DsA5AHA6gHpr4b2AcB&ohost=www.google.com.mx&cid=CAASJORoBvRZXqG-xUzBvhSAu0sCpjgDCihdnSttCbx4fit25KPHoA&sig=AOD64_1bdKFT6KZC2E9FniSB-Dc_JQNUCA&clui=0&q=&ved=0ahUKEwiJkZCsj8HKAhUBroMKHaG3BNc4FBDRDAgY&adurl=http://www.cfr.org/campaign2016/%23/%3Fcid%3Dppc-Google-grant-C2016_Gen-011916",
          "link_type": "ads_main"
        },
        {
          "domain": "www.editors.ca",
          "link": "http://www.editors.ca/node/904",
          "link_type": "results"
        },
        {
          "domain": "legionmagazine.com",
          "link": "https://legionmagazine.com/en/contributions/submission-guidelines/",
          "link_type": "results"
        },
        {
          "domain": "www.jamaicaobserver.com",
          "link": "http://www.jamaicaobserver.com/news/33rd-anniversary-of-first-visit-by-a-sitting-US-president_18707580",
          "link_type": "results"
        },
        {
          "domain": "mackaycartoons.net",
          "link": "http://mackaycartoons.net/",
          "link_type": "results"
        },
        {
          "domain": "www.pipelinenews.ca",
          "link": "http://www.pipelinenews.ca/features/community/environmental-assessments-key-on-pipeline-project-says-ndp-candidate-1.2039985",
          "link_type": "results"
        },
        {
          "domain": "www.vancourier.com",
          "link": "http://www.vancourier.com/opinion/welcoming-response-to-syrian-refugees-defines-us-as-canadians-1.2119752",
          "link_type": "results"
        },
        {
          "domain": "www.abc.net.au",
          "link": "http://www.abc.net.au/news/2015-12-05/new-york-times-publishes-front-page-editorial-on-gun-violence/7004628",
          "link_type": "results"
        },
        {
          "domain": "www.theguardian.com",
          "link": "http://www.theguardian.com/world/2015/aug/10/argentina-primary-elections-daniel-scioli-wins",
          "link_type": "results"
        },
        {
          "domain": "www.cdnshootingsports.org",
          "link": "http://www.cdnshootingsports.org/e-news.html",
          "link_type": "results"
        }
      ]
    }
  ]
}