{
  "Origins": "On 7 April 2014, the News Nerd web site published an article positing that not only would Leonardo DiCaprio (an unlikely choice) be portraying civil rights leader Martin Luther King, Jr. in an upcoming biopic, but that the (white) actor would, to the ire and offense of many, be essaying that role in blackface:",
  "Fact Check": "",
  "Description": "Many readers soon mistook the News Nerd article for a reporting of real news. However, News Nerd 's stock in trade is publishing fabricated spoofs, such as reports that a new Ebola vaccine only works on white people and that Michael Vick was attacked by a pitbull. As the The News Nerd site's disclaimer states, all of their material is satirical in nature: The stories posted on TheNewsNerd are for entertainment purposes only. The stories may mimic articles found in the headlines, but rest assured they are purely satirical.",
  "Originally Published": "",
  "Referred Links": "http://www.thenewsnerd.com/entertainment/leonardo-dicaprio-cast-mlk-wear-blackface/;",
  "Example": "[Collected via Facebook, April 2014] Has Leonardo DiCaprio really been cast as Martin Luther King (with plans to wear blackface) in an upcoming Oliver Stone movie?",
  "Last Updated": "19 January 2015",
  "Credibility": "false",
  "URL": "www.snopes.com/politics/satire/mlk.asp",
  "Claim": "Actor Leonardo DiCaprio will portray Martin Luther King in an upcoming film.",
  "Claim_ID": "politics_satire_mlk",
  "Tags": "",
  "Google Results": [
    {
      "results": [
        {
          "domain": "www.thenewsnerd.com",
          "link": "http://www.thenewsnerd.com/entertainment/leonardo-dicaprio-cast-mlk-wear-blackface/",
          "link_type": "results"
        },
        {
          "domain": "www.snopes.com",
          "link": "http://www.snopes.com/politics/satire/mlk.asp",
          "link_type": "results"
        },
        {
          "domain": "www.huffingtonpost.com",
          "link": "http://www.huffingtonpost.com/2013/10/16/oliver-stone-mlk-biopic-jamie-foxx_n_4107161.html",
          "link_type": "results"
        },
        {
          "domain": "www.africanglobe.net",
          "link": "http://www.africanglobe.net/headlines/leonardo-dicaprio-cast-mlk-film-wear-blackface/",
          "link_type": "results"
        },
        {
          "domain": "blogs.wsj.com",
          "link": "http://blogs.wsj.com/speakeasy/2013/10/15/oliver-stone-wants-leo-dicaprio-to-play-christian-grey-confirms-mlk-film/",
          "link_type": "results"
        },
        {
          "domain": "blackbluedog.com",
          "link": "http://blackbluedog.com/2014/04/uncategorized/people-fall-for-internet-hoax-saying-dicaprio-will-play-mlk-in-blackface/",
          "link_type": "results"
        },
        {
          "domain": "www.dailymail.co.uk",
          "link": "http://www.dailymail.co.uk/news/article-2541826/Dream-Oliver-Stone-forced-Martin-Luther-King-biopic-amid-talk-humanized-story-infidelity-flaws-look-like-smear-campaign.html",
          "link_type": "results"
        },
        {
          "domain": "yournewswire.com",
          "link": "http://yournewswire.com/putin-pleased-that-leonardo-dicaprio-will-play-him-in-new-movie/",
          "link_type": "results"
        },
        {
          "domain": "en.wikipedia.org",
          "link": "https://en.wikipedia.org/wiki/J._Edgar",
          "link_type": "results"
        }
      ]
    },
    {
      "results": [
        {
          "domain": "www.biography.com",
          "link": "http://www.biography.com/people/leonardo-dicaprio-9273992",
          "link_type": "results"
        },
        {
          "domain": "www.gamefaqs.com",
          "link": "http://www.gamefaqs.com/boards/227-movies-at-the-theater/69034034",
          "link_type": "results"
        },
        {
          "domain": "forums.shoryuken.com",
          "link": "http://forums.shoryuken.com/discussion/189264/leonardo-dicaprio-cast-as-mlk-in-new-film-will-wear-blackface",
          "link_type": "results"
        },
        {
          "domain": "www.facebook.com",
          "link": "https://www.facebook.com/chelseafilmfestival/posts/498040403634789?stream_ref=10",
          "link_type": "results"
        },
        {
          "domain": "www.imdb.com",
          "link": "http://www.imdb.com/name/nm0000138/news",
          "link_type": "results"
        },
        {
          "domain": "books.google.com.mx",
          "link": "https://books.google.com.mx/books?id=cSRz5UQyQ9EC&pg=PT578&lpg=PT578&dq=Actor+Leonardo+DiCaprio+will+portray+Martin+Luther+King+in+an+upcoming+film.&source=bl&ots=J02JeeNI9M&sig=4nsd_qmibkUpnZTU75Tcu_fm9lQ&hl=en&sa=X&ved=0ahUKEwjs4ZGxvsTKAhXjtYMKHRYTBNM4ChDoAQg5MAU",
          "link_type": "results"
        },
        {
          "domain": "wegotthiscovered.com",
          "link": "http://wegotthiscovered.com/movies/david-oyelowo-steven-spielberg-play-martin-luther-king-jr/",
          "link_type": "results"
        },
        {
          "domain": "www.ooyuz.com",
          "link": "http://www.ooyuz.com/geturl?aid=9124382",
          "link_type": "results"
        },
        {
          "domain": "www.athensnews.com",
          "link": "http://www.athensnews.com/news/local/leonardo-dicaprio-to-play-billy-milligan-in-film/article_fc0e4b51-6abd-5481-8fc7-4d10684cfdca.html",
          "link_type": "results"
        },
        {
          "domain": "dishnation.com",
          "link": "http://dishnation.com/actors-who-portrayed-mlk-jr/",
          "link_type": "results"
        }
      ]
    },
    {
      "results": [
        {
          "domain": "www.psfilmfest.org",
          "link": "http://www.psfilmfest.org/festival/news/detail.aspx?NID=397&FID=73&year=2014",
          "link_type": "results"
        },
        {
          "domain": "ewn.co.za",
          "link": "http://ewn.co.za/2015/02/06/David-Oyelowo-destined-to-play-Martin-Luther-King",
          "link_type": "results"
        },
        {
          "domain": "www.express.co.uk",
          "link": "http://www.express.co.uk/entertainment/films/556470/Selma-review-and-trailer",
          "link_type": "results"
        },
        {
          "domain": "www.msn.com",
          "link": "http://www.msn.com/en-us/movies/gallery/zac-efron-under-fire-over-martin-luther-king-jr-tweet/vp-BBorMQN",
          "link_type": "results"
        },
        {
          "domain": "www.youtube.com",
          "link": "https://www.youtube.com/watch?v=k48DrbE2_2s",
          "link_type": "results"
        },
        {
          "domain": "www.omaha.com",
          "link": "http://www.omaha.com/go/movies/",
          "link_type": "results"
        },
        {
          "domain": "www.firstshowing.net",
          "link": "http://www.firstshowing.net/2010/leonardo-dicaprio-nabs-jfk-assassination-film-legacy-of-secrecy/",
          "link_type": "results"
        },
        {
          "domain": "www.vanityfair.com",
          "link": "http://www.vanityfair.com/hollywood/2014/11/david-oyelowo-selma-oscar",
          "link_type": "results"
        },
        {
          "domain": "variety.com",
          "link": "http://variety.com/2014/film/news/oliver-stone-falls-out-of-martin-luther-king-jr-movie-1201062624/",
          "link_type": "results"
        },
        {
          "domain": "www.hitfix.com",
          "link": "http://www.hitfix.com/articles/leonardo-dicaprio-says-his-j-edgar-hoover-won-t-shy-away-from-his-secret-lifeleonardo-dicaprio-says-he-won-t-be-wearing-a-dress-to-play-j-edgar-hoover",
          "link_type": "results"
        }
      ]
    }
  ]
}