{
  "Origins": "As of 22 August 2005, retail gasoline prices in the U.S. had hit a record average price of $2.61 per gallon. Everyone is disgruntled with the price of gasoline, especially because the many political and economic factors that bring them about are largely transparent to the end consumer. Feelings of frustration and helplessness and the desire to do something lead to petitions like the one reproduced above, which may provide some relief by momentarily allowing dissatisfied consumers to blow off steam but have no practical effect in bringing about solutions to the core issues.",
  "Fact Check": "",
  "Description": "The main problem with this petition is that it doesn't propose any solution or course of action whatsoever. It's purely an \"attention-getting\" device, and it's hard to imagine any issue that's already getting more attention than the price of gasoline. Everyone, from the President of the United States on down to the average citizen, knows that gasoline prices are high and that people are anxious about it; and the cost of gasoline is a featured story in just about every news outlet, in every medium, every day. If anything could serve to bring the price of gasoline down, more chatter isn't it. Moreover, there isn't a whole lot the President can actually do to lower gasoline prices, particularly since the major underlying factor is the soaring cost of crude oil the reality is that the oil and gasoline markets are global, and there's not much the President or Congress can do to significantly affect them, at least in the short term. And whatever immediate actions might be taken in this regard are already in motion: The Senate Energy and Natural Resources Committee will hold a hearing on September 8 to look into the reasons behind the increasing costs of gasoline (e.g., record-high crude prices, limited U.S. refining capacity, and increasing global demand for gasoline). Members of Congress have called upon President Bush to urge OPEC nations to increase oil production. Members of Congress have urged the Federal Trade Commission to investigate possible market manipulations and to protect Americans from price gouging by overseeing the oil and gasoline markets. Members of Congress have asked President Bush to lower prices by selling oil from the Strategic Petroleum Reserve. All in all, however, these are at best temporary or stopgap measures in a world where the demand for oil (and hence the price of oil) is continually increasing. Those who wish to see more consequential long-term solutions enacted would be better served by contacting their elected representatives and urging the pursuit of specific courses of action (such as development of alternative energy sources). Other articles about gasoline prices: Call to Boycott Particular Suppliers to Cut Off Funding of Terrorists Call to Spurn Gasoline from Particular Suppliers to Bring Price Down Call for 1 or 3-Day Boycott of Gasoline to Bring Prices Down",
  "Originally Published": "",
  "Referred Links": "http://www.cnn.com/2005/POLITICS/08/19/senate.gasprices.reut/index.html;http://www.snopes.com/mailto:President@WhiteHouse.gov;",
  "Example": "[Collected on the Internet, 2005] Gas Prices Gasoline and Diesel Prices PETITION FOR PRES. BUSH Presidential Petition. Please do NOT let this petition stop and lose all these names. If you do not want to sign it, please forward it to everyone you know. To add your name, click on \"forward\". You will be able to add your name at the bottom of the list and then forward it to your friends. Or, if necessary you can copy and paste and then add your name po the bottom of the list. THE 2,000th PERSON PLEASE SEND IT ON TO THE FOLLOWING E-MAIL ADDRESS: President@WhiteHouse.gov Thank you very much. PETITION TO LOWER GAS and Diesel PRICES IN THE UNITED STATES NOW:",
  "Last Updated": "23 August 2005",
  "Credibility": "false",
  "URL": "www.snopes.com/politics/gasoline/gasprices.asp",
  "Claim": "Signing a petition to President Bush will help lower gasoline prices.",
  "Claim_ID": "politics_gasoline_gasprices",
  "Tags": "",
  "Google Results": [
    {
      "results": [
        {
          "domain": "www.snopes.com",
          "link": "http://www.snopes.com/politics/gasoline/gasprices.asp",
          "link_type": "results"
        },
        {
          "domain": "www.snopes.com",
          "link": "http://www.snopes.com/politics/gasoline/gasoline.asp",
          "link_type": "results"
        },
        {
          "domain": "www.truthorfiction.com",
          "link": "https://www.truthorfiction.com/hurricane-gas-prices/",
          "link_type": "results"
        },
        {
          "domain": "www.democrats.com",
          "link": "http://www.democrats.com/gas",
          "link_type": "results"
        },
        {
          "domain": "www.michigan.gov",
          "link": "http://www.michigan.gov/formergovernors/0,4584,7-212-57648_21974-141527--,00.html",
          "link_type": "results"
        },
        {
          "domain": "www.studentnewsdaily.com",
          "link": "https://www.studentnewsdaily.com/daily-news-article/republicans-blame-democrats-for-a-nation-of-4-gasoline/",
          "link_type": "results"
        },
        {
          "domain": "books.google.com.mx",
          "link": "https://books.google.com.mx/books?id=vLiPUicb9gAC&pg=PA103&lpg=PA103&dq=Signing+a+petition+to+President+Bush+will+help+lower+gasoline+prices.&source=bl&ots=jgkVC-MCJ3&sig=zO4cVfEvCugV8E16pJEaw8f6dDA&hl=en&sa=X&ved=0ahUKEwj-7Pu6i8HKAhXFn4MKHV60Bo4Q6AEINzAG",
          "link_type": "results"
        },
        {
          "domain": "www.dailykos.com",
          "link": "http://www.dailykos.com/stories/151173/full_content",
          "link_type": "results"
        },
        {
          "domain": "www.giftbasketsfrommichigan.com",
          "link": "http://www.giftbasketsfrommichigan.com/blog/gas-price-glance/online-petition-for-lower-gas-prices/",
          "link_type": "results"
        },
        {
          "domain": "dailysignal.com",
          "link": "http://dailysignal.com/2011/02/23/10-things-you-need-to-know-about-high-gas-prices-and-obama%E2%80%99s-oil-policy/",
          "link_type": "results"
        }
      ]
    },
    {
      "results": [
        {
          "domain": "www.activism.com",
          "link": "http://www.activism.com/en_US/petition/a-petition-to-lower-gas-prices/74608",
          "link_type": "results"
        },
        {
          "domain": "www.aim.org",
          "link": "http://www.aim.org/on-target-blog/cnn-2008-high-gas-prices-bush-cnn-2011-high-gas-prices-no-easy-answers/",
          "link_type": "results"
        },
        {
          "domain": "www.wispolitics.com",
          "link": "http://www.wispolitics.com/1006/060501GasOshkosh.pdf",
          "link_type": "results"
        },
        {
          "domain": "www.gop.com",
          "link": "https://www.gop.com/topic/energy-and-environment-gas-prices/canonical/",
          "link_type": "results"
        },
        {
          "domain": "caymannewsservice.com",
          "link": "https://caymannewsservice.com/2015/10/gas-price-demo-organisers-urge-public-to-join-in/",
          "link_type": "results"
        },
        {
          "domain": "www.thepetitionsite.com",
          "link": "http://www.thepetitionsite.com/takeaction/214/751/592/",
          "link_type": "results"
        },
        {
          "domain": "books.google.com.mx",
          "link": "https://books.google.com.mx/books?id=88ZUBAAAQBAJ&pg=PR12&lpg=PR12&dq=Signing+a+petition+to+President+Bush+will+help+lower+gasoline+prices.&source=bl&ots=z5nFR3JiD7&sig=-Cu8PfbRznAOYoDkYqV3KPW-JHI&hl=en&sa=X&ved=0ahUKEwj3j5C8i8HKAhVquIMKHZz4BfY4ChDoAQg6MAY",
          "link_type": "results"
        },
        {
          "domain": "finance.yahoo.com",
          "link": "http://finance.yahoo.com/news/how-obama--and-bush--helped-puncture-oil-and-gas-prices-172500857.html",
          "link_type": "results"
        },
        {
          "domain": "www.sdgjo.com",
          "link": "http://www.sdgjo.com/how-many-want-lower-gas-prices/",
          "link_type": "results"
        },
        {
          "domain": "usa.oceana.org",
          "link": "http://usa.oceana.org/real-reason-high-gas-prices",
          "link_type": "results"
        }
      ]
    },
    {
      "results": [
        {
          "domain": "www.mybaycity.com",
          "link": "http://www.mybaycity.com/scripts/Article_View.cfm?ArticleID=1113&NewspaperID=0",
          "link_type": "results"
        },
        {
          "domain": "www.change.org",
          "link": "https://www.change.org/p/lower-oil-and-gas-prices",
          "link_type": "results"
        },
        {
          "domain": "news.google.com",
          "link": "http://news.google.com/newspapers?nid=1683&dat=20060509&id=_-MdAAAAIBAJ&sjid=H0UEAAAAIBAJ&pg=3546,5780258",
          "link_type": "results"
        },
        {
          "domain": "americantradition.org",
          "link": "http://americantradition.org/category/fuelingjobs-com/",
          "link_type": "results"
        },
        {
          "domain": "www.truth-out.org",
          "link": "http://www.truth-out.org/news/item/8512-phony-gop-meme-of-the-moment-gas-prices-have-doubled-under-obama",
          "link_type": "results"
        },
        {
          "domain": "www.sodahead.com",
          "link": "http://www.sodahead.com/united-states/are-you-tired-of-paying-too-much-for-gas-will-you-go-to-american-solution-to-sign-the-petition/question-99625/",
          "link_type": "results"
        },
        {
          "domain": "thinkprogress.org",
          "link": "http://thinkprogress.org/climate/2008/07/29/174099/newt-aswf-billionaires/",
          "link_type": "results"
        },
        {
          "domain": "humanevents.com",
          "link": "http://humanevents.com/2008/08/05/the-left-is-on-the-run/",
          "link_type": "results"
        },
        {
          "domain": "www.rasmussenreports.com",
          "link": "http://www.rasmussenreports.com/public_content/political_commentary/commentary_by_isaac_t_wood/what_fuels_presidential_approval",
          "link_type": "results"
        },
        {
          "domain": "politicalclimate.wordpress.com",
          "link": "https://politicalclimate.wordpress.com/",
          "link_type": "results"
        }
      ]
    }
  ]
}