{
  "Origins": "The list reproduced above purportedly details a wealth of food-related companies or brands supposedly owned by Monsanto, the multinational agricultural biotechnology corporation. In fact, Monsanto doesn't own the listed companies; this item appears to be an attempt to compile a list of companies selling food items that make use of products developed by Monsanto (such as artificial sweeteners or agricultural products derived from genetically engineered seed).",
  "Fact Check": "",
  "Description": "",
  "Originally Published": "",
  "Referred Links": "",
  "Example": "[Collected via e-mail, February 2012] A post on Facebook lists over 60 brands/companies owned by Monsanto.",
  "Last Updated": "29 February 2012",
  "Credibility": "false",
  "URL": "www.snopes.com/politics/business/monsanto.asp",
  "Claim": "List details food companies owned by Monsanto.",
  "Claim_ID": "politics_business_monsanto",
  "Tags": "",
  "Google Results": [
    {
      "results": [
        {
          "domain": "www.realfarmacy.com",
          "link": "http://www.realfarmacy.com/printable-list-of-monsanto-owned-food-producers/",
          "link_type": "results"
        },
        {
          "domain": "www.trueactivist.com",
          "link": "http://www.trueactivist.com/printable-list-of-monsanto-owned-food-producers/",
          "link_type": "results"
        },
        {
          "domain": "www.collective-evolution.com",
          "link": "http://www.collective-evolution.com/2014/10/09/boycott-monsanto-a-simple-list-of-companies-to-avoid/",
          "link_type": "results"
        },
        {
          "domain": "www.thehealthyhomeeconomist.com",
          "link": "http://www.thehealthyhomeeconomist.com/the-four-steps-required-to-keep-monsanto-out-of-your-garden/",
          "link_type": "results"
        },
        {
          "domain": "thegoldenlightchannel.com",
          "link": "http://thegoldenlightchannel.com/gmo-food-list-to-avoid-monsanto-companies-the-dangers-of-gmo-food/",
          "link_type": "results"
        },
        {
          "domain": "www.snopes.com",
          "link": "http://www.snopes.com/politics/business/monsanto.asp",
          "link_type": "results"
        },
        {
          "domain": "en.wikipedia.org",
          "link": "https://en.wikipedia.org/wiki/Monsanto",
          "link_type": "results"
        },
        {
          "domain": "wdplib.no-ip.net",
          "link": "http://wdplib.no-ip.net/B/a-list-of-some-seed-companies-owned-by-monsanto-or-sell",
          "link_type": "results"
        },
        {
          "domain": "indianinthemachine.wordpress.com",
          "link": "https://indianinthemachine.wordpress.com/2012/03/04/here-is-a-simplified-list-of-monsanto-owned-companies-to-avoid-only-1-page-to-print-and-carry-while-shopping/",
          "link_type": "results"
        },
        {
          "domain": "gmo-awareness.com",
          "link": "http://gmo-awareness.com/shopping-list/gmo-free-brands/",
          "link_type": "results"
        }
      ]
    },
    {
      "results": [
        {
          "domain": "forums2.gardenweb.com",
          "link": "http://forums2.gardenweb.com/discussions/1711409/list-of-seed-companies-owned-by-monsanto",
          "link_type": "results"
        },
        {
          "domain": "www.sourcewatch.org",
          "link": "http://www.sourcewatch.org/index.php/Monsanto",
          "link_type": "results"
        },
        {
          "domain": "www.pinterest.com",
          "link": "https://www.pinterest.com/pin/460422761877260327/",
          "link_type": "results"
        },
        {
          "domain": "beforeitsnews.com",
          "link": "http://beforeitsnews.com/health/2013/04/a-simple-list-of-companies-to-avoid-that-do-business-with-monsanto-2479728.html",
          "link_type": "results"
        },
        {
          "domain": "www.forbes.com",
          "link": "http://www.forbes.com/sites/clareoconnor/2013/05/14/new-app-lets-you-boycott-koch-brothers-monsanto-and-more-by-scanning-your-shopping-cart/",
          "link_type": "results"
        },
        {
          "domain": "www.garden-of-eatin.com",
          "link": "http://www.garden-of-eatin.com/how-to-avoid-monsanto/",
          "link_type": "results"
        },
        {
          "domain": "www.smallfootprintfamily.com",
          "link": "http://www.smallfootprintfamily.com/where-to-buy-non-gmo-seeds",
          "link_type": "results"
        },
        {
          "domain": "rense.com",
          "link": "http://rense.com/general33/fd.htm",
          "link_type": "results"
        },
        {
          "domain": "www.npr.org",
          "link": "http://www.npr.org/sections/thesalt/2012/10/18/163034053/top-five-myths-of-genetically-modified-seeds-busted",
          "link_type": "results"
        },
        {
          "domain": "sierrapermaculture.com",
          "link": "http://sierrapermaculture.com/?p=129",
          "link_type": "results"
        }
      ]
    },
    {
      "results": [
        {
          "domain": "www.gmwatch.org",
          "link": "http://www.gmwatch.org/",
          "link_type": "results"
        },
        {
          "domain": "www.cracked.com",
          "link": "http://www.cracked.com/article_18845_6-secret-monopolies-you-didnt-know-run-world.html",
          "link_type": "results"
        },
        {
          "domain": "www.march-against-monsanto.com",
          "link": "http://www.march-against-monsanto.com/",
          "link_type": "results"
        },
        {
          "domain": "consciouslifenews.com",
          "link": "http://consciouslifenews.com/68-monsanto-owned-companies-boycott/11101346/",
          "link_type": "results"
        },
        {
          "domain": "www.alternet.org",
          "link": "http://www.alternet.org/take-action/5-most-horrifying-things-you-should-know-about-monsanto",
          "link_type": "results"
        },
        {
          "domain": "www.globalresearch.ca",
          "link": "http://www.globalresearch.ca/the-seeds-of-suicide-how-monsanto-destroys-farming/5329947",
          "link_type": "results"
        },
        {
          "domain": "www.shiftfrequency.com",
          "link": "http://www.shiftfrequency.com/gmo-products-comprehensive-list/",
          "link_type": "results"
        },
        {
          "domain": "www.elephantjournal.com",
          "link": "http://www.elephantjournal.com/2012/08/boycott-these-organic-natural-traitors/",
          "link_type": "results"
        },
        {
          "domain": "www.mintpressnews.com",
          "link": "http://www.mintpressnews.com/monsanto-stunned-california-confirms-roundup-will-be-labeled-cancer-causing/209513/",
          "link_type": "results"
        },
        {
          "domain": "mlbplayers.org",
          "link": "http://mlbplayers.org/tag/a-list-of-some-seed-companies-owned",
          "link_type": "results"
        }
      ]
    }
  ]
}