{
  "Origins": "",
  "Fact Check": "",
  "Description": "",
  "Originally Published": "",
  "Referred Links": "http://www.telegraph.co.uk/technology/news/6408927/Internet-rules-and-laws-the-top-10-from-Godwin-to-Poe.html;",
  "Example": "",
  "Last Updated": "",
  "Credibility": "false",
  "URL": "www.snopes.com/politics/obama/obamareaction.asp",
  "Claim": "A video shows the Muslim world's reaction to President Obama's claim that climate change is threatening America.",
  "Claim_ID": "politics_obama_obamareaction",
  "Tags": "",
  "Google Results": [
    {
      "results": [
        {
          "domain": "www.snopes.com",
          "link": "http://www.snopes.com/politics/obama/muslimreaction.asp",
          "link_type": "results"
        },
        {
          "domain": "www.snopes.com",
          "link": "http://www.snopes.com/politics/obama/obama.asp",
          "link_type": "results"
        },
        {
          "domain": "www.youtube.com",
          "link": "https://www.youtube.com/watch?v=UXodRLLkth4",
          "link_type": "results"
        },
        {
          "domain": "fellowshipoftheminds.com",
          "link": "http://fellowshipoftheminds.com/2015/05/28/video-of-egyptians-mocking-obama-is-a-spoof/",
          "link_type": "results"
        },
        {
          "domain": "abcnews.go.com",
          "link": "http://abcnews.go.com/Politics/wireStory/twitter-totes-favorite-lines-state-unions-past-36249571",
          "link_type": "results"
        },
        {
          "domain": "www.whitehouse.gov",
          "link": "https://www.whitehouse.gov/the-press-office/2014/09/10/statement-president-isil-1",
          "link_type": "results"
        },
        {
          "domain": "www.whitehouse.gov",
          "link": "https://www.whitehouse.gov/the-press-office/2016/01/12/remarks-president-barack-obama-%E2%80%93-prepared-delivery-state-union-address",
          "link_type": "results"
        },
        {
          "domain": "warsclerotic.wordpress.com",
          "link": "https://warsclerotic.wordpress.com/2015/10/31/isis-threatens-obama-with-new-lesson-in-beheading-video/",
          "link_type": "results"
        },
        {
          "domain": "www.nbcnews.com",
          "link": "http://www.nbcnews.com/politics/barack-obama/president-obama-delivers-last-state-union-address-n494696",
          "link_type": "results"
        },
        {
          "domain": "www.telegraph.co.uk",
          "link": "http://www.telegraph.co.uk/news/worldnews/barackobama/12096513/state-of-the-union-2016-barack-obama.html",
          "link_type": "results"
        },
        {
          "domain": "",
          "link": "/aclk?sa=l&ai=CyTiseZ6nVvzEJ8yApgOI0JfIC6jJid0GuPqayNEC6oWTwlYIAxABYOWDgICoFqAB4POKzQPIAQGqBChP0AOy6PgKanZiT7iU0R_6Zm2qSYJHz1N2A8y9cW3-QmcVpMWVys-ugAeIjPUykAcDqAemvhvYBwE&sig=AOD64_2COsw4-cEfiPvzB95ykD6aT38Fow&clui=0&q=&ved=0ahUKEwi6uozP8sfKAhWjmoMKHSCbBgYQ0QwISQ&adurl=http://www.africaprogresspanel.org/the-effects-of-climate-change-are-being-felt-all-over-the-planet-but-not-equally-kofi-annan/",
          "link_type": "ads_main"
        }
      ]
    },
    {
      "results": [
        {
          "domain": "whatreallyhappened.com",
          "link": "http://whatreallyhappened.com/category/cover-ups",
          "link_type": "results"
        },
        {
          "domain": "www.memri.org",
          "link": "http://www.memri.org/",
          "link_type": "results"
        },
        {
          "domain": "www.nbcwashington.com",
          "link": "http://www.nbcwashington.com/news/national-international",
          "link_type": "results"
        },
        {
          "domain": "www.theguardian.com",
          "link": "http://www.theguardian.com/us-news/2015/sep/18/trump-fails-to-correct-questioner-who-calls-obama-muslim-and-not-even-american",
          "link_type": "results"
        },
        {
          "domain": "www.npr.org",
          "link": "http://www.npr.org/2015/12/21/460030344/video-and-transcript-nprs-interview-with-president-obama",
          "link_type": "results"
        },
        {
          "domain": "www.bbc.com",
          "link": "http://www.bbc.com/news/world-us-canada-35299364",
          "link_type": "results"
        },
        {
          "domain": "www.breitbart.com",
          "link": "http://www.breitbart.com/big-government/2015/11/23/president-obama-scrambles-restore-confidence-handling-islamic-state-terrorism/",
          "link_type": "results"
        },
        {
          "domain": "www.dailykos.com",
          "link": "http://www.dailykos.com/stories/739011/full_content",
          "link_type": "results"
        },
        {
          "domain": "en.wikipedia.org",
          "link": "https://en.wikipedia.org/wiki/Foreign_policy_of_Barack_Obama",
          "link_type": "results"
        },
        {
          "domain": "www.remnantofgod.org",
          "link": "http://www.remnantofgod.org/sabatak.htm",
          "link_type": "results"
        }
      ]
    },
    {
      "results": [
        {
          "domain": "www.washingtontimes.com",
          "link": "http://www.washingtontimes.com/news/2015/nov/24/charles-hurt-obama-calls-americans-islamophobic-as/?page=all",
          "link_type": "results"
        },
        {
          "domain": "blogs.wsj.com",
          "link": "http://blogs.wsj.com/washwire/2016/01/12/obamas-final-state-of-the-union-speech-live-blog/",
          "link_type": "results"
        },
        {
          "domain": "www.dailymail.co.uk",
          "link": "http://www.dailymail.co.uk/news/article-3325952/The-White-House-turn-black-fire-Allah-willing-ISIS-warns-fresh-attacks-Washington-video-threaten-America-days.html",
          "link_type": "results"
        },
        {
          "domain": "www.kcet.org",
          "link": "http://www.kcet.org/video/democracynow/",
          "link_type": "results"
        },
        {
          "domain": "www.informationclearinghouse.info",
          "link": "http://www.informationclearinghouse.info/",
          "link_type": "results"
        },
        {
          "domain": "www.arewelivinginthelastdays.com",
          "link": "http://www.arewelivinginthelastdays.com/news/",
          "link_type": "results"
        },
        {
          "domain": "www.independent.co.uk",
          "link": "http://www.independent.co.uk/news/world/middle-east/president-obama-claims-rise-of-isis-is-unintended-consequence-of-george-w-bush-s-invasion-in-iraq-10115243.html",
          "link_type": "results"
        },
        {
          "domain": "www.yahoo.com",
          "link": "https://www.yahoo.com/politics/obama-state-of-the-union-america-is-already-great-051100798.html",
          "link_type": "results"
        },
        {
          "domain": "www.newsandjava.com",
          "link": "http://www.newsandjava.com/",
          "link_type": "results"
        },
        {
          "domain": "www.democracynow.org",
          "link": "http://www.democracynow.org/2014/8/19/headlines",
          "link_type": "results"
        }
      ]
    }
  ]
}