{
  "Origins": "Cardwell is a small coastal town (pop. ~1,250) in North Queensland, Australia. In December 2013, a (since-removed) item posted to the Meanwhile in Australia Facebook page asserted that the local council had banned the display of Christmas lights in that town in response to complaints from Muslim residents who \"found the lights to be an offensive celebration of Christmas.\"",
  "Fact Check": "",
  "Description": "However, that item was just a hoax. As detailed in a Chronicle news report, not only was no such ban enacted, but Cardwell doesn't even have a mosque: A Tiny town in north Queensland with a population of less than 1500 is making headlines after a Facebook hoax accusing it of bowing to Christmas-light hating Muslims went viral. The Cassowary Coast council which includes the town of Cardwell between Cairns and Townsville tackled the nonsense rumour head-on. \"A hoax statement has been posted on a Facebook page about Christmas lights in Cardwell. Council HAS NOT banned Christmas lights in the town,\" the council posted on its website. The council is receiving no lobbying from any religious group wanting to ban Christmas lights, Cardwell has no mosque and if the town has an imam, they are not well known. For those interested, the council is currently running a Christmas lights competition. The Cassowary Coast Regional Council not only published the referenced denial of the rumor on its web site but also posted a statement on its Facebook page stating that: Just in case you (like us!) have been caught up in this one, don't believe the hoax statement on another facebook page about Cardwell's Christmas lights/decorations. Council HAS NOT banned Christmas lights in Cardwell.",
  "Originally Published": "",
  "Referred Links": "https://www.facebook.com/cassowarycoastregionalcouncil/posts/588646594521749;http://www.cassowarycoast.qld.gov.au/;http://www.thechronicle.com.au/news/christmas-lights-banned-muslims-not-our-town/2101685/;https://www.facebook.com/MeanwhileInAustralia;http://www.queenslandplaces.com.au/cardwell;",
  "Example": "[Collected via Facebook, December 2013] Meanwhile In Australia. CHRISTMAS LIGHTS BANNED CAIRNS: Christmas Lights in Cardwell, North Queensland have been banned by the local council after a complaint from the new Al Shalalah Mosque built in the town just weeks ago. Iman Adnan Janutab said that the towns 100 Muslim residents found the lights to be an offensive celebration of Christmas and urged Christians to practice their beliefs privately within their homes, and not in public. The Council said in a statement that the request was approved because the needs of the religious minority needed to be respected. Please share THIS MESSAGE! So we can put Christmas lights up! THIS IS AUSTRALIA AND WE DESERVE TO LIVE OUR WAY YOU COME HERE YOU RESPECT OUR TRADITIONS What a load of rubbish!!!",
  "Last Updated": "3 December 2013",
  "Credibility": "false",
  "URL": "www.snopes.com/politics/christmas/cardwell.asp",
  "Claim": "Christmas lights have been banned in Cardwell, Australia, due to complaints from Muslim residents.",
  "Claim_ID": "politics_christmas_cardwell",
  "Tags": "",
  "Google Results": [
    {
      "results": [
        {
          "domain": "www.snopes.com",
          "link": "http://www.snopes.com/politics/christmas/cardwell.asp",
          "link_type": "results"
        },
        {
          "domain": "www.abc.net.au",
          "link": "http://www.abc.net.au/local/stories/2013/12/03/3904218.htm",
          "link_type": "results"
        },
        {
          "domain": "www.hoax-slayer.com",
          "link": "http://www.hoax-slayer.com/hoax-cardwell-christmas-lights-ban.shtml",
          "link_type": "results"
        },
        {
          "domain": "www.sunshinecoastdaily.com.au",
          "link": "http://www.sunshinecoastdaily.com.au/news/christmas-lights-banned-muslims-not-our-town/2101685/",
          "link_type": "results"
        },
        {
          "domain": "www.facebook.com",
          "link": "https://www.facebook.com/factcheckbeforesharing/posts/337136473093301",
          "link_type": "results"
        },
        {
          "domain": "www.nzherald.co.nz",
          "link": "http://www.nzherald.co.nz/wanganui-chronicle/opinion/news/article.cfm?c_id=1503423&objectid=11352245",
          "link_type": "results"
        },
        {
          "domain": "www.dirtydazz.com.au",
          "link": "http://www.dirtydazz.com.au/christmas-lights-banned-cairns-twas-a-night-before-christmas-and-everything-went-dark-hoax/",
          "link_type": "results"
        },
        {
          "domain": "twitter.com",
          "link": "https://twitter.com/snopes/status/409135643046858752",
          "link_type": "results"
        },
        {
          "domain": "www.bizpacreview.com",
          "link": "http://www.bizpacreview.com/2013/12/03/county-orders-california-neighborhood-to-take-christmas-lights-down-88298",
          "link_type": "results"
        },
        {
          "domain": "voiceherald.com",
          "link": "http://voiceherald.com/2015/12/20/christmas-lights-were-not-banned-in-cardwell-north.html",
          "link_type": "results"
        }
      ]
    },
    {
      "results": [
        {
          "domain": "saltshakers.org.au",
          "link": "http://saltshakers.org.au/home-2/101-fp-articles/fp-2013/1176-celebrating-christmas-lights-and-political-correctness",
          "link_type": "results"
        },
        {
          "domain": "www.ecostarr.com",
          "link": "http://www.ecostarr.com/blog-diary/banning-christmas-lights-in-australia-",
          "link_type": "results"
        },
        {
          "domain": "www.bioskop21.top",
          "link": "http://www.bioskop21.top/movies-christmas-2013-australia",
          "link_type": "results"
        },
        {
          "domain": "popularspecialist.com",
          "link": "http://popularspecialist.com/2015/12/christmas-lights-were-not-banned-in-cardwell-north/",
          "link_type": "results"
        },
        {
          "domain": "nsrnews.com.br",
          "link": "http://nsrnews.com.br/G0zmqInDUY5lkVA/",
          "link_type": "results"
        },
        {
          "domain": "www.handbagmafia.net",
          "link": "http://www.handbagmafia.net/keep-calm-no-one-is-stealing-christmas/",
          "link_type": "results"
        },
        {
          "domain": "theaimn.com",
          "link": "http://theaimn.com/abyan-needs-help-not-harassment-bring-her-off-nauru/",
          "link_type": "results"
        },
        {
          "domain": "www.reddit.com",
          "link": "https://www.reddit.com/r/australia/comments/3oft2c/i_saw_this_graffitied_on_the_side_of_a_church_in/?ref=readnext_4",
          "link_type": "results"
        },
        {
          "domain": "www.theaustralian.com.au",
          "link": "http://www.theaustralian.com.au/news/inquirer/security-alert-as-indonesians-heed-islamic-states-jihad-call/news-story/0010f8bf6ed66fe6aa141400f3a0bbe9",
          "link_type": "results"
        },
        {
          "domain": "www.northernstar.com.au",
          "link": "http://www.northernstar.com.au/news/bikies-bizarre-and-big-dramas-made-us-click-2013/2126666/",
          "link_type": "results"
        }
      ]
    },
    {
      "results": [
        {
          "domain": "www.ruralweekly.com.au",
          "link": "http://www.ruralweekly.com.au/news/bikies-bizarre-and-big-dramas-made-us-click-2013/2126666/",
          "link_type": "results"
        },
        {
          "domain": "www.dailymail.co.uk",
          "link": "http://www.dailymail.co.uk/news/article-2548681/Australian-PM-Scott-Morrison-threatens-deport-asylum-seekers-irritating-spit-swear-public.html",
          "link_type": "results"
        },
        {
          "domain": "m.stanthorpeborderpost.com.au",
          "link": "http://m.stanthorpeborderpost.com.au/news/bikies-bizarre-and-big-dramas-made-us-click-2013/2126666/",
          "link_type": "results"
        },
        {
          "domain": "www.couriermail.com.au",
          "link": "http://www.couriermail.com.au/news/cyclone-yasis-fury-takes-rooves-in-cardwell/story-e6freon6-1225999383450",
          "link_type": "results"
        },
        {
          "domain": "themuslimissue.wordpress.com",
          "link": "https://themuslimissue.wordpress.com/2012/10/28/australia-australian-muslims-plan-political-party-amid-calls-for-10-year-moratorium-on-muslim-immigration/",
          "link_type": "results"
        },
        {
          "domain": "www.illawarramercury.com.au",
          "link": "http://www.illawarramercury.com.au/story/3618555/year-in-review-may-2015/",
          "link_type": "results"
        },
        {
          "domain": "telegraphstandard.com",
          "link": "http://telegraphstandard.com/north-queensland-s-winter-sun/16100",
          "link_type": "results"
        },
        {
          "domain": "www.townsvillemagpie.com.au",
          "link": "http://www.townsvillemagpie.com.au/in-politics-publishing-souffles-and-sex-timing-is-everything-get-it-wrong-and-everything-falls-flat-there-were-several-instances-this-week/",
          "link_type": "results"
        },
        {
          "domain": "www.wsj.com",
          "link": "http://www.wsj.com/articles/no-trump-bid-1453222595",
          "link_type": "results"
        },
        {
          "domain": "web.mit.edu",
          "link": "http://web.mit.edu/adamrose/Public/googlelist",
          "link_type": "results"
        }
      ]
    }
  ]
}