{
  "Origins": "A common feature of modern political campaigns is the campaign song, a piece of familiar music played at conventions, speeches, rallies, and other campaign events that helps to create a public link between a particular candidate and some positive theme or image. However, since most campaign songs are fairly contemporary pieces of music, controversy sometimes arises when campaigns select songs created and popularized by artists who don't necessarily approve of the candidates with whom their music (and by extension, they themselves) is being associated.",
  "Fact Check": "",
  "Description": "One recent case involved the use of the song \"Barracuda,\" written and performed by members of the rock group Heart, at the 2008 Republican National Convention. The song was intended to provide a thematic link with a nickname for the Republican vice-presidential candidate, Alaska governor Sarah Palin, but sisters Ann and Nancy Wilson, the lead singers of Heart (and co-writers of \"Barracuda\"), voiced their objections to the political usage of their music: Before Sarah Palin joined John McCain on the Republican presidential ticket, she was Sarah Barracuda, a nickname earned playing high school basketball. The McCain campaign used the name for inspiration at the convention in St. Paul, playing \"Barracuda\" by the rock group Heart as an unofficial theme song. But the sisters Ann and Nancy Wilson of Heart have sent a cease-and-desist letter to the campaign, asking it to stop using their song, Reuters reported. \"The McCain campaign respects intellectual-property rights,\" Brian Rogers, a campaign spokesman said. \"Accordingly, prior to using 'Barracuda' at any events, we paid for and obtained all necessary licenses.\" Last month the singer Jackson Browne sued Mr. McCain, the Republican National Committee and the Ohio Republican Party, accusing them of using his song \"Running on Empty\" without permission for a campaign ad. The image reproduced above is ostensibly a reproduction of a magazine article bearing a rather rude and crude open letter (entitled \"Cease and Desist, You Old Fart\") from the Wilson sisters to Republican presidential candidate John McCain, castigating the McCain campaign for continuing to use the Heart song \"Barracuda\" over their objections and promising to donate all the licensing fees derived therefrom to the Obama campaign. Although the missive references a real issue and might be considered reflective of the Wilsons' feelings in the matter in a very broad, general sense, this specific letter is not something genuinely penned by them: It's one in a series of \"New Column!\" spoofs created and published by The Stranger, a Seattle-based alternative newspaper . (Roger Fisher, the former guitarist of Heart who was also a co-songwriter of the song \"Barracuda,\" did say in an e-mail to the Reuters news agency that he would \"donate a portion of royalties he receives from the Republicans' airing of 'Barracuda' to the campaign of Sen. Barack Obama.\")",
  "Originally Published": "",
  "Referred Links": "http://www.thestranger.com/seattle/Home;http://www.thestranger.com/seattle/Content?oid=677548;http://hollywoodinsider.ew.com/2008/09/heart-responds.html;",
  "Example": "[Collected via e-mail, September 2008] I received the attached photo today reportedly of an article by Ann and Nancy Wilson of Heart asking the Republican campaign to cease and desist using their song \"Barracuda\" in ads supporting Sarah Palin. Is this an actual article? It's hard to tell as there is nothing to indicate where or when it might have been published.",
  "Last Updated": "22 September 2008",
  "Credibility": "false",
  "URL": "www.snopes.com/politics/mccain/barracuda.asp",
  "Claim": "Letter from Ann and Nancy Wilson of Heart castigates John McCain for using their \"Barracuda\" as a campaign song.",
  "Claim_ID": "politics_mccain_barracuda",
  "Tags": "",
  "Google Results": [
    {
      "results": [
        {
          "domain": "www.snopes.com",
          "link": "http://www.snopes.com/politics/mccain/barracuda.asp",
          "link_type": "results"
        },
        {
          "domain": "www.mtv.com",
          "link": "http://www.mtv.com/news/1594154/heart-object-to-mccain-campaigns-use-of-barracuda-during-republican-national-convention/",
          "link_type": "results"
        },
        {
          "domain": "www.telegraph.co.uk",
          "link": "http://www.telegraph.co.uk/news/newstopics/uselection2008/johnmccain/2706276/Sarah-Palin-Dont-use-our-Barracuda-song-as-your-anthem-says-rock-band-Heart.html",
          "link_type": "results"
        },
        {
          "domain": "www.rtfa.net",
          "link": "http://www.rtfa.net/page/59",
          "link_type": "results"
        },
        {
          "domain": "www.rtfa.net",
          "link": "http://www.rtfa.net/2008/11/04/snopescom-politics-barack-obama",
          "link_type": "results"
        },
        {
          "domain": "freerepublic.com",
          "link": "http://freerepublic.com/tag/barracuda/index",
          "link_type": "results"
        },
        {
          "domain": "uwufiby.comuf.com",
          "link": "http://uwufiby.comuf.com/ann-nancy-wilson-politics.php",
          "link_type": "results"
        },
        {
          "domain": "m.delphiforums.com",
          "link": "http://m.delphiforums.com/newtish/messages/46433/4",
          "link_type": "results"
        },
        {
          "domain": "dumyketo.site90.net",
          "link": "http://dumyketo.site90.net/ann-nancy-wilson-politics.php",
          "link_type": "results"
        },
        {
          "domain": "www.tuugo.co.uk",
          "link": "http://www.tuugo.co.uk/Companies/barracuda-holidays/0300003186828",
          "link_type": "results"
        }
      ]
    },
    {
      "results": [
        {
          "domain": "olatyn.comoj.com",
          "link": "http://olatyn.comoj.com/john-wilson-ann-luck.php",
          "link_type": "results"
        },
        {
          "domain": "asepiqeziba.99on.com",
          "link": "http://asepiqeziba.99on.com/ann-wilson-e-nancy-wilson.php",
          "link_type": "results"
        },
        {
          "domain": "asepiqeziba.99on.com",
          "link": "http://asepiqeziba.99on.com/ann-nancy-wilson-heart-video.php",
          "link_type": "results"
        },
        {
          "domain": "github.com",
          "link": "https://github.com/robennals/think-link/blob/master/ruby/snopesclaims.csv",
          "link_type": "results"
        },
        {
          "domain": "forums.swedespeed.com",
          "link": "http://forums.swedespeed.com/showthread.php?104578-Barracuda",
          "link_type": "results"
        },
        {
          "domain": "article.cool3c.com",
          "link": "http://article.cool3c.com/bookmark/releate/heart%20barracuda/1",
          "link_type": "results"
        },
        {
          "domain": "www.classicalvalues.com",
          "link": "http://www.classicalvalues.com/archives/2008_09.html",
          "link_type": "results"
        },
        {
          "domain": "www.10zenmonkeys.com",
          "link": "http://www.10zenmonkeys.com/category/uncategorized/",
          "link_type": "results"
        },
        {
          "domain": "theimmoralminority.blogspot.com",
          "link": "http://theimmoralminority.blogspot.com/2014/12/new-poll-shows-that-more-religious-you.html",
          "link_type": "results"
        },
        {
          "domain": "www.triplearadio.com",
          "link": "http://www.triplearadio.com/show_prep/?keepThis=true&TB_iframe=true",
          "link_type": "results"
        }
      ]
    },
    {
      "results": [
        {
          "domain": "www.joescott3.com",
          "link": "http://www.joescott3.com/index.php/js/archive/",
          "link_type": "results"
        },
        {
          "domain": "www.dbqdemocrats.org",
          "link": "http://www.dbqdemocrats.org/recentarticles.php",
          "link_type": "results"
        },
        {
          "domain": "www.washingtonmonthly.com",
          "link": "http://www.washingtonmonthly.com/archives/monthly/2008_09.php",
          "link_type": "results"
        },
        {
          "domain": "www.grouchyoldcripple.com",
          "link": "http://www.grouchyoldcripple.com/cgi-bin/mt-search.cgi?search=bou",
          "link_type": "results"
        },
        {
          "domain": "www.arkansasonline.com",
          "link": "http://www.arkansasonline.com/news/2008/dec/",
          "link_type": "results"
        },
        {
          "domain": "heelspurs.com",
          "link": "http://heelspurs.com/cgi-bin/_search.cgi?a=yes&keyword=Knew",
          "link_type": "results"
        },
        {
          "domain": "rocksoff.org",
          "link": "http://rocksoff.org/cgi-bin/messageboard/YaBB.pl?num=1220021355/all",
          "link_type": "results"
        },
        {
          "domain": "bigbrofs.ml.cmu.edu",
          "link": "http://bigbrofs.ml.cmu.edu/code/graphlab/datasets/wikipedia/wikipedia_raw/w2",
          "link_type": "results"
        },
        {
          "domain": "www.talkleft.com",
          "link": "http://www.talkleft.com/story/2008/9/5/2345/50322/media/Open-Thread-Runaway-Train",
          "link_type": "results"
        },
        {
          "domain": "ysuqakasoca.koon.pl",
          "link": "http://ysuqakasoca.koon.pl/ann-wilson-heart-barracuda.php",
          "link_type": "results"
        }
      ]
    }
  ]
}