{
  "Origins": "On 18 June 2014, First Lady Michelle Obama attended a ceremony at the National Archives rotunda in Washington, D.C., in which fifty foreign-born immigrants were sworn in as American citizens, and she used the occasion to speak on the subject of immigration reform:",
  "Fact Check": "",
  "Description": "Her remarks at that event included the passage referenced above, in which she noted that the Founding Fathers who signed the Declaration of Independence like current immigrants to the U.S. became Americans rather than being born Americans: It's amazing that just a few feet from here where I m standing are the signatures of the 56 Founders who put their names on a Declaration that changed the course of history. And like the 50 of you, none of them were born American they became American. Just like you're about to pledge allegiance to our flag, they pledged their lives, their fortunes, and their sacred honor to this extraordinary idea that we now know as America the notion that we are all created equal, endowed with fundamental rights and freedoms that no one can ever take away from us. People come from across the globe to see these documents, to read the names and signatures of the very first \"Americans-by-choice,\" because they know that this room holds the first chapter of our shared history. And today, it holds the next chapter of our story, as well. However, Michelle Obama did not, as claimed in the example quoted above, state that the Founding Fathers were not \"born in America,\" nor did she express ignorance of the fact that many of the Founding Fathers started their lives in the thirteen British North American colonies that later formed the original United States of America. The First Lady said, in reference to the Founding Fathers, that \"none of them were born American; they became American,\" and in the original context (i.e., a naturalization ceremony), the meaning of that statement was perfectly clear. What Michelle Obama was communicating on that occasion was a distinction between geography and nationality: she did not say that the Founding Fathers were born somewhere other than America, but rather that they did not start out their lives in a fully formed and established nation known as \"America\" complete with its own history, customs, culture, and values, as modern American children are. Rather, our forefathers were born into a very different world as British subjects in a colonial empire, and they chose to seek new opportunities and lives for themselves by transforming their world into something distinctive (through the establishment of a new nation known as the United States of America), just as modern immigrants born outside America choose to transform their worlds by opting to leave their homelands for America and seek new lives through becoming U.S. citizens.",
  "Originally Published": "",
  "Referred Links": "http://www.whitehouse.gov/the-press-office/2014/06/18/remarks-first-lady-naturalization-ceremony;http://bigstory.ap.org/article/first-lady-makes-pitch-immigration-overhaul;",
  "Example": "[Collected via e-mail, July 2014] Harvard educated First Lady Michelle Obama reminded attendees of a naturalization ceremony Wednesday that the Founding Fathers weren't born in America. The ceremony for 50 new U.S. citizens was held at the National Archives in Washington, D.C. She said during her speech, referring to the Declaration of Independence, \"It's amazing that just a few feet from here where I'm standing are the signatures of the 56 Founders who put their names on a Declaration that changed the course of history, and like the 50 of you, none of them were born American they became American.\" Did she actually mean that those who signed the Declaration of Independence and participated in the drafting of the Constitution were not born in America? Benjamin Franklin was born in Pennsylvania and Thomas Jefferson, George Washington, and James Madison were born in Virginia. John Adams was born in Massachusetts. Surely she knows this. But maybe not. After all, she is only a Harvard graduate.",
  "Last Updated": "6 March 2015",
  "Credibility": "false",
  "URL": "www.snopes.com/politics/obama/quotes/naturalization.asp",
  "Claim": "Michelle Obama stated that the signers of the Declaration of Independence were not \"born in America.\"",
  "Claim_ID": "politics_obama_quotes_naturalization",
  "Tags": "",
  "Google Results": [
    {
      "results": [
        {
          "domain": "www.snopes.com",
          "link": "http://www.snopes.com/politics/obama/quotes/naturalization.asp",
          "link_type": "results"
        },
        {
          "domain": "www.record-eagle.com",
          "link": "http://www.record-eagle.com/opinion/fact-check-michelle-obama-said-declaration-signers-not-born-american/article_7fd51a6c-3b90-56ff-8eb3-17393f5e23ae.html",
          "link_type": "results"
        },
        {
          "domain": "www.facebook.com",
          "link": "https://www.facebook.com/snopes/posts/608606475950542",
          "link_type": "results"
        },
        {
          "domain": "www.youtube.com",
          "link": "https://www.youtube.com/watch?v=tMKiEpUrfx4",
          "link_type": "results"
        },
        {
          "domain": "www.breitbart.com",
          "link": "http://www.breitbart.com/big-government/2014/06/18/michelle-obama-the-founding-fathers-were-not-born-in-america/",
          "link_type": "results"
        },
        {
          "domain": "godfatherpolitics.com",
          "link": "http://godfatherpolitics.com/15968/harvard-educated-michelle-obama-says-founders-born-america/",
          "link_type": "results"
        },
        {
          "domain": "theconservativetreehouse.com",
          "link": "http://theconservativetreehouse.com/2014/06/19/michelle-obama-immigrants-just-like-founding-fathers-not-born-american/",
          "link_type": "results"
        },
        {
          "domain": "www.reddit.com",
          "link": "https://www.reddit.com/r/forwardsfromgrandma/comments/2b8nye/fwd_harvard_educated_michelle_obama_says_founders/",
          "link_type": "results"
        },
        {
          "domain": "www.hairsmode.tk",
          "link": "http://www.hairsmode.tk/michelle-obama-says-founding-fathers-not-snopes.html",
          "link_type": "results"
        },
        {
          "domain": "libertynews.com",
          "link": "http://libertynews.com/2014/06/birther-michelle-obama-fundamentally-changes-american-history-w-a-startlingly-stupid-claim-about-the-founders/",
          "link_type": "results"
        }
      ]
    },
    {
      "results": [
        {
          "domain": "giveusliberty1776.blogspot.com",
          "link": "http://giveusliberty1776.blogspot.com/2014/06/btwmost-of-founding-fathers-were-born.html",
          "link_type": "results"
        },
        {
          "domain": "www.datehookup.com",
          "link": "http://www.datehookup.com/Thread-1345673.htm",
          "link_type": "results"
        },
        {
          "domain": "www.weaselzippers.us",
          "link": "http://www.weaselzippers.us/190420-mooch-immigrants-just-like-founding-fathers-not-born-american/",
          "link_type": "results"
        },
        {
          "domain": "www.irumormill.com",
          "link": "http://www.irumormill.com/conspiracies/michelle-obama-citizenship.htm",
          "link_type": "results"
        },
        {
          "domain": "www.sodahead.com",
          "link": "http://www.sodahead.com/united-states/harvard-educated-michelle-obama-says-founders-not-born-in-america/question-4376203/?page=10",
          "link_type": "results"
        },
        {
          "domain": "www.usmessageboard.com",
          "link": "http://www.usmessageboard.com/threads/michelle-obama-the-founding-fathers-were-not-born-in-america.360282/",
          "link_type": "results"
        },
        {
          "domain": "www.centextalk.com",
          "link": "http://www.centextalk.com/vb/showthread.php/23263-Michelle",
          "link_type": "results"
        },
        {
          "domain": "www.triketalk.com",
          "link": "http://www.triketalk.com/forum/archive/index.php/t-25625.html",
          "link_type": "results"
        },
        {
          "domain": "hoax.trendolizer.com",
          "link": "http://hoax.trendolizer.com/2015/03/michelle-obama-says-founding-fathers-not-born-in-america.html",
          "link_type": "results"
        },
        {
          "domain": "www.topix.com",
          "link": "http://www.topix.com/forum/city/alamogordo-nm/TVMADBH832VVAGHT9",
          "link_type": "results"
        }
      ]
    },
    {
      "results": [
        {
          "domain": "twitter.com",
          "link": "https://twitter.com/snopes/status/573873390932652032",
          "link_type": "results"
        },
        {
          "domain": "www.goodreads.com",
          "link": "https://www.goodreads.com/work/quotes/45199423-adios-america-the-left-s-plan-to-turn-our-country-into-a-third-world-h",
          "link_type": "results"
        },
        {
          "domain": "forums.melodicrock.com",
          "link": "http://forums.melodicrock.com/phpBB/viewtopic.php?f=93&t=39922&start=19800",
          "link_type": "results"
        },
        {
          "domain": "teapartyorg.ning.com",
          "link": "http://teapartyorg.ning.com/forum/topics/michelle-obama-founding-fathers-not-born-in-america?xg_source=activity&id=4301673%3ATopic%3A3542525&page=4",
          "link_type": "results"
        },
        {
          "domain": "personalstatement.co",
          "link": "http://personalstatement.co/tag/harvard-educated-michelle-obama-says-founders-not-born-in-",
          "link_type": "results"
        },
        {
          "domain": "trib.com",
          "link": "http://trib.com/opinion/letters/meyer-our-first-lady-a-harvard-graduate/article_a42d27a3-de75-5df2-a6fb-4b0e5c062ef7.html",
          "link_type": "results"
        },
        {
          "domain": "www.pinterest.com",
          "link": "https://www.pinterest.com/bbaltrinic/a-founder-for-all-abraham-clark-signer-of-the-decl/",
          "link_type": "results"
        },
        {
          "domain": "thehill.com",
          "link": "http://thehill.com/blogs/blog-briefing-room/217694-poll-perception-unchanged-by-obamas-isis-speech",
          "link_type": "results"
        },
        {
          "domain": "webiodir.com",
          "link": "http://webiodir.com/when-was-michelle-obama-born",
          "link_type": "results"
        },
        {
          "domain": "forum.prisonplanet.com",
          "link": "http://forum.prisonplanet.com/index.php?topic=121160.80",
          "link_type": "results"
        }
      ]
    }
  ]
}