{
  "Origins": "On 7 November 2012, the day after Election Day in the U.S., the Duffel Blog published an article (\"Military Absentee Ballots Delivered One Day Late, Would Have Swung Election for Romney\") about hundreds of thousands of military absentee ballots being uncounted because they were delivered after the voting deadline, enough votes to have given Republican nominee Mitt Romney a victory had those ballots been counted:",
  "Fact Check": "",
  "Description": "By the following day links and excerpts referencing this article were being circulated via social media, with many of those who encountered the item mistaking it for a genuine news article. However, that article was just a bit of political humor which played on stereotypes of military inefficiency. As noted in the Duffel Blog 's \" About Us \" page, that web site deals strictly in military-based satire and faux news: The Duffel Blog serves the men and women of the US Military with a daily dose of military humor, funny military pictures, and faux news. We take an interesting and funny look at military life. We focus on veterans, military stories, defense, politics (sometimes) and life on base with a comedic twist. We are in no way, shape, or form, a real news outlet. Just about everything on this website is satirical in nature. The content of this site is parody. No composition should be regarded as truthful, and no reference of an individual, company, or military unit seeks to inflict malice or emotional harm. All characters, groups, and military units appearing in these works are fictitious. Any resemblance to real persons, living or dead, or actual military units and companies is purely coincidental.",
  "Originally Published": "",
  "Referred Links": "http://www.duffelblog.com/about/;http://www.duffelblog.com/2012/11/military-absentee-ballots-delivered-one-day-late-would-have-swung-election-for-romney/;",
  "Example": "[Collected via e-mail, November 2012] Is it TRUE that military absentee votes for the 2012 Presidental election were held up for three months, mis-labeled and were not counted as they came in a day later than the election????? If this IS true, it cost Romney the election and there should be a RECOUNT!!! Please advise ... and ... thanks!",
  "Last Updated": "8 November 2012",
  "Credibility": "false",
  "URL": "www.snopes.com/politics/satire/absentee.asp",
  "Claim": "Uncounted military absentee ballots delivered after the voting deadline would have won the 2012 presidential election for Mitt Romney.",
  "Claim_ID": "politics_satire_absentee",
  "Tags": "",
  "Google Results": [
    {
      "results": [
        {
          "domain": "www.duffelblog.com",
          "link": "http://www.duffelblog.com/2012/11/military-absentee-ballots-delivered-one-day-late-would-have-swung-election-for-romney/",
          "link_type": "results"
        },
        {
          "domain": "www.snopes.com",
          "link": "http://www.snopes.com/politics/satire/absentee.asp",
          "link_type": "results"
        },
        {
          "domain": "www.truthorfiction.com",
          "link": "https://www.truthorfiction.com/late-military-ballots/",
          "link_type": "results"
        },
        {
          "domain": "www.facebook.com",
          "link": "https://www.facebook.com/duffelblog/posts/219221074877808",
          "link_type": "results"
        },
        {
          "domain": "www.facebook.com",
          "link": "https://www.facebook.com/terminallance/posts/481347645239254",
          "link_type": "results"
        },
        {
          "domain": "fellowshipoftheminds.com",
          "link": "http://fellowshipoftheminds.com/2012/11/13/thousands-of-u-s-military-votes-uncounted-or-missing/",
          "link_type": "results"
        },
        {
          "domain": "www.trendolizer.com",
          "link": "http://www.trendolizer.com/2012/11/snopescom-military-absentee-ballots-delivered-one-day-late.html",
          "link_type": "results"
        },
        {
          "domain": "www.care2.com",
          "link": "http://www.care2.com/news/member/907581929/3482216",
          "link_type": "results"
        },
        {
          "domain": "groups.google.com",
          "link": "https://groups.google.com/d/topic/alt.guns/goEwbNvdUfA",
          "link_type": "results"
        },
        {
          "domain": "www.huffingtonpost.com",
          "link": "http://www.huffingtonpost.com/2012/10/02/mitt-romney-miliary-voters-absentee-ballots_n_1933754.html",
          "link_type": "results"
        }
      ]
    },
    {
      "results": [
        {
          "domain": "pamelageller.com",
          "link": "http://pamelageller.com/2012/11/more-voter-fraud-military-absentee-ballots-not-counted.html/",
          "link_type": "results"
        },
        {
          "domain": "groups.google.com",
          "link": "https://groups.google.com/d/msg/alt.politics/goEwbNvdUfA/j6MsgC60tMwJ",
          "link_type": "results"
        },
        {
          "domain": "www.freerepublic.com",
          "link": "http://www.freerepublic.com/tag/militaryvote/index",
          "link_type": "results"
        },
        {
          "domain": "obamavoterfraud.blogspot.com",
          "link": "http://obamavoterfraud.blogspot.com/2012/11/barack-obama-voter-fraud-2012.html",
          "link_type": "results"
        },
        {
          "domain": "investigations.nbcnews.com",
          "link": "http://investigations.nbcnews.com/_news/2012/09/25/14092264-the-real-vote-fraud-opportunity-has-arrived-casting-your-ballot-by-mail",
          "link_type": "results"
        },
        {
          "domain": "www.infiniteunknown.net",
          "link": "http://www.infiniteunknown.net/tag/mitt-romney/",
          "link_type": "results"
        },
        {
          "domain": "askmarion.wordpress.com",
          "link": "https://askmarion.wordpress.com/2012/11/08/a-black-veil-of-mourning-hangs-over-america/",
          "link_type": "results"
        },
        {
          "domain": "camelopardid2.rssing.com",
          "link": "http://camelopardid2.rssing.com/chan-1192507/all_p24.html",
          "link_type": "results"
        },
        {
          "domain": "www.wnd.com",
          "link": "http://www.wnd.com/2012/12/did-obama-steal-the-2012-election/",
          "link_type": "results"
        }
      ]
    },
    {
      "results": [
        {
          "domain": "www.sjpba.net",
          "link": "http://www.sjpba.net/Farsider/111512.htm",
          "link_type": "results"
        },
        {
          "domain": "thisbluemarble.com",
          "link": "https://thisbluemarble.com/showthread.php?t=49903",
          "link_type": "results"
        },
        {
          "domain": "campaignstops.blogs.nytimes.com",
          "link": "http://campaignstops.blogs.nytimes.com/category/voting-rights-2/",
          "link_type": "results"
        },
        {
          "domain": "www.inquisitr.com",
          "link": "http://www.inquisitr.com/395471/republicans-blame-obama-victory-on-voter-fraud-and-suppression-of-the-military-vote/",
          "link_type": "results"
        },
        {
          "domain": "atlasshrugs2000.typepad.com",
          "link": "http://atlasshrugs2000.typepad.com/atlas_shrugs/white-house-2012/",
          "link_type": "results"
        },
        {
          "domain": "freedomoutpost.com",
          "link": "http://freedomoutpost.com/2013/08/oklahoma-anti-sharia-law-thrown-out-by-a-federal-judge-vicki-miles-lagrange/",
          "link_type": "results"
        },
        {
          "domain": "www.shadowriders.net",
          "link": "http://www.shadowriders.net/forums/archive/index.php/index.php?t-26059.html",
          "link_type": "results"
        },
        {
          "domain": "www.jpattitude.com",
          "link": "http://www.jpattitude.com/ElectionFraud.php",
          "link_type": "results"
        },
        {
          "domain": "akdart.com",
          "link": "http://akdart.com/v3.html",
          "link_type": "results"
        },
        {
          "domain": "smirkingchimp.com",
          "link": "http://smirkingchimp.com/thread/rodgzk/45577/republican-not-so-secret-plan-to-win-the-election-voter-suppression",
          "link_type": "results"
        }
      ]
    }
  ]
}