{
  "Origins": "On 16 September 2007, the Academy of Television Arts and Sciences awarded its Emmy for \"Outstanding Reality Program\" to My Life on the D-List , a show detailing the travails of Kathy Griffin , a stand-up comedienne and television bit player. (The series title is a sly joke in that Hollywood is presumed to have three strata of celebrity status: A-list, B-list, and C-list. A D-list celebrity would therefore be an oxymoron.)",
  "Fact Check": "",
  "Description": "As Executive Producer and star of the series, Kathy Griffin accepted the Emmy won by the show. Her remarks upon receiving the award were: \"Now, look, a lot of people come up here and they thank Jesus for this award. I want you to know that no one had less to do with this award than Jesus. He didn't help me a bit. If it was up to him, Cesar Millan would be up here with that damn dog. So all I can say is suck it Jesus, this award is my God now\": The E! Network airing of the awards ceremony removed Griffin's remarks from the broadcast. Griffin herself appears proud of her comments, labeling them on her web site as \"what will go down as one of the best quotes in Emmy history.\" Others were less taken with them. The members of Pigeon Forge, Tennessee's, Miracle Theater spent $100,000 on an ad in USA Today chastising the comic. Griffin said she was simply parodying rappers, starlets, and athletes who thank Jesus for the recognitions they receive \"as if Jesus doesn't have anything better to do than make sure that someone got their People's Choice Award or whatever.\" Regarding her reaction to the criticism her remarks have fetched, Griffin told CNN's Larry King that: \"I just am loving it. It's in the newspapers around the world and every article starts with, 'Emmy winner Kathy Griffin' and then the letters all just blur after that.\" Barbara \"graven distorted image\" Mikkelson",
  "Originally Published": "",
  "Referred Links": "http://www.kathygriffin.net/;http://www.emmys.tv/awards/index.asp;",
  "Example": "[Collected via e-mail, October 2007] At the Emmy awards, Kathy Griffin's acceptance speech said, \"A lot of people come up here and thank Jesus for this award. I want you to know that no one had less to do with this award than Jesus.\" She went on to say,\"Suck it, Jesus. This is my God now!\" referring to the Emmy. As a Christian, I am offended by her hate speech. What do you think might have happened if she had made the hate speech against Muhammed???? Kathy Griffin has the right as an American to say what she thinks. As a Christian-American, so do I. Today I will refuse to watch any show that she may be on or purchase tickets to any event at which she would perform. What will you do? If you delete this, nothing bad will happen to you, but if you pass this on, you will truly have stood up for Jesus Christ.",
  "Last Updated": "14 February 2013",
  "Credibility": "true",
  "URL": "www.snopes.com/politics/religion/griffin.asp",
  "Claim": "During the 2007 Emmy Awards ceremony, actress Kathy Griffin told Jesus to \"suck it\" and said that her Emmy was now her God.",
  "Claim_ID": "politics_religion_griffin",
  "Tags": "",
  "Google Results": [
    {
      "results": [
        {
          "domain": "www.snopes.com",
          "link": "http://www.snopes.com/politics/religion/griffin.asp",
          "link_type": "results"
        },
        {
          "domain": "www.reuters.com",
          "link": "http://www.reuters.com/article/us-griffin-emmys-idUSN1144512920070911",
          "link_type": "results"
        },
        {
          "domain": "gawker.com",
          "link": "http://gawker.com/298680/kathy-griffins-jesus-can-suck-it-emmy-speech-upsets-some-jesus-lovers",
          "link_type": "results"
        },
        {
          "domain": "www.catholicleague.org",
          "link": "http://www.catholicleague.org/kathy-griffin-offends-christians-protest-pays-off/",
          "link_type": "results"
        },
        {
          "domain": "www.cbsnews.com",
          "link": "http://www.cbsnews.com/news/q-a-with-kathy-griffin/",
          "link_type": "results"
        },
        {
          "domain": "en.wikipedia.org",
          "link": "https://en.wikipedia.org/wiki/Kathy_Griffin",
          "link_type": "results"
        },
        {
          "domain": "www.afterellen.com",
          "link": "http://www.afterellen.com/tv/24337-kathy-griffin-an-emmy-and-a-controversy-all-in-a-days-work",
          "link_type": "results"
        },
        {
          "domain": "transcripts.cnn.com",
          "link": "http://transcripts.cnn.com/TRANSCRIPTS/0709/17/lkl.01.html",
          "link_type": "results"
        },
        {
          "domain": "www.imdb.com",
          "link": "http://www.imdb.com/title/tt1150945/",
          "link_type": "results"
        },
        {
          "domain": "goldderby.latimes.com",
          "link": "http://goldderby.latimes.com/awards_goldderby/2010/08/kathy-griffin-emmy-my-life-on-the-dlist-tv-news-story.html",
          "link_type": "results"
        }
      ]
    },
    {
      "results": [
        {
          "domain": "comedyvid.info",
          "link": "http://comedyvid.info/0b0ac72/kathy-griffin-comic-royalty.html?orderby=rand",
          "link_type": "results"
        },
        {
          "domain": "deadline.com",
          "link": "http://deadline.com/2014/06/daytime-emmy-awards-2014-winners-full-list-793931/",
          "link_type": "results"
        },
        {
          "domain": "www.therichest.com",
          "link": "http://www.therichest.com/rich-list/nation/10-of-the-most-awkward-award-speeches-ever/?view=all",
          "link_type": "results"
        },
        {
          "domain": "groups.google.com",
          "link": "https://groups.google.com/forum/#!msg/alt.true-crime/Jis1CfTHwfY/UMynm1lnw90J",
          "link_type": "results"
        },
        {
          "domain": "ovofowixo.xpg.uol.com.br",
          "link": "http://ovofowixo.xpg.uol.com.br/download-video-kathy-griffin-emmy.html",
          "link_type": "results"
        },
        {
          "domain": "blogs.dailynews.com",
          "link": "http://blogs.dailynews.com/outinhollywood/2008/07/17/2008-emmy-awards-neil-patrick/",
          "link_type": "results"
        },
        {
          "domain": "america.pink",
          "link": "http://america.pink/kathy-griffin_2395502.html",
          "link_type": "results"
        },
        {
          "domain": "www.parentstv.org",
          "link": "http://www.parentstv.org/PTC/publications/culturewatch/2007/0928.asp",
          "link_type": "results"
        },
        {
          "domain": "www.atheistrev.com",
          "link": "http://www.atheistrev.com/2007_09_01_archive.html",
          "link_type": "results"
        },
        {
          "domain": "vodyxipa.dynvpn.de",
          "link": "http://vodyxipa.dynvpn.de/download-kathy-griffin-emmy/",
          "link_type": "results"
        }
      ]
    },
    {
      "results": [
        {
          "domain": "aslittleaspossible.blogspot.com",
          "link": "http://aslittleaspossible.blogspot.com/2007_09_01_archive.html",
          "link_type": "results"
        },
        {
          "domain": "newstitosa.blogspot.com",
          "link": "http://newstitosa.blogspot.com/2013/11/when-god-isn-on-guest-list.html",
          "link_type": "results"
        },
        {
          "domain": "glikole.eu",
          "link": "http://glikole.eu/politics/religion/griffin.asp/q2kburar__2nktmmd8i369",
          "link_type": "results"
        },
        {
          "domain": "www.radosh.net",
          "link": "http://www.radosh.net/archive/2007_09_01_radosh_archive.html",
          "link_type": "results"
        },
        {
          "domain": "talk.baltimoresun.com",
          "link": "http://talk.baltimoresun.com/topic/28883-emmy-winner-kathy-griffin-%C3%A2%E2%82%AC%C5%93suck-it-jesus-this-award-is-my-god-now%C3%A2%E2%82%AC%20/page-6",
          "link_type": "results"
        },
        {
          "domain": "www.alternet.org",
          "link": "http://www.alternet.org/story/140466/you_still_can't_buy_a_vibrator_in_alabama",
          "link_type": "results"
        },
        {
          "domain": "gutenberg.us",
          "link": "http://gutenberg.us/articles/Kathy_Griffin",
          "link_type": "results"
        },
        {
          "domain": "cupmovies.com",
          "link": "http://cupmovies.com/actress-kathy-griffin",
          "link_type": "results"
        },
        {
          "domain": "hotair.com",
          "link": "http://hotair.com/archives/2007/09/14/video-kathy-griffin-invites-jesus-to-suck-it/comment-page-1/",
          "link_type": "results"
        },
        {
          "domain": "www.googleadservices.com",
          "link": "http://www.googleadservices.com/pagead/aclk?sa=L&ai=CAeLrJyKjVufbM4SSpAO1oYGID5uu15cF06qo9dUC0Ob6iDkIAxABYOWDgICoFpABA6ABvf6B6QPIAQGqBCdP0FJ0U9vH5607Owv7H_RmKKS6vjCU5nGabGorJlNzoBn_vyrdF1-IBgGAB6uB_haQBwOoB6a-G9gHAQ&ohost=www.google.com.mx&cid=CAASIuRo7Dn2bEArg6LP0TMtudQX_wFkFiAXAEw87HlzVcZO4sw&sig=AOD64_07u4DIy8ivRIrxyePv179iIIH82w&clui=0&q=&ved=0ahUKEwirra-_q7_KAhWHtYMKHfPJDQw4FBDRDAhS&adurl=http://www.nationalbook.org/nba_finalists_reading.html%23.Vkq4I4RR6bA",
          "link_type": "ads_main"
        }
      ]
    }
  ]
}