{
  "Origins": "On 7 November 2013, the National Report published an article positing that a Maryland middle school had recently held an \"LGBTQ Appreciation Day\" event for which children were required to cross-dress and portray a \"variety of other gay archetypes\":",
  "Fact Check": "",
  "Description": "Parents in the town of St. Leonard, MD were aghast after learning what the staff at Heritage Middle School required children to do for a passing grade. The outrage stems from an event held this past Monday, a day which the school had dubbed \"LGBTQ Appreciation Day\" instructing children to experience the homosexual lifestyle for a single school day or receive a failing grade. Students were assigned the different roles throughout LGBTQ culture. Boys were given the task of being masculine homosexuals, feminine homosexuals, cross dressers and a wide variety of other gay archetypes. The young ladies were selected to be lip stick lesbians, or butch lesbians. The students were partnered with members of the same sex and they were then made to role-played a day in the life of a gay couple. Holding hands, hugging and other innocent displays of affection were both encouraged and rewarded as extra credit by school officials. By the following day links and excerpts referencing this article were being circulated via social media, with many of those who encountered the item mistaking it for a genuine news article. However, the article was just a bit of satire from the National Report , a web site that publishes outrageous fictional stories such as \"IRS Plans to Target Leprechauns Next,\" \"Boy Scouts Announce Boobs Merit Badge,\" and \"New CDC Study Indicates Pets of Gay Couples Worse at Sports, Better at Fashion Than Pets of Straight Couples.\" The National Report 's (since removed) disclaimer page notes that: National Report is a news and political satire web publication, which may or may not use real names, often in semi-real or mostly fictitious ways. All news articles contained within National Report are fiction, and presumably fake news. Any resemblance to the truth is purely coincidental.",
  "Originally Published": "",
  "Referred Links": "http://web.archive.org/web/20130805225747/http://nationalreport.net/disclaimer/;http://nationalreport.net/maryland-middle-school-requires-children-cross-dress-lgbtq-appreciation-day/;",
  "Example": "[Collected via e-mail, November 2013] Is this true? Maryland school makes children cross dress for LGT day.",
  "Last Updated": "10 November 2013",
  "Credibility": "false",
  "URL": "www.snopes.com/politics/satire/lgbtqday.asp",
  "Claim": "A school in Maryland required children to cross-dress for a \"LGBTQ Appreciation Day\" event.",
  "Claim_ID": "politics_satire_lgbtqday",
  "Tags": "",
  "Google Results": [
    {
      "results": [
        {
          "domain": "nationalreport.net",
          "link": "http://nationalreport.net/maryland-middle-school-requires-children-cross-dress-lgbtq-appreciation-day/",
          "link_type": "results"
        },
        {
          "domain": "www.snopes.com",
          "link": "http://www.snopes.com/politics/satire/lgbtqday.asp",
          "link_type": "results"
        },
        {
          "domain": "alumniforacatholicusd.org",
          "link": "http://alumniforacatholicusd.org/contents/en-us/d219_Maryland_Middle_School_Requires_Children_To_Cross_Dress_For_%E2%80%9CLGBTQ_Appreciation_Day%E2%80%9D.html",
          "link_type": "results"
        },
        {
          "domain": "www.charismanews.com",
          "link": "http://www.charismanews.com/opinion/in-the-line-of-fire/41726-the-hoax-that-was-too-close-for-comfort",
          "link_type": "results"
        },
        {
          "domain": "www.stormfront.org",
          "link": "https://www.stormfront.org/forum/t1004216/",
          "link_type": "results"
        },
        {
          "domain": "m.facebook.com",
          "link": "https://m.facebook.com/snopes/posts/344878432323349?comment_id=1700415&offset=0&total_comments=49",
          "link_type": "results"
        },
        {
          "domain": "ebonymompolitics.wordpress.com",
          "link": "https://ebonymompolitics.wordpress.com/2013/11/09/did-a-maryland-middle-school-require-children-to-cross-dress-for-lgbtq-appreciation-day/",
          "link_type": "results"
        },
        {
          "domain": "www.rapturewatch.net",
          "link": "http://www.rapturewatch.net/apps/forums/topics/show/9460721-maryland-middle-school-requires-children-to-cross-dress-for-lgbtq-appreciation-day-",
          "link_type": "results"
        },
        {
          "domain": "www.pinterest.com",
          "link": "https://www.pinterest.com/pin/59672763786517552/",
          "link_type": "results"
        },
        {
          "domain": "www.oneplace.com",
          "link": "http://www.oneplace.com/es/ministries/in-the-line-of-fire/read/articles/the-hoax-that-was-too-close-for-comfort-15418.html",
          "link_type": "results"
        }
      ]
    },
    {
      "results": [
        {
          "domain": "www.dailykos.com",
          "link": "http://www.dailykos.com/stories/1254147/full_content",
          "link_type": "results"
        },
        {
          "domain": "www.reddit.com",
          "link": "https://www.reddit.com/r/gay/comments/1q6vr5/",
          "link_type": "results"
        },
        {
          "domain": "www.christianpost.com",
          "link": "http://www.christianpost.com/news/cross-dressing-hoax-a-little-too-close-for-comfort-108583/",
          "link_type": "results"
        },
        {
          "domain": "www.strangmail.com",
          "link": "http://www.strangmail.com/sendstudio/display.php?M=5715549&C=de7fff48fa3cbe504d22fd4458c29986&L=949&N=15651",
          "link_type": "results"
        },
        {
          "domain": "wafflesatnoon.com",
          "link": "http://wafflesatnoon.com/2013/11/10/lgbtq-appreciation-day/",
          "link_type": "results"
        },
        {
          "domain": "www.newswithviews.com",
          "link": "http://www.newswithviews.com/guest_opinion/guest292.htm",
          "link_type": "results"
        },
        {
          "domain": "www.pfaw.org",
          "link": "http://www.pfaw.org/category/organizations/charisma",
          "link_type": "results"
        },
        {
          "domain": "www.westerncounties.org",
          "link": "http://www.westerncounties.org/fwi/newsletter/0674.cfm",
          "link_type": "results"
        },
        {
          "domain": "thespokedblog.com",
          "link": "http://thespokedblog.com/2015/12/26/cross-dressing-apparel/",
          "link_type": "results"
        },
        {
          "domain": "www.bloglovin.com",
          "link": "https://www.bloglovin.com/blogs/salisbury-news-6723907/maryland-middle-school-requires-children-1869003177",
          "link_type": "results"
        },
        {
          "domain": "www.googleadservices.com",
          "link": "http://www.googleadservices.com/pagead/aclk?sa=L&ai=CPlAwFW-jVunEHoe1-QOO9ZbIDqunuMUDw_GDjb8Bifbh0McBCAAQAWDlA5ABAqABhdWX9gPIAQGqBChP0DiQ-MnjyZXitOEp7K0yKTSLT6eary1kjBNAbT0vPFAl74nc_ZNfiAYBgAfjqugJkAcDqAemvhvYBwE&ohost=www.google.com.mx&cid=CAASIuRoLye6D71KoVgvy_ApZieEGk4zd5fQZHs6iok0W2mhoyc&sig=AOD64_1Nbt6aJ-umxJ3vXNy5zaoV9Ni3Zw&clui=0&q=&ved=0ahUKEwjD-4Tu9L_KAhUX8mMKHecdBYk4ChDRDAgY&adurl=http://www.CampusPride.org",
          "link_type": "ads_main"
        },
        {
          "domain": "www.googleadservices.com",
          "link": "http://www.googleadservices.com/pagead/aclk?sa=L&ai=ClB4-FW-jVunEHoe1-QOO9ZbIDtickMUIoK2ImssChca0ygQIAxABKANg5QOQAQKgAdiIycQDyAEBqgQmT9BIxQLQ-vuk241g4-_1nR-T4izxA3fI-7jnkLGlXS8jM88Il32IBgGAB5D3tjuQBwOoB6a-G9gHAQ&ohost=www.google.com.mx&cid=CAASIuRoLye6D71KoVgvy_ApZieEGk4zd5fQZHs6iok0W2mhoyc&sig=AOD64_3f-Yjmks86BxkZXbGrV32NjsHkuA&clui=1&q=&ved=0ahUKEwjD-4Tu9L_KAhUX8mMKHecdBYk4ChDRDAhY&adurl=http://www.economist.com/events-conferences/americas/pride-2016%3Ffsrc%3Devents%7CPPUGOOGSRCH%23ec-event-overview",
          "link_type": "ads_main"
        },
        {
          "domain": "",
          "link": "/aclk?sa=L&ai=CVnFcFW-jVunEHoe1-QOO9ZbIDpLkgJcC6pqUlmL6qraDQggDEAIoA2DlA5ABAsgBAaoEKE_QGOXkyeHJleK04SnsrTJwKIl8p5qvLWSME0BtPS88USXviZHpkkWAB5Cu_hOQBwOoB6a-G9gHAQ&sig=AOD64_0pJhumWdf0OkhHVh6iE4m2tELi6w&clui=2&q=&ved=0ahUKEwjD-4Tu9L_KAhUX8mMKHecdBYk4ChDRDAhd&adurl=http://www.lambdalegal.org/know-your-rights/youth",
          "link_type": "ads_main"
        },
        {
          "domain": "",
          "link": "/aclk?sa=L&ai=CGz_yFW-jVunEHoe1-QOO9ZbIDqz7rekB_M-5ydYBt7DflxIIAxADKANg5QOQAQLIAQGqBChP0EjVsMnmyZXitOEp7K0yfk-Kdaeary1kjBNAbT0vPFAl74mxpr9CgAe8zM0TkAcDqAemvhvYBwE&sig=AOD64_2FaNYABMJjlxlPWKRU4GImBxsvIQ&clui=6&q=&ved=0ahUKEwjD-4Tu9L_KAhUX8mMKHecdBYk4ChDRDAhm&adurl=http://www.leadwithlovefilm.com",
          "link_type": "ads_main"
        }
      ]
    },
    {
      "results": [
        {
          "domain": "www.cyclopaedia.info",
          "link": "http://www.cyclopaedia.info/wiki/Crossdress",
          "link_type": "results"
        }
      ]
    }
  ]
}