{
  "Origins": "Much of our output here at snopes.com is \"debunkings\" of satire, fake news, and April Fool's jokes, so it's not surprising that we've often been the subject of the same type of material. Unfortunately, that material has been generally unimaginative and samey, typically some jape claiming we've been \"arrested\" or \"raided\" or \"debunked\" (or even \"debunked\" ourselves).",
  "Fact Check": "",
  "Description": "A case in point was a 29 March 2008 (note that date, which falls just before April Fool's day) article from the satirical site The Daily Squib reporting that our (non-existent) Los Angeles offices had been \"raided\" by the FBI: Snopes.com the Urban Legend reference website was raided by the FBI in a massive operation yesterday. The Urban Legend website that sets to debunk many internet stories was yesterday raided by thousands of FBI agents in a dawn swoop that took the owners by surprise. The offices for Snopes were housed in a disused warehouse near La Cienega and their location moved every week for the past few years. \"We could not trace where the Snopes people held their servers because they would move them every week. It is very hard for law enforcement to track down and bring to justice such sites,\" Lieutenant Bill Rapaport told the Daily Squib. Snopes who have claimed to be the upholders of all truth on the internet are actually a bunch of hoaxers who operate out of disused warehouses. It seems that they played on the fact that most Americans have to have everything explained to them and have no understanding of pathos or rhetoric. Snopes.com has been fooling American internet users for years and exploiting the premise that many of the population are not able to establish fiction from fact. The owners of the offending website were marched away by a troupe of FBI agents after a protracted gunfight that lasted all of 14 hours. The Daily Squib 's footer describing the publication as a \"curious satirical newspaper offering spoof news\" should be enough for anyone to know the above-referenced article is just a joke. If not, consider that the work we do here at snopes.com has been profiled by such national (and international) news sources as CNN, NPR, the Washington Post , the New York Times , the Los Angeles Times , and the BBC. If we had been \"raided,\" \"arrested,\" \"shut down by the government,\" or anything similar, you'd be hearing about if from those news sites, not reading about it on some guy's blog or a single obscure web site.",
  "Originally Published": "",
  "Referred Links": "http://www.donotlink.com/gaxh;",
  "Example": "[Collected via e-mail, March 2008] Is this true? \"Snopes.com the Urban Legend reference website was raided by the FBI in a massive operation yesterday.\"",
  "Last Updated": "13 September 2010",
  "Credibility": "false",
  "URL": "www.snopes.com/politics/satire/fbiraid.asp",
  "Claim": "The staff of snopes.com were arrested after a law enforcement raid.",
  "Claim_ID": "politics_satire_fbiraid",
  "Tags": "",
  "Google Results": [
    {
      "results": [
        {
          "domain": "www.snopes.com",
          "link": "http://www.snopes.com/politics/satire/fbiraid.asp",
          "link_type": "results"
        },
        {
          "domain": "www.snopes.com",
          "link": "http://www.snopes.com/Politics/satire/satire.asp",
          "link_type": "results"
        },
        {
          "domain": "www.snopes.com",
          "link": "http://www.snopes.com/2015/07/07/jared-fogle-raid/",
          "link_type": "results"
        },
        {
          "domain": "www.snopes.com",
          "link": "http://www.snopes.com/horrors/cannibal/nigeria.asp",
          "link_type": "results"
        },
        {
          "domain": "www.snopes.com",
          "link": "http://www.snopes.com/rachel-hoffman/",
          "link_type": "results"
        },
        {
          "domain": "thepeoplescube.com",
          "link": "http://thepeoplescube.com/peoples-blog/snopes-com-ceo-arrested-on-charges-of-fraud-and-corruption-t16805.html",
          "link_type": "results"
        },
        {
          "domain": "en.wikipedia.org",
          "link": "https://en.wikipedia.org/wiki/Swatting",
          "link_type": "results"
        },
        {
          "domain": "thefreethoughtproject.com",
          "link": "http://thefreethoughtproject.com/police-11-arrests-seize-190-pounds-unlicensed-ginseng-30000-cash/",
          "link_type": "results"
        },
        {
          "domain": "www.huffingtonpost.com",
          "link": "http://www.huffingtonpost.com/2013/08/15/texas-swat-team-conducts-_n_3764951.html",
          "link_type": "results"
        },
        {
          "domain": "fellowshipoftheminds.com",
          "link": "http://fellowshipoftheminds.com/2015/08/22/dont-fall-for-the-snopes-ceo-arrested-for-fraud-story/",
          "link_type": "results"
        }
      ]
    },
    {
      "results": [
        {
          "domain": "whatreallyhappened.com",
          "link": "http://whatreallyhappened.com/category/current_events",
          "link_type": "results"
        },
        {
          "domain": "www.chicagotribune.com",
          "link": "http://www.chicagotribune.com/suburbs/post-tribune/news/",
          "link_type": "results"
        },
        {
          "domain": "www.arlingtoncardinal.com",
          "link": "http://www.arlingtoncardinal.com/2015/11/snopes-caliph-aint-claim-that-there-are-no-no-go-zones-in-france-false/",
          "link_type": "results"
        },
        {
          "domain": "ktla.com",
          "link": "http://ktla.com/2015/06/11/video-of-santa-ana-police-pot-shop-raid-shows-officers-eating-edibles-attorney-says/",
          "link_type": "results"
        },
        {
          "domain": "www.opposingviews.com",
          "link": "http://www.opposingviews.com/i/world/tel-restaurant-anambra-nigeria-has-been-shuttered-authorities-serving-human-flesh-according-",
          "link_type": "results"
        },
        {
          "domain": "www.msn.com",
          "link": "http://www.msn.com/en-us/news",
          "link_type": "results"
        },
        {
          "domain": "newobserveronline.com",
          "link": "http://newobserveronline.com/isis-terrorist-arrested-in-stuttgart-refugee-center-boxes-of-fake-syrian-passports-intercepted/",
          "link_type": "results"
        },
        {
          "domain": "www.nbcnews.com",
          "link": "http://www.nbcnews.com/id/44043847/ns/world_news-south_and_central_asia/t/us-troops-mostly-elite-navy-seals-killed-afghanistan/",
          "link_type": "results"
        },
        {
          "domain": "www.thedailybeast.com",
          "link": "http://www.thedailybeast.com/articles/2015/07/14/the-real-story-behind-that-shady-planned-parenthood-video.html",
          "link_type": "results"
        },
        {
          "domain": "m.facebook.com",
          "link": "https://m.facebook.com/snopes/posts/671406633003859?comment_id=671408093003713&reply_comment_id=671482116329644&total_comments=2&comment_tracking=%7B%22tn%22%3A%22R9%22%7D",
          "link_type": "results"
        }
      ]
    },
    {
      "results": [
        {
          "domain": "www.reddit.com",
          "link": "https://www.reddit.com/r/ProtectAndServe/comments/3ew66j/free_inhabitant_claims_she_can_not_be_arrested",
          "link_type": "results"
        },
        {
          "domain": "www.clarionledger.com",
          "link": "http://www.clarionledger.com/story/news/local/2015/12/15/gang-offensive-underway-north-miss/77349156/",
          "link_type": "results"
        },
        {
          "domain": "www.motherjones.com",
          "link": "http://www.motherjones.com/environment/2009/08/secret-history-hurricane-katrina",
          "link_type": "results"
        },
        {
          "domain": "www.newschannel10.com",
          "link": "http://www.newschannel10.com/story/28603897/isis-releases-kill-list-seven-texas-cities-included",
          "link_type": "results"
        },
        {
          "domain": "www.dailymail.co.uk",
          "link": "http://www.dailymail.co.uk/news/article-3371236/George-Pickering-II-standoff-Tomball-Regional-Medical-Center-Houston-brain-dead-son.html",
          "link_type": "results"
        },
        {
          "domain": "truthinmedia.com",
          "link": "http://truthinmedia.com/exclusive-cops-raid-cannabis-oil-activist-because-her-son-discussed-medical-pot-facts-at-school/",
          "link_type": "results"
        },
        {
          "domain": "www.theburningplatform.com",
          "link": "http://www.theburningplatform.com/2014/09/09/dozens-of-indiana-residents-arrested-for-harvesting-ginseng-plants-too-early/",
          "link_type": "results"
        },
        {
          "domain": "akdart.com",
          "link": "http://akdart.com/med7.html",
          "link_type": "results"
        },
        {
          "domain": "www.wtvm.com",
          "link": "http://www.wtvm.com/story/30006293/social-media-post-creates-panic-for-parents-ahead-of-911",
          "link_type": "results"
        },
        {
          "domain": "www.npr.org",
          "link": "http://www.npr.org/sections/therecord/2011/08/31/140090116/why-gibson-guitar-was-raided-by-the-justice-department",
          "link_type": "results"
        }
      ]
    }
  ]
}