{
  "Origins": "On 21 May 2014, the National Report published an article positing that scientists have discovered solar panels are draining the sun's energy:",
  "Fact Check": "",
  "Description": "By the following day links and excerpts referencing this article were being circulated via social media, with many of those who encountered the item mistaking it for a genuine news article. However, the article was just a bit of satire from the National Report , a web site that publishes outrageous fictional stories such as \"IRS Plans to Target Leprechauns Next,\" \"Boy Scouts Announce Boobs Merit Badge,\" and \"New CDC Study Indicates Pets of Gay Couples Worse at Sports, Better at Fashion Than Pets of Straight Couples.\" The National Report 's (since removed) disclaimer page previously noted that \"all news articles contained within National Report are fiction\": National Report is a news and political satire web publication, which may or may not use real names, often in semi-real or mostly fictitious ways. All news articles contained within National Report are fiction, and presumably fake news. Any resemblance to the truth is purely coincidental.",
  "Originally Published": "",
  "Referred Links": "http://nationalreport.net/solar-panels-drain-suns-energy-experts-say/;",
  "Example": "[Collected via e-mail, May 2014] Just saw this posted on Facebook today that solar panels drain the sun's energy. Can you please comment?",
  "Last Updated": "25 May 2014",
  "Credibility": "false",
  "URL": "www.snopes.com/Politics/satire/solarpanels.asp",
  "Claim": "Scientists have discovered that solar panels drain the sun's energy.",
  "Claim_ID": "Politics_satire_solarpanels",
  "Tags": "",
  "Google Results": [
    {
      "results": [
        {
          "domain": "nationalreport.net",
          "link": "http://nationalreport.net/solar-panels-drain-suns-energy-experts-say/",
          "link_type": "results"
        },
        {
          "domain": "www.politifact.com",
          "link": "http://www.politifact.com/truth-o-meter/statements/2014/may/29/chain-email/claim-solar-panels-drain-suns-energy-are-satire-no/",
          "link_type": "results"
        },
        {
          "domain": "www.ibtimes.co.uk",
          "link": "http://www.ibtimes.co.uk/solar-panels-drain-suns-energy-declared-hoax-1449894",
          "link_type": "results"
        },
        {
          "domain": "www.naturalnews.com",
          "link": "http://www.naturalnews.com/045386_solar_panels_suns_energy_science_education.html",
          "link_type": "results"
        },
        {
          "domain": "www.iflscience.com",
          "link": "http://www.iflscience.com/environment/solar-farm-rejected-over-fears-it-could-drain-sun-cause-cancer",
          "link_type": "results"
        },
        {
          "domain": "www.iflscience.com",
          "link": "http://www.iflscience.com/environment/no-solar-panels-will-not-drain-suns-energy",
          "link_type": "results"
        },
        {
          "domain": "www.snopes.com",
          "link": "http://www.snopes.com/politics/satire/solarpanels.asp",
          "link_type": "results"
        },
        {
          "domain": "sg.answers.yahoo.com",
          "link": "https://sg.answers.yahoo.com/question/index?qid=20160121145051AATwoVl",
          "link_type": "results"
        },
        {
          "domain": "www.discovery.com",
          "link": "http://www.discovery.com/dscovrd/tech/town-rejects-solar-panels-that-would-suck-up-all-the-energy-from-the-sun/",
          "link_type": "results"
        },
        {
          "domain": "www.intellihub.com",
          "link": "https://www.intellihub.com/public-believes-solar-panels-will-drain-suns-energy/",
          "link_type": "results"
        }
      ]
    },
    {
      "results": [
        {
          "domain": "tbbtc.org",
          "link": "https://tbbtc.org/html/question/environment/lVowTAA15054112106102.html",
          "link_type": "results"
        },
        {
          "domain": "reverbpress.com",
          "link": "http://reverbpress.com/discovery/science/solar-energy-farm-rejected-nc/",
          "link_type": "results"
        },
        {
          "domain": "www.facebook.com",
          "link": "https://www.facebook.com/snopes/posts/444794508998407",
          "link_type": "results"
        },
        {
          "domain": "www.news.com.au",
          "link": "http://www.news.com.au/technology/environment/north-carolina-town-petrified-over-solar-panels-accused-of-being-the-dumbest-in-us/news-story/93c84889b4c50b73d0b1e01e3ae08249",
          "link_type": "results"
        },
        {
          "domain": "www.ign.com",
          "link": "http://www.ign.com/boards/threads/solar-panels-drain-the-sun%E2%80%99s-energy-experts-say.454007389/",
          "link_type": "results"
        },
        {
          "domain": "lockerdome.com",
          "link": "https://lockerdome.com/nationalreport/6637781594278932",
          "link_type": "results"
        },
        {
          "domain": "www.newscientist.com",
          "link": "https://www.newscientist.com/article/mg22329761-200-feedback-do-solar-cells-suck-sun/",
          "link_type": "results"
        },
        {
          "domain": "www.themarysue.com",
          "link": "http://www.themarysue.com/people-are-gullible-idiots/",
          "link_type": "results"
        },
        {
          "domain": "www.provedplusprobable.com",
          "link": "http://www.provedplusprobable.com/solar-power-discovered-to-be-draining-the-sun/",
          "link_type": "results"
        },
        {
          "domain": "nyfirearms.com",
          "link": "http://nyfirearms.com/forums/off-topic/79831-solar-panels-will-drain-suns-energy.html",
          "link_type": "results"
        },
        {
          "domain": "",
          "link": "/aclk?sa=l&ai=CtI7VnG6jVv35LoqcpgOk64aoDJS_rs0HrMWu16ICm6TbCwgAEAEoA2Dlg4CAqBaQAQKgAfy0gMADyAEBqQITszKkdSBtPqoEKU_Qt8Gp1Sl4edavsXfZQaYWH1OogEE7mknh9x-WGOADO3JQHUixM1nngAfsyv8_kAcDqAemvhvYBwE&sig=AOD64_1AlBTPfsW6CuwqGGH6rV9KEf2Nsg&clui=0&q=&ved=0ahUKEwjW0ru09L_KAhXrvIMKHSSdD7E4ChDRDAgY&adurl=http://inbrotek.com/paneles-solares-b/",
          "link_type": "ads_main"
        },
        {
          "domain": "",
          "link": "/aclk?sa=L&ai=CUWm5nG6jVv35LoqcpgOk64aoDI-_jrgFt6Cbo54BrqK2tkQIABACKANg5YOAgKgWkAECyAEBqgQnT9CXiVrBM0lJ75Yw9dqIbPM1SWY2m0TcCCpKHXjtFOA4AEZ6rYvKgAfXt_oLkAcDqAemvhvYBwE&sig=AOD64_0II9RyFk2Fd29GQr_H4aLFua8fFA&clui=1&q=&ved=0ahUKEwjW0ru09L_KAhXrvIMKHSSdD7E4ChDRDAgd&adurl=http://greenempowerment.org/",
          "link_type": "ads_main"
        },
        {
          "domain": "",
          "link": "/aclk?sa=L&ai=CTRs8nG6jVv35LoqcpgOk64aoDJXs5u8Grda2o9kB4IziDggAEAMoA2Dlg4CAqBaQAQLIAQGqBCVP0KfOR8EySUnvlnj1fpmcMmqfR9XjiOt8e1PymmnkAz4NswBngAeV9qQpkAcDqAemvhvYBwE&sig=AOD64_3J_pcW_jLw9WiZO-kxIe6jaWNjwg&clui=2&q=&ved=0ahUKEwjW0ru09L_KAhXrvIMKHSSdD7E4ChDRDAgi&adurl=http://energyshouldbe.org/100-in-20.html",
          "link_type": "ads_main"
        },
        {
          "domain": "",
          "link": "/aclk?sa=L&ai=CAb_inG6jVv35LoqcpgOk64aoDLfRjs8I59vd5sgC7bCcuAIIAxABKAJg5YOAgKgWkAECyAEBqQITszKkdSBtPqoEJU_Qp_Xd3Sl9edevsT_Z3_a6z0U4k6JDVn6VpgZ5-uQDPk-QVA2AB4_trEKQBwOoB6a-G9gHAQ&sig=AOD64_1C3uBtm0Ku8I6ocR4Nlxjn4_Bbgw&clui=3&q=&ved=0ahUKEwjW0ru09L_KAhXrvIMKHSSdD7E4ChDRDAhm&adurl=http://panelsolar.solar/",
          "link_type": "ads_main"
        },
        {
          "domain": "",
          "link": "/aclk?sa=L&ai=CFn26nG6jVv35LoqcpgOk64aoDObL858CtqKg1JoB6fnSdggDEAIoAmDlg4CAqBaQAQLIAQGqBChP0LftW8E0SUnvljD12ohsonBTbjabRNwIKkodeO0U4KjwoPuwuyejgAeOod4fkAcDqAemvhvYBwE&sig=AOD64_3sjX2iP5TYeyBZy2XakYy1LZ6DDA&clui=4&q=&ved=0ahUKEwjW0ru09L_KAhXrvIMKHSSdD7E4ChDRDAhr&adurl=http://www.clean-coalition.org/resource/the-resource-hub/",
          "link_type": "ads_main"
        }
      ]
    },
    {
      "results": [
        {
          "domain": "www.ibtimes.co.in",
          "link": "http://www.ibtimes.co.in/hoax-busted-fake-story-about-how-solar-panels-drain-suns-energy-goes-viral-601145",
          "link_type": "results"
        },
        {
          "domain": "www.imediaethics.org",
          "link": "http://www.imediaethics.org/solar-panels-not-draining-sun-mit-science-blog-duped-by-satire-story/",
          "link_type": "results"
        },
        {
          "domain": "www.huffingtonpost.com",
          "link": "http://www.huffingtonpost.com/entry/solar-farm-suck-up-the-sun_566e9aeee4b0e292150e5d66",
          "link_type": "results"
        },
        {
          "domain": "www.godlikeproductions.com",
          "link": "http://www.godlikeproductions.com/forum1/message2557105/pg1",
          "link_type": "results"
        },
        {
          "domain": "www.solarsquadnc.com",
          "link": "http://www.solarsquadnc.com/solar-panels-drain-the-sun-satire/",
          "link_type": "results"
        },
        {
          "domain": "www.offgridworld.com",
          "link": "https://www.offgridworld.com/town-rejects-solar-panels-because-they-suck-up-all-the-suns-energy/",
          "link_type": "results"
        },
        {
          "domain": "www.reddit.com",
          "link": "https://www.reddit.com/r/shittyaskscience/comments/3ju9h8/if_solar_panels_use_energy_from_the_sun_does_that/",
          "link_type": "results"
        },
        {
          "domain": "www.democraticunderground.com",
          "link": "http://www.democraticunderground.com/10025023584",
          "link_type": "results"
        },
        {
          "domain": "rccatalyst.com",
          "link": "http://rccatalyst.com/?p=33962",
          "link_type": "results"
        },
        {
          "domain": "www.express.co.uk",
          "link": "http://www.express.co.uk/news/nature/576454/UFO-monster-ship-draining-solar-power-Sun-NASA-footage",
          "link_type": "results"
        },
        {
          "domain": "",
          "link": "/aclk?sa=L&ai=C7Hyqnm6jVvvaFYLppAO5xqLABcnuyosH6f-TwN8BkMSsBwgDEAFg5YOAgKgWkAEDyAEBqgQmT9BEusvPujkEU9jiyAf6i5BXZwddOo0_TSJNf7okR0nTVCfZ4oKAB9n5vzSQBwOoB6a-G9gHAQ&sig=AOD64_32fyHue6po9Q306Ae9uekAA80G6A&clui=0&q=&ved=0ahUKEwjQ25y19L_KAhXExIMKHSNBCFw4FBDRDAhb&adurl=https://energypedia.info/wiki/Portal:Solar",
          "link_type": "ads_main"
        }
      ]
    }
  ]
}