{
  "Origins": "Jason Derfuss, a 21-year-old student at Florida State University (FSU), barely escaped injury during a shooting that took place at that school on the morning of 20 November 2014. According to a reddit post by Derfuss, he was the \"initial target of the gunman\" who opened fire at FSU as Derfuss was leaving the school's Strozier Library, but the bullet that came his way passed through his backpack and lodged in one of his books a circumstance Derfuss didn't notice until after he had returned home:",
  "Fact Check": "",
  "Description": "Derfuss also recounted his experience for WESH television news: \"I heard what was unmistakably a gunshot behind me, and initially I kind of tried to rationalize it as a firecracker, but I knew exactly what it was,\" said Jason Derfuss, an FSU student. \"He gunned down another student right in front of me about 50 feet away.\" Derfuss said the gunman also fired several gunshots at him, but the books in his backpack stopped the bullets from striking his body. Derfuss posted another account of the shooting (quoted in the Example block above) to his Facebook page along with multiple photos of his backpack and bullet-ridden book, including the following:",
  "Originally Published": "",
  "Referred Links": "https://www.facebook.com/jason.derfuss/posts/10202955135225363?pnref=story;http://www.reddit.com/user/thejasond123;",
  "Example": "[Collected via e-mail, November 2014] Earlier tonight there was a shooting at FSU, right as I was leaving Strozier. I didn't know this at the time, but the Shooter targeted me first. The shot I heard behind me I did not feel, nor did it hit me at all. He was about 5 feet from me, but he hit my books. Books one minute earlier I had checked out of the library, books that should not have stopped the bullet. But they did. I learned this about 3 hours after it happened, I never thought to check my bag. I assumed I wasn't a target, I assumed I was fine. The truth is I was almost killed tonight and God intervened. I know conceptually He can do all things, but to physically witness the impossible and to be surrounded by such grace is indescribable. To God be the glory, forever and ever, Amen.",
  "Last Updated": "20 November 2014",
  "Credibility": "true",
  "URL": "www.snopes.com/politics/guns/jasonderfuss.asp",
  "Claim": "FSU student Jason Derfuss survived a campus shooting after a bullet intended for him lodged in a book he was carrying in his backpack.",
  "Claim_ID": "politics_guns_jasonderfuss",
  "Tags": "",
  "Google Results": [
    {
      "results": [
        {
          "domain": "www.snopes.com",
          "link": "http://www.snopes.com/politics/guns/jasonderfuss.asp",
          "link_type": "results"
        },
        {
          "domain": "www.tallahassee.com",
          "link": "http://www.tallahassee.com/story/news/local/2014/11/20/fsu-student-survives-shooting-after-bullet-lodges-in-books/19323115/",
          "link_type": "results"
        },
        {
          "domain": "www.wtsp.com",
          "link": "http://www.wtsp.com/story/news/local/florida/2014/11/20/fsu-shooting-bullet-lodges-in-book/19324821/",
          "link_type": "results"
        },
        {
          "domain": "www.facebook.com",
          "link": "https://www.facebook.com/snopes/posts/547867175357806",
          "link_type": "results"
        },
        {
          "domain": "www.facebook.com",
          "link": "https://www.facebook.com/snopes/posts/547867175357806?comment_id=547960208681836&offset=0&total_comments=4",
          "link_type": "results"
        },
        {
          "domain": "www.nbcnews.com",
          "link": "http://www.nbcnews.com/news/us-news/fsu-student-jason-derfuss-saved-book-bag-campus-shooting-n252536",
          "link_type": "results"
        },
        {
          "domain": "polska.euweb.cz",
          "link": "http://polska.euweb.cz/index.php?server=337&strona=153",
          "link_type": "results"
        },
        {
          "domain": "groups.google.com",
          "link": "https://groups.google.com/d/topic/christiansunchained/oh4PTo8a77U",
          "link_type": "results"
        },
        {
          "domain": "camelopardid2.rssing.com",
          "link": "http://camelopardid2.rssing.com/chan-1192507/all_p117.html",
          "link_type": "results"
        },
        {
          "domain": "www.theblaze.com",
          "link": "http://www.theblaze.com/page/522/?post_type=story&game=pangousa%2F20-drivers-who-parked-like-an-idiot-but-didn-t-get-away-with-it",
          "link_type": "results"
        }
      ]
    },
    {
      "results": [
        {
          "domain": "www.reddit.com",
          "link": "https://www.reddit.com/r/pics/comments/2mvza2/fsu_student_found_this_bullet_in_his_backpack/?limit=500",
          "link_type": "results"
        },
        {
          "domain": "www.sjpba.net",
          "link": "http://www.sjpba.net/Farsider/120414.htm",
          "link_type": "results"
        },
        {
          "domain": "issuu.com",
          "link": "http://issuu.com/blackpress/docs/i20141121060051899",
          "link_type": "results"
        },
        {
          "domain": "article.wn.com",
          "link": "http://article.wn.com/view/2014/11/20/Balacera_en_Universidad_de_Florida_deja_un_muerto_y_tres_her/",
          "link_type": "results"
        },
        {
          "domain": "cyrkonowy.laohost.net",
          "link": "http://cyrkonowy.laohost.net/przykladowa-strona/",
          "link_type": "results"
        },
        {
          "domain": "forahn.com",
          "link": "http://forahn.com/h/a9443/home.php?go=pds_list&pds_type=5&start=0&num=1221&s_key1=&s_que=",
          "link_type": "results"
        },
        {
          "domain": "www.bloglovin.com",
          "link": "https://www.bloglovin.com/blogs/new-urban-legends-8620213/bullet-anoints-3790417631",
          "link_type": "results"
        },
        {
          "domain": "tagloom.com",
          "link": "https://tagloom.com/tag/fsushooting",
          "link_type": "results"
        },
        {
          "domain": "tagloom.com",
          "link": "https://tagloom.com/tag/jasonderfuss",
          "link_type": "results"
        },
        {
          "domain": "tagloom.com",
          "link": "https://tagloom.com/post/OwkFHa4_yYQ",
          "link_type": "results"
        }
      ]
    }
  ]
}