{
  "Origins": "On 4 May 2004, a campaign swing through the Midwest saw President Bush visiting Lebanon, Ohio, where as he worked the crowd outside the Golden Lamb (the state's oldest inn) he was photographed giving a comforting hug to 15-year-old Ashley Faulkner, whose mother was killed in the September 11 terrorist attacks on the U.S. The moment was captured with a digital camera by Ashley's father, Lynn Faulkner. (Ashley's mother, Wendy Ruth Faulkner , a vice president of a risk management and insurance brokerage company, was working in the South Tower of the World Trade Center on September 11 and did not suvive the collapse of the building.)",
  "Fact Check": "",
  "Description": "An editorial about the story behind the photograph can be found at the Washington Dispatch web site, which also includes a page of reader-submitted commentary about the story. Additional information: Bush Pauses to Comfort Teen (Cincinnati Enquirer)",
  "Originally Published": "",
  "Referred Links": "http://www.enquirer.com/editions/2004/05/06/loc_moment06.html;http://web.archive.org/web/20040630224931/http://washingtondispatch.com/page2/archives/000193.html;http://web.archive.org/web/20040611123319/http://www.washingtondispatch.com/opinion/article_9003.shtml;http://www.wendyfoundation.org/pages/659613/;http://web.archive.org/web/20040611123319/http://www.washingtondispatch.com/opinion/article_9003.shtml;",
  "Example": "[The Washington Dispatch, 2004] Bush Photo with Teen Shows Conviction and Compassion It started out as a fluke. Lynn Faulkner had been offered an extra ticket to a Bush campaign event by his neighbor Linda Prince. Mr. Faulkner decided to offer it to his 15-year old daughter Ashley who he expected would decline, as she would have to miss some school to attend. But his daughter surprised him. Ashley reminded her dad how four years ago they attended a similar event when then Texas Governor George W. Bush visited the same spot on the campaign trail. Ashley remembered attending that event with both her father and her mother Wendy Faulkner. It was raining that day and they all stood in the rain awaiting Governor Bush \"eating Triscuit crackers\" enjoying the time together and hoping to get a glimpse of the would-be president. Ashley recalled holding her mothers hand as they waited. So she decided to go again this year, but this time her mother could not attend. Wendy Faulkner was murdered on 9/11/01 in the south tower of the World Trade Center. She was there on the 104th floor for a one-day meeting. Ashley decided to miss school in honor and remembrance of her mother and attend the event. [Rest of article here.]",
  "Last Updated": "13 August 2007",
  "Credibility": "true",
  "URL": "www.snopes.com/politics/bush/faulkner.asp",
  "Claim": "Photograph shows President Bush hugging the daughter of a 9/11 victim.",
  "Claim_ID": "politics_bush_faulkner",
  "Tags": "",
  "Google Results": [
    {
      "results": [
        {
          "domain": "www.snopes.com",
          "link": "http://www.snopes.com/politics/bush/faulkner.asp",
          "link_type": "results"
        },
        {
          "domain": "www.bukoza.eu",
          "link": "http://www.bukoza.eu/politics/bus__h/bush.asp/dpx7hj4prcq54aw5mnm4h",
          "link_type": "results"
        },
        {
          "domain": "www.enquirer.com",
          "link": "http://www.enquirer.com/editions/2004/05/06/loc_moment06.html",
          "link_type": "results"
        },
        {
          "domain": "www.ig.state.ny.us",
          "link": "http://www.ig.state.ny.us/geydinzuhaxdc4bu",
          "link_type": "results"
        },
        {
          "domain": "www.pinterest.com",
          "link": "https://www.pinterest.com/pin/521713938054444017/",
          "link_type": "results"
        },
        {
          "domain": "www.dailymail.co.uk",
          "link": "http://www.dailymail.co.uk/news/article-2630088/George-W-Bush-skipped-9-11-museum-dedication-spend-Thursday-Medal-Honor-winners.html",
          "link_type": "results"
        },
        {
          "domain": "www.dailymail.co.uk",
          "link": "http://www.dailymail.co.uk/news/article-2020215/President-Bush-explains-blank-face-told-9-11-attacks.html",
          "link_type": "results"
        },
        {
          "domain": "www.leatherneck.com",
          "link": "http://www.leatherneck.com/forums/showthread.php?15201-President-Bush",
          "link_type": "results"
        },
        {
          "domain": "www.democraticunderground.com",
          "link": "http://www.democraticunderground.com/discuss/duboard.php?az=view_all&address=132x2178267",
          "link_type": "results"
        },
        {
          "domain": "freerepublic.com",
          "link": "http://freerepublic.com/focus/f-chat/1153447/posts",
          "link_type": "results"
        }
      ]
    },
    {
      "results": [
        {
          "domain": "www.dailymail.co.uk",
          "link": "http://www.dailymail.co.uk/news/article-3174018/Never-seen-pictures-inside-White-House-9-11-Bush-Cheney-immediate-aftermath-Twin-Towers-terror-attack.html",
          "link_type": "results"
        },
        {
          "domain": "www.dailymail.co.uk",
          "link": "http://www.dailymail.co.uk/news/article-2764380/Anything-morning-Declassified-documents-George-Bush-s-eerily-uneventful-security-briefing-just-minutes-plane-hit-Twin-Towers-9-11.html",
          "link_type": "results"
        },
        {
          "domain": "www.dailymail.co.uk",
          "link": "http://www.dailymail.co.uk/news/article-2631253/Former-President-George-W-Bush-skipped-9-11-museum-dedication-event-wouldve-emotional.html",
          "link_type": "results"
        },
        {
          "domain": "www.democraticunderground.com",
          "link": "http://www.democraticunderground.com/discuss/duboard.php?az=view_all&address=104x4466867",
          "link_type": "results"
        },
        {
          "domain": "www.telegraph.co.uk",
          "link": "http://www.telegraph.co.uk/news/worldnews/northamerica/usa/11762388/New-photographs-show-George-W-Bush-Dick-Cheney-and-Condoleezza-Rice-reacting-to-911.html",
          "link_type": "results"
        },
        {
          "domain": "www.redstate.com",
          "link": "http://www.redstate.com/diary/smagar/2009/01/15/breitweiser-but-no-burlingame-equals-bias-at-usa-today/",
          "link_type": "results"
        },
        {
          "domain": "opinionator.blogs.nytimes.com",
          "link": "http://opinionator.blogs.nytimes.com/2009/01/25/mirror-mirror-on-the-wall/",
          "link_type": "results"
        },
        {
          "domain": "www.mrmarketishuge.com",
          "link": "http://www.mrmarketishuge.com/printthread.php?t=1486&pp=10&page=209",
          "link_type": "results"
        },
        {
          "domain": "www.nbcnews.com",
          "link": "http://www.nbcnews.com/id/42853022/ns/world_news-death_of_bin_laden/t/bush-victims-world-leaders-react-bin-ladens-death/",
          "link_type": "results"
        },
        {
          "domain": "www.today.com",
          "link": "http://www.today.com/id/44325145/ns/today-today_news/t/cheney-i-dont-think-iraq-war-hurt-us-reputation/",
          "link_type": "results"
        }
      ]
    },
    {
      "results": [
        {
          "domain": "www.theguardian.com",
          "link": "http://www.theguardian.com/world/blog/2011/may/05/osama-bin-laden-death-aftermath",
          "link_type": "results"
        },
        {
          "domain": "www.slate.com",
          "link": "http://www.slate.com/articles/news_and_politics/politics/2010/04/the_unhuggables.html",
          "link_type": "results"
        },
        {
          "domain": "www.cnn.com",
          "link": "http://www.cnn.com/2011/US/05/05/new.york.obama.ground.zero/",
          "link_type": "results"
        },
        {
          "domain": "www.usatoday.com",
          "link": "http://www.usatoday.com/news/nation/story/2011-09-02/How-911-changed-us-Person-by-person/50246434/1",
          "link_type": "results"
        },
        {
          "domain": "911research.wtc7.net",
          "link": "http://911research.wtc7.net/cache/sept11/cbs_presidentsstory.html",
          "link_type": "results"
        },
        {
          "domain": "www.buzzfeed.com",
          "link": "http://www.buzzfeed.com/gabrielsanchez/the-most-powerful-pictures-in-american-history",
          "link_type": "results"
        },
        {
          "domain": "www.academia.edu",
          "link": "http://www.academia.edu/182483/Picturing_America_s_War_on_Terrorism_in_Afghanistan_and_Iraq_Photographic_Motifs_as_News_Frames",
          "link_type": "results"
        },
        {
          "domain": "framework.latimes.com",
          "link": "http://framework.latimes.com/2011/09/10/the-world-observes-the-10-year-anniversary-of-sept-11/",
          "link_type": "results"
        },
        {
          "domain": "metro.co.uk",
          "link": "http://metro.co.uk/2011/09/11/barack-obama-pays-tribute-to-911-victims-at-ground-zero-service-145377/",
          "link_type": "results"
        },
        {
          "domain": "tossjuit.fr.gd",
          "link": "http://tossjuit.fr.gd/george-w-bush-911-quotes.htm",
          "link_type": "results"
        }
      ]
    }
  ]
}