{
  "Origins": "On 21 October 2013, the Daily Currant published an article positing that thousands of people who had used the \"Obamacare\" federal insurance exchange web site to find health coverage plans had accidentally been entered into a government sex offender registry:",
  "Fact Check": "",
  "Description": "By the end of the day links and excerpts referencing this article were being circulated via social media, with many of those who encountered it mistaking it for a genuine news item. However, the article was just a bit of political humor from the Daily Currant that spoofed the multiple technical problems users encountered with the online federal health insurance exchange after that system was launched on the web at the beginning of October 2013. As noted in the Daily Currant 's \" About \" page, that web site deals strictly in satire: The Daily Currant is an English language online satirical newspaper that covers global politics, business, technology, entertainment, science, health and media. Q. Are your news stories real? A. No. Our stories are purely fictional. However they are meant to address real-world issues through satire and often refer and link to real events happening in the world.",
  "Originally Published": "",
  "Referred Links": "http://dailycurrant.com/about/;http://www.usatoday.com/story/news/nation/2013/10/16/exchanges-two-weeks-in/2989723/;http://dailycurrant.com/2013/10/21/obamacare-website-accidentally-enrolls-thousands-in-sex-offender-registry-2/;",
  "Example": "[Collected via e-mail, October 2013] Is the Obamacare sex offender registry story true?",
  "Last Updated": "23 October 2013",
  "Credibility": "false",
  "URL": "www.snopes.com/Politics/satire/registry.asp",
  "Claim": "The federal insurance exchange web site accidentally entered thousands of people into a sex offender registry.",
  "Claim_ID": "Politics_satire_registry",
  "Tags": "",
  "Google Results": [
    {
      "results": [
        {
          "domain": "www.snopes.com",
          "link": "http://www.snopes.com/politics/satire/registry.asp",
          "link_type": "results"
        },
        {
          "domain": "www.facebook.com",
          "link": "https://www.facebook.com/snopes/posts/336388069839052",
          "link_type": "results"
        },
        {
          "domain": "the45thsurg.freeservers.com",
          "link": "http://the45thsurg.freeservers.com/A_I_WANT_THE_TRUTH.html",
          "link_type": "results"
        },
        {
          "domain": "www.perspectives.com",
          "link": "http://www.perspectives.com/forums/viewtopic.php?f=5&t=252619&start=25",
          "link_type": "results"
        },
        {
          "domain": "freerepublic.com",
          "link": "http://freerepublic.com/tag/sexoffender/index",
          "link_type": "results"
        },
        {
          "domain": "travel.state.gov",
          "link": "http://travel.state.gov/content/passports/en/country/mexico.html",
          "link_type": "results"
        },
        {
          "domain": "legal-dictionary.thefreedictionary.com",
          "link": "http://legal-dictionary.thefreedictionary.com/Sex+Offenses",
          "link_type": "results"
        },
        {
          "domain": "californiarsol.org",
          "link": "http://californiarsol.org/2014/02/international-travel-mexico/",
          "link_type": "results"
        },
        {
          "domain": "www.privacyrights.org",
          "link": "https://www.privacyrights.org/checklist-responsible-information-handling-practices",
          "link_type": "results"
        },
        {
          "domain": "www.sjpba.net",
          "link": "http://www.sjpba.net/Farsider/103113.htm",
          "link_type": "results"
        }
      ]
    },
    {
      "results": [
        {
          "domain": "clinton5.nara.gov",
          "link": "http://clinton5.nara.gov/WH/Accomplishments/eightyears-02.html",
          "link_type": "results"
        },
        {
          "domain": "www.popcenter.org",
          "link": "http://www.popcenter.org/problems/missing_persons/print/",
          "link_type": "results"
        },
        {
          "domain": "sbynews.blogspot.com",
          "link": "http://sbynews.blogspot.com/2014_01_08_archive.html",
          "link_type": "results"
        },
        {
          "domain": "www.fbi.gov",
          "link": "https://www.fbi.gov/about-us/history/famous-cases/the-lindbergh-kidnapping",
          "link_type": "results"
        },
        {
          "domain": "www.askamanager.org",
          "link": "http://www.askamanager.org/2012/03/my-coworker-is-a-registered-sex-offender.html",
          "link_type": "results"
        },
        {
          "domain": "www.journaliststoolbox.org",
          "link": "http://www.journaliststoolbox.org/archive/2013/07/",
          "link_type": "results"
        },
        {
          "domain": "en.wikipedia.org",
          "link": "https://en.wikipedia.org/wiki/Amazon.com_controversies",
          "link_type": "results"
        },
        {
          "domain": "www.premierdefensegroup.com",
          "link": "http://www.premierdefensegroup.com/blog/appealing-pennsylvanias-new-megans/",
          "link_type": "results"
        },
        {
          "domain": "test.womenagainstregistry.com",
          "link": "http://test.womenagainstregistry.com/rss/index.php5",
          "link_type": "results"
        },
        {
          "domain": "",
          "link": "/aclk?sa=l&ai=CFgLS1G2jVo7DDobepAO44I3YCNeLyaUHz6DCpdwBjvGrBQgAEAFg5av5hKgWkAECoAGzkOb-A8gBAaoEJ0_QQ8BfG3FJKsyqp1eSd_8eHWSYkAFeQ_iSl5gMh6Z5maUlO1pIYYAHte-ZAZAHA6gHpr4b2AcB&sig=AOD64_2ZUjupEqbQvwYxx8XPRLJburpWUQ&clui=0&q=&ved=0ahUKEwj8-OrU87_KAhXEg4MKHTkcBkE4ChDRDAgY&adurl=https://www.kidpower.org/library/article/sex-offender/",
          "link_type": "ads_main"
        }
      ]
    },
    {
      "results": [
        {
          "domain": "www.wtbocumberland.com",
          "link": "http://www.wtbocumberland.com/local-news",
          "link_type": "results"
        },
        {
          "domain": "www.4dmv.com",
          "link": "http://www.4dmv.com/fav.php?page=sex-offender-site-snopes.com",
          "link_type": "results"
        },
        {
          "domain": "obamasez.blogspot.com",
          "link": "http://obamasez.blogspot.com/2013_10_01_archive.html",
          "link_type": "results"
        },
        {
          "domain": "www.hg.org",
          "link": "http://www.hg.org/legal_articles_by_hg.asp",
          "link_type": "results"
        },
        {
          "domain": "www.corrections.com",
          "link": "http://www.corrections.com/articles/21987-fact-sheet-what-you-need-to-know-about-sex-offenders",
          "link_type": "results"
        },
        {
          "domain": "www.aclu.org",
          "link": "https://www.aclu.org/blog/whole-truth-behind-solitary-confinement",
          "link_type": "results"
        },
        {
          "domain": "feeds.soundcloud.com",
          "link": "http://feeds.soundcloud.com/users/soundcloud:users:20170457/sounds.rss",
          "link_type": "results"
        }
      ]
    }
  ]
}