{
  "Origins": "In December 2012 the image and accompanying message reproduced above were widely circulated on Facebook, exhorting viewers to foil that social networking site's alleged efforts to bar or discourage users from posting an image of a nativity scene because some unnamed entity had declared it to be \"offensive.\"",
  "Fact Check": "",
  "Description": "There was nothing to such exhortations. Facebook wasn't then, and isn't now, banning users from posting pictures of nativity scenes, or other depictions of Jesus, or religious images in general, nor has it attempted to pressure users into removing similar material that has already been posted. Images of nativity scenes can be viewed on many different current Facebook pages, and the specific image displayed above has been shared countless times across that social network. (The same type of false rumor has popped up in claims that Facebook is banning photographs of military amputees .) Facebook's Statement of Rights and Responsibilities requires users to agree they \"will not post content that: is hate speech, threatening, or pornographic; incites violence; or contains nudity or graphic or gratuitous violence.\" Ordinary religious images do not meet any of these criteria and thus are perfectly acceptable for posting on Facebook.",
  "Originally Published": "",
  "Referred Links": "https://www.facebook.com/legal/terms;",
  "Example": "[Collected via e-mail, October 2013] I've been seeing this on my facebook feed. It is a rendering of the nativity of Jesus with a title that says \"Facebook is trying to get people to remove this from their profiles because it is offensive.\"",
  "Last Updated": "28 November 2014",
  "Credibility": "false",
  "URL": "www.snopes.com/politics/christmas/nativity.asp",
  "Claim": "Facebook is barring users from posting images of nativity scenes.",
  "Claim_ID": "politics_christmas_nativity",
  "Tags": "",
  "Google Results": [
    {
      "results": [
        {
          "domain": "www.snopes.com",
          "link": "http://www.snopes.com/politics/christmas/nativity.asp",
          "link_type": "results"
        },
        {
          "domain": "urbanlegends.about.com",
          "link": "http://urbanlegends.about.com/od/facebook/ss/Facebook-Bans-Nativity-Picture.htm",
          "link_type": "results"
        },
        {
          "domain": "www.facebook.com",
          "link": "https://www.facebook.com/permalink.php?story_fbid=1012176408825962&id=548208428556098&comment_id=1012208515489418&comment_tracking=%7B%22tn%22%3A%22R%22%7D",
          "link_type": "results"
        },
        {
          "domain": "www.facebook.com",
          "link": "https://www.facebook.com/factcheckbeforesharing/posts/326203954186553",
          "link_type": "results"
        },
        {
          "domain": "www.facebook.com",
          "link": "https://www.facebook.com/snopes/posts/340760409401818",
          "link_type": "results"
        },
        {
          "domain": "www.facebook.com",
          "link": "https://www.facebook.com/thatsnonsense/posts/711898972172293",
          "link_type": "results"
        },
        {
          "domain": "www.facebook.com",
          "link": "https://www.facebook.com/JesusLovesUsFellowship/posts/10154478074044937",
          "link_type": "results"
        },
        {
          "domain": "wafflesatnoon.com",
          "link": "http://wafflesatnoon.com/is-facebook-attempting-to-block-an-offensive-nativity-scene-picture/",
          "link_type": "results"
        },
        {
          "domain": "hoax.trendolizer.com",
          "link": "http://hoax.trendolizer.com/2014/11/snopescom-facebook-bans-nativity-scenes.html",
          "link_type": "results"
        },
        {
          "domain": "www.hoax-slayer.com",
          "link": "http://www.hoax-slayer.com/remove-facebook-nativity-picture.shtml",
          "link_type": "results"
        }
      ]
    },
    {
      "results": [
        {
          "domain": "weirdnews24.com",
          "link": "http://weirdnews24.com/nativity-seen/",
          "link_type": "results"
        },
        {
          "domain": "easytaking.net",
          "link": "http://easytaking.net/tag/nativity-pictures",
          "link_type": "results"
        },
        {
          "domain": "flaglerlive.com",
          "link": "http://flaglerlive.com/62286/satanic-display-rejected/",
          "link_type": "results"
        },
        {
          "domain": "www.dailymail.co.uk",
          "link": "http://www.dailymail.co.uk/news/article-152361/The-Red-Cross-bans-Christmas.html",
          "link_type": "results"
        },
        {
          "domain": "www.huffingtonpost.com",
          "link": "http://www.huffingtonpost.com/entry/10-latino-holiday-festivities-and-traditions-that-are-bigger-than-christmas-itself_56699c99e4b0f290e52227ff",
          "link_type": "results"
        },
        {
          "domain": "www.nydailynews.com",
          "link": "http://www.nydailynews.com/news/national/officials-order-ohio-man-kill-zombie-nativity-scene-article-1.2457059",
          "link_type": "results"
        },
        {
          "domain": "blogs.nd.edu",
          "link": "http://blogs.nd.edu/oblation/2014/12/",
          "link_type": "results"
        },
        {
          "domain": "metro.co.uk",
          "link": "http://metro.co.uk/2015/11/24/merry-cheesemas-artist-carves-nativity-scene-entirely-from-mature-cheddar-5522660/",
          "link_type": "results"
        },
        {
          "domain": "www.dailyherald.com",
          "link": "http://www.dailyherald.com/article/20151117/entlife/151119094/",
          "link_type": "results"
        },
        {
          "domain": "www.addictivetips.com",
          "link": "http://www.addictivetips.com/android/facebook-pages-manager-for-android-now-available-in-google-play-store/",
          "link_type": "results"
        }
      ]
    },
    {
      "results": [
        {
          "domain": "www.lifesitenews.com",
          "link": "https://www.lifesitenews.com/news/this-atheist-group-is-waging-a-nationwide-war-on-christmas-but-christians-a",
          "link_type": "results"
        },
        {
          "domain": "www.christianpost.com",
          "link": "http://www.christianpost.com/news/christian-woman-says-shes-sorry-but-had-to-destroy-satanic-display-next-to-nativity-scene-at-florida-capitol-131715/",
          "link_type": "results"
        },
        {
          "domain": "www.pinterest.com",
          "link": "https://www.pinterest.com/pin/473722454534059212/",
          "link_type": "results"
        },
        {
          "domain": "matthiasmedia.com",
          "link": "http://matthiasmedia.com/briefing/department/everyday-ministry/",
          "link_type": "results"
        },
        {
          "domain": "www3.alternet.org",
          "link": "http://www3.alternet.org/tea-party-and-right/tea-party-backed-candidate-posted-x-ray-images-dead-people-online",
          "link_type": "results"
        },
        {
          "domain": "iconreader.wordpress.com",
          "link": "https://iconreader.wordpress.com/2010/12/24/the-nativity-icon/",
          "link_type": "results"
        },
        {
          "domain": "www.barenakedislam.com",
          "link": "http://www.barenakedislam.com/2011/11/19/british-red-cross-bans-christmas-so-as-not-to-offend-muslims/",
          "link_type": "results"
        },
        {
          "domain": "legal-dictionary.thefreedictionary.com",
          "link": "http://legal-dictionary.thefreedictionary.com/first+amendment",
          "link_type": "results"
        },
        {
          "domain": "www.videomaker.com",
          "link": "http://www.videomaker.com/article/15618-latest-developments-in-copyright-law",
          "link_type": "results"
        },
        {
          "domain": "www.express.co.uk",
          "link": "http://www.express.co.uk/news/uk/628991/Fury-another-Christmas-advert-banned-cinemas-featuring-Nativity-scene",
          "link_type": "results"
        }
      ]
    }
  ]
}