{
  "Origins": "One favorite tactic in political debate is to put words in the mouth of a respected elder statesman to make it appear he presciently anticipated some modern issue or political personality (and, naturally, took a stand that supported the viewpoint of whoever put those words in his mouth). Therefore, given the debates that arose in over President George W. Bush's efforts to alter the Social Security system, one would expect the appearance at that time of a fifty-year-old quote from a former President (and fellow Republican) labeling as \"stupid\" certain \"Texas oil millionaires\" who wanted \"to abolish social security\" to be a similar fabrication.",
  "Fact Check": "",
  "Description": "Save for a few minor details, however, the quote from President Dwight D. Eisenhower cited at the head of this page is in fact an accurate one. It wasn't something he uttered but rather something he wrote, and the version reproduced above omits Ike's reference to a specific Texas oil tycoon ( H.L. Hunt ), but it otherwise is taken verbatim from a letter President Eisenhower penned to his brother, Edgar Newton Eisenhower, on 8 November 1954: Now it is true that I believe this country is following a dangerous trend when it permits too great a degree of centralization of governmental functions. I oppose this in some instances the fight is a rather desperate one. But to attain any success it is quite clear that the Federal government cannot avoid or escape responsibilities which the mass of the people firmly believe should be undertaken by it. The political processes of our country are such that if a rule of reason is not applied in this effort, we will lose everything even to a possible and drastic change in the Constitution. This is what I mean by my constant insistence upon \"moderation\" in government. Should any political party attempt to abolish social security, unemployment insurance, and eliminate labor laws and farm programs, you would not hear of that party again in our political history. There is a tiny splinter group, of course, that believes you can do these things. Among them are H.L. Hunt (you possibly know his background), a few other Texas oil millionaires, and an occasional politician or business man from other areas. Their number is negligible and they are stupid. A meme circulated in 2015 elided the reference to \"Texas oil millionaires\" and presented the quote as something aimed at the modern Tea Party: Politically, Ike was a classic small-government Republican. He was of the opinion that the federal government had grown too large at the expense of local and state authority since the advent of FDR's New Deal in the 1930's, a situation exacerbated by the national emergency produced due to America's entry into World War II. Since the Depression and the war were over by the time Eisenhower took office in 1953, Ike felt it was time to return to a \"middle way\" that included pruning federal subsidies to industries such as agriculture and power companies, which he believed no longer needed government assistance. At the same time, he wanted to sustain and even increase funding for programs he thought had good track records, and Social Security was paramount among those programs.",
  "Originally Published": "",
  "Referred Links": "http://web.archive.org/web/20051124190902/http://www.eisenhowermemorial.org/presidential-papers/first-term/documents/1147.cfm;",
  "Example": "[Collected via e-mail, 2005] President Dwight Eisenhower, Republican, uttered these words on November 8, 1954: \"Should any political party attempt to abolish social security, unemployment insurance and eliminate labor laws and farm programs, you would not hear of that party again in our political history. There is a tiny splinter group, of course, that believes that you can do these things. Among them are a few Texas oil millionaires, and an occasional politician or businessman from other areas. Their number is negligible and they are stupid.\" In addition to being a war hero, a decent fellow, a moderate Republican before they began to go extinct, President Eisenhower apparently was also quite the prophet. Little George W. Bush was about 9 years old at the time ...",
  "Last Updated": "21 July 2015",
  "Credibility": "true",
  "URL": "www.snopes.com/politics/quotes/ikesocial.asp",
  "Claim": "President Eisenhower once observed that \"a few Texas oil millionaires\" wanted to \"abolish social security.\"",
  "Claim_ID": "politics_quotes_ikesocial",
  "Tags": "",
  "Google Results": [
    {
      "results": [
        {
          "domain": "www.snopes.com",
          "link": "http://www.snopes.com/politics/quotes/ikesocial.asp",
          "link_type": "results"
        },
        {
          "domain": "wonderwheels.blogspot.com",
          "link": "http://wonderwheels.blogspot.com/2005/05/eisenhowers-social-security-quote.html",
          "link_type": "results"
        },
        {
          "domain": "www.care2.com",
          "link": "http://www.care2.com/news/member/527046926/3839798",
          "link_type": "results"
        },
        {
          "domain": "www.politicsplus.org",
          "link": "http://www.politicsplus.org/blog/2015/01/17/open-thread1172014-3/",
          "link_type": "results"
        },
        {
          "domain": "www.bostonglobe.com",
          "link": "https://www.bostonglobe.com/opinion/2015/10/29/stray-observations-from-republican-debate/Q3v698z3elTRbaFAgTHcMI/story.html",
          "link_type": "results"
        },
        {
          "domain": "tomdegan.blogspot.com",
          "link": "http://tomdegan.blogspot.com/2011_07_01_archive.html",
          "link_type": "results"
        },
        {
          "domain": "immasmartypants.blogspot.com",
          "link": "http://immasmartypants.blogspot.com/2011/08/we-have-lost-south-for-generation.html",
          "link_type": "results"
        },
        {
          "domain": "www.dailykos.com",
          "link": "http://www.dailykos.com/story/2013/2/9/1185808/-A-Tale-of-Two-Brennans-Of-Human-Dignity-and-the-American-Constitution",
          "link_type": "results"
        },
        {
          "domain": "www.cyberspaceorbit.com",
          "link": "http://www.cyberspaceorbit.com/indexback167.html",
          "link_type": "results"
        },
        {
          "domain": "",
          "link": "/aclk?sa=l&ai=CI27I6cCjVveEGIf7pAOrh4-wBZqfj7UI0o_g1bMCgIimEQgDEAFg5QOgAdbK-soDyAEBqgQrT9Blu7UXec8D1C4hHKi2JPR_KY_Wt0A3j6lAvN114R3hWn4_EU8rqeJvPoAHkrWFNZAHA6gHpr4b2AcB&sig=AOD64_3BphzJp28z-15SmDfdFNmB6zPqWg&clui=0&q=&ved=0ahUKEwiszuLywsDKAhUrtYMKHaBzD3UQ0QwIVQ&adurl=http://www.shapell.org/Collection/Presidents/Eisenhower-Dwight-D",
          "link_type": "ads_main"
        }
      ]
    },
    {
      "results": [
        {
          "domain": "www.pinterest.com",
          "link": "https://www.pinterest.com/cfchumley/just-say-it-for-we-workers/",
          "link_type": "results"
        },
        {
          "domain": "www.jouer-enligne.com",
          "link": "http://www.jouer-enligne.com/a-congress-of-the-millionaires-by-the-millionaires-and.html",
          "link_type": "results"
        },
        {
          "domain": "github.com",
          "link": "https://github.com/robennals/think-link/blob/master/ruby/snopesclaims.csv",
          "link_type": "results"
        },
        {
          "domain": "eveeo.com",
          "link": "http://eveeo.com/words-with-ike-in-them.html",
          "link_type": "results"
        },
        {
          "domain": "www.dailykos.com",
          "link": "http://www.dailykos.com/story/2012/7/24/1110873/-Welcome-To-Kochistan",
          "link_type": "results"
        },
        {
          "domain": "www.sodahead.com",
          "link": "http://www.sodahead.com/united-states/is-the-progressive-movement-in-the-united-states-eventually-going-to-collapse/question-4270587/?page=2",
          "link_type": "results"
        },
        {
          "domain": "www.democraticunderground.com",
          "link": "http://www.democraticunderground.com/discuss/duboard.php?az=view_all&address=439x1450220",
          "link_type": "results"
        },
        {
          "domain": "politicalwire.com",
          "link": "https://politicalwire.com/2014/11/14/liberal-and-moderate-democrats-square-off/",
          "link_type": "results"
        },
        {
          "domain": "www.rickackerman.com",
          "link": "http://www.rickackerman.com/2011/08/death-of-navy-seals-eclipses-silliness-on-wall-street/",
          "link_type": "results"
        },
        {
          "domain": "sriramkhe.blogspot.com",
          "link": "http://sriramkhe.blogspot.com/2011_02_01_archive.html",
          "link_type": "results"
        },
        {
          "domain": "",
          "link": "/aclk?sa=l&ai=CJ_oV68CjVovUN4GDpgPIz4QQmp-PtQjSj-DVswKAiKYRCAAQAWDlA5ABAqAB1sr6ygPIAQGqBCtP0PrSlgC0bkDpVKXiX5-4TzYFAFBFMiIWv7gMoh_wQkKyHNBeDLa5cur-gAeStYU1kAcDqAemvhvYBwE&sig=AOD64_29ikn3yS_ymVt17Sroj_W29gc4TQ&clui=0&q=&ved=0ahUKEwjAt_vzwsDKAhWBlYMKHYWmDxI4ChDRDAgY&adurl=http://www.shapell.org/Collection/Presidents/Eisenhower-Dwight-D",
          "link_type": "ads_main"
        },
        {
          "domain": "",
          "link": "/aclk?sa=L&ai=CJM6068CjVovUN4GDpgPIz4QQzqytlwWu3sW0rQGm0_XP-AEIAxABYOUDkAECyAEBqgQnT9CaVfoahV950J0nXsL9-Dyb_AQZFUF7peRAGxMH8EcGKx3kBIxHgAeev4MykAcDqAemvhvYBwE&sig=AOD64_0upkYwiU6_aviF4oB0Fa33FX5Nnw&clui=1&q=&ved=0ahUKEwjAt_vzwsDKAhWBlYMKHYWmDxI4ChDRDAhW&adurl=http://us.wow.com/search%3Fs_pt%3Daolsem%26s_it%3Daolsem%26s_chn%3D98%26q%3Ddwight%2520eisenhower%2520texas",
          "link_type": "ads_main"
        }
      ]
    },
    {
      "results": [
        {
          "domain": "cliomaniac.blogspot.com",
          "link": "http://cliomaniac.blogspot.com/",
          "link_type": "results"
        },
        {
          "domain": "blog.iblamethepatriarchy.com",
          "link": "http://blog.iblamethepatriarchy.com/2007/06/12/the-love-song-of-j-twisty-faster/",
          "link_type": "results"
        },
        {
          "domain": "www.nbcnews.com",
          "link": "http://www.nbcnews.com/id/7954027/ns/community-weblogs/t/law-unintended-consequences/",
          "link_type": "results"
        },
        {
          "domain": "landofthetea.com",
          "link": "http://landofthetea.com/2011/12/25/makers-vs-takers/",
          "link_type": "results"
        },
        {
          "domain": "www.timegoesby.net",
          "link": "http://www.timegoesby.net/weblog/gray-matters/",
          "link_type": "results"
        },
        {
          "domain": "reason.com",
          "link": "http://reason.com/archives/2015/11/22/the-corporate-christian-conspi",
          "link_type": "results"
        },
        {
          "domain": "www.thescienceforum.com",
          "link": "http://www.thescienceforum.com/scientific-study-religion/42118-death-gays-5.html",
          "link_type": "results"
        },
        {
          "domain": "www.thescienceforum.com",
          "link": "http://www.thescienceforum.com/astronomy-cosmology/13476-black-line-crosses-moon-2.html",
          "link_type": "results"
        },
        {
          "domain": "duchessjournal.blogspot.com",
          "link": "http://duchessjournal.blogspot.com/2005_08_01_archive.html",
          "link_type": "results"
        },
        {
          "domain": "blog.3nips.com",
          "link": "http://blog.3nips.com/category/political/feed/",
          "link_type": "results"
        }
      ]
    }
  ]
}