{
  "Origins": "A significant subset of the e-mail forwards we receive consists of expressions of the theme that blacks are being overlooked and slighted by white Americans, particularly in the economic arena. A common feature of such messages are claims that major companies decline to advertise in media that reach primarily black audiences (because those businesses fail to recognize both the social desires and income levels of black Americans) and that the roles of blacks in American history have been ignored or minimalized. This current message touches on both these themes postage stamps honoring the heritage and contributions of Black Americans are being discontinued and destroyed for the most basic of economic reasons: because people don't buy them.",
  "Fact Check": "",
  "Description": "In this particular case, however, those feelings are misplaced: the United States Postal Service (USPS) is neither discontinuing the Black Heritage series of postage stamps nor planning to destroy the remaining stock of those issues. The series has been going strong ever since 1978, and the 2007 stamp (the 30th entry in the series) features singer Ella Fitzgerald. There is no end to the Black Heritage series in sight no matter how well or poorly any of its individual stamps sell, but rumors claiming that the series is in danger of discontinuation due to low sales have been circulating since at least 2000, when Executive Director of Stamp Services Azeezaly S. Jaffer issued an official USPS media statement disclaiming those rumors: Given the popularity and importance of the Black Heritage stamps, there are no plans to discontinue the series. It is unfortunate that such rumors have spread, and we hope that the Postal Service s commitment to honoring the historical achievements and contributions of African Americans on stamps will dispel any further concerns This policy was confirmed yet again by the USPS in a March 2005 press release: To dispel recurring rumors that its long-standing Black Heritage stamp series will be discontinued, a senior postal official reiterated the Postal Service's continued commitment to honoring African Americans on stamps. \"Nothing could be further from the truth. These rumors continue to resurface around this time of year,\" explained David Failor, Executive Director of Stamp Services, U.S. Postal Service, referring to the deluge of inquiries the Postal Service receives shortly after a Black Heritage stamp issuance. He said, \"As a main component of our annual stamp program, the Black Heritage series is alive and well, and here to stay. We're already looking forward to announcing next year's honoree this fall.\" The myth started several years ago through an anonymous email that alerted recipients to buy Black Heritage stamps before Post Offices take them off sale due to lack of demand. In 2007 the USPS confirmed yet again that not only are Black Heritage stamps being neither discontinued nor destroyed, but that the series is one of its most popular issues: A recent Internet rumor saying the Postal Service is discontinuing the Black Heritage series is another one of those untrue yarns that the Internet is sometimes famous for, as is the rumor that the Postal Service is destroying current Black Heritage series stamps. The fact is that the Black Heritage stamp series is one of our most popular. We have no plans whatsoever to discontinue it. The Postal Service remains as strongly committed to honoring the historical achievements and contributions of African Americans on stamps as we've always been. And we are proud to offer the latest stamp in the series honoring the great civil rights advocate and Supreme Court Justice, Thurgood Marshall. Exhorting people to buy Black Heritage stamps as a way of honoring the memories of the individuals they depict (and black Americans in general) is a worthy cause; such efforts need not be based on misinformation to succeed.",
  "Originally Published": "",
  "Referred Links": "http://www.usps.com/communications/news/stamps/2005/sr05_016.htm;http://web.archive.org/web/20000604104815/www.usps.com/news/stamps/99/black_heritage.htm;http://shop.usps.com/webapp/wcs/stores/servlet/ProductDisplay?catalogId=10152&storeId=10001&productId=28751&langId=-1&parent_category_rn=13373;",
  "Example": "[Collected via e-mail, 2000] Subject: Discontinuing and DESTROYING Black Stamps I was in the post office this morning and requested the African American stamp. The postal worker informed me that they will DESTROY all remaining African American Heritage stamps at the end of the month instead of following their usual process of selling them until they are depleted. She also said that they were asking patrons to complain to the Post Master and gave me a complaint form. Needless to say, I've already completed the form. The post office is considering discontinuing Black Heritage Stamps because they aren't selling. Instead of taking the path of least resistance and accepting the love, flag, rose or teddy bear stamps that they offer you automatically, request African-American stamps each and every time you mail something. If we don't buy them, nobody will. Perhaps you think it's not a major issue. However, it is a part of the ongoing effort to assert ourselves as a major economic force in this society. PASS THE MESSAGE ON AND LET'S KEEP BLACK STAMPS IN CIRCULATION. [Collected via e-mail, 2007] US POST OFFICE TO DESTROY AFRICAN AMERICAN STAMPS! Thurgood Marshall, Roy Wilkins, Langston Hughes, Zora Neale Hurston, Patricia Roberts Harris are all on these stamps. Please forward this and buy a book of our stamps ASAP. The P.O. will DESTROY all remaining African American Heritage stamps at the end of the month instead of following their usual procedure of selling them until they are depleted. Why? Because we're not buying them! However, our postal workers are asking patrons to complain to the Post Master, via a complaint form. Please ask for and complete the form (at the post office). Skip the love, flag, rose or teddy-bear stamps that they offer you automatically, request African-American stamps every time. If we don't buy them, nobody will. We need to keep the little things that we do get. Please send this email to all your friends so we can keep BLACK STAMPS in circulation!!!!",
  "Last Updated": "15 October 2007",
  "Credibility": "false",
  "URL": "www.snopes.com/politics/stamps/blackheritage.asp",
  "Claim": "The U.S. Postal Service is discontinuing the Black Heritage series of postage stamps and destroying the remaining stock.",
  "Claim_ID": "politics_stamps_blackheritage",
  "Tags": "",
  "Google Results": [
    {
      "results": [
        {
          "domain": "www.snopes.com",
          "link": "http://www.snopes.com/politics/stamps/blackheritage.asp",
          "link_type": "results"
        },
        {
          "domain": "www.snopes.com",
          "link": "http://www.snopes.com/inboxer/outrage/heritage.asp",
          "link_type": "results"
        },
        {
          "domain": "www.snopes.com",
          "link": "http://www.snopes.com/politics/stamps/stamps.asp",
          "link_type": "results"
        },
        {
          "domain": "www.prisontalk.com",
          "link": "http://www.prisontalk.com/forums/archive/index.php/t-292892.html",
          "link_type": "results"
        },
        {
          "domain": "www.prisontalk.com",
          "link": "http://www.prisontalk.com/forums/showthread.php?p=3088624",
          "link_type": "results"
        },
        {
          "domain": "about.usps.com",
          "link": "https://about.usps.com/postal-bulletin/2005/html/pb22149/a-p4.html",
          "link_type": "results"
        },
        {
          "domain": "about.usps.com",
          "link": "https://about.usps.com/postal-bulletin/2001/html/pb22061/p-r.html",
          "link_type": "results"
        },
        {
          "domain": "about.usps.com",
          "link": "https://about.usps.com/postal-bulletin/2004/html/pb22137/d-s.html",
          "link_type": "results"
        },
        {
          "domain": "www.stamp-collecting-world.com",
          "link": "http://www.stamp-collecting-world.com/usstamps_1911ofc.html",
          "link_type": "results"
        }
      ]
    },
    {
      "results": [
        {
          "domain": "en.wikipedia.org",
          "link": "https://en.wikipedia.org/wiki/Washington-Franklin_Issues",
          "link_type": "results"
        },
        {
          "domain": "issuu.com",
          "link": "http://issuu.com/mysticstamp/docs/2015_mystic_s_us_stamp_catalog",
          "link_type": "results"
        },
        {
          "domain": "www.akdart.com",
          "link": "http://www.akdart.com/postrate.html",
          "link_type": "results"
        },
        {
          "domain": "www.sothebys.com",
          "link": "http://www.sothebys.com/en/auctions/2014/magenta-n09154.html",
          "link_type": "results"
        },
        {
          "domain": "www.philatino.com",
          "link": "http://www.philatino.com/pages/fa/stampinfo.html",
          "link_type": "results"
        },
        {
          "domain": "postalmuseumblog.si.edu",
          "link": "http://postalmuseumblog.si.edu/philately/page/4/",
          "link_type": "results"
        },
        {
          "domain": "postalinspectors.uspis.gov",
          "link": "https://postalinspectors.uspis.gov/radDocs/pubs/05anrept.htm",
          "link_type": "results"
        },
        {
          "domain": "washpress.com",
          "link": "https://washpress.com/showBulletinCategory.jsp?categoryId=2",
          "link_type": "results"
        },
        {
          "domain": "",
          "link": "/aclk?sa=l&ai=CfImoffmiVoTpB4b7pAPtmL6oAvfJisEHv5Kpp-wB4pqfBQgAEAFg5av5hKgWkAECoAGp1c3UA8gBAaoEKE_Q4xotfj2Sc0t747yrpue7cDF8xRBPHs98EoYImHl2YIyFN7NqoY-AB7-qsiuQBwOoB6a-G9gHAQ&sig=AOD64_1NBJQ29jBReZVavfYXDqGMVjuzeg&clui=0&q=&ved=0ahUKEwibwZLbhL_KAhWrvYMKHSL8DG84ChDRDAgY&adurl=http://amitre3.wix.com/ospc",
          "link_type": "ads_main"
        },
        {
          "domain": "",
          "link": "/aclk?sa=L&ai=ClcHFffmiVoTpB4b7pAPtmL6oAvGo35QB3dfrpaMBsJqfBQgDEAEoA2Dlq_mEqBaQAQLIAQGpAjTAWrRGHbI-qgQoT9CzQ25-PpJzS3vjvKum57ENWGnFEE8ez3wShgiYeXZgjIU37x35qIAHr4vuDJAHA6gHpr4b2AcB&sig=AOD64_3jowIdf9Y_lpshsQ7K3i2yBlSXdA&clui=1&q=&ved=0ahUKEwibwZLbhL_KAhWrvYMKHSL8DG84ChDRDAhX&adurl=http://www.stamps-carloskleef.eu",
          "link_type": "ads_main"
        },
        {
          "domain": "",
          "link": "/aclk?sa=l&ai=CH07XffmiVoTpB4b7pAPtmL6oAtXA2tgHje2PxbgC6KXUlqECCAMQAigDYOWr-YSoFpABAqABtYTl7APIAQGqBCdP0NMJeX4_knJLe-O8q6bn-WJEbcUQTx7PfBKGCJh5duJ8Y8jrHh6AB8vc8xGQBwOoB6a-G9gHAQ&sig=AOD64_3G2aJ3aBLICHrUse38JQINxxw6_A&clui=2&q=&ved=0ahUKEwibwZLbhL_KAhWrvYMKHSL8DG84ChDRDAhc&adurl=http://pixel.everesttech.net/4338/cq%3Fev_sid%3D3%26ev_ln%3D%252Bpostal%2520%252Bservices%2520%252Bus%26ev_lx%3Dkwd-77625365224%26ev_crx%3D83751069645%26ev_mt%3Db%26ev_n%3Dg%26ev_ltx%3D%26ev_pl%3D%26ev_pos%3D2o2%26ev_dvc%3Dc%26ev_dvm%3D%26ev_phy%3D1010132%26ev_loc%3D%26url%3Dhttp://www.myus.com/welcome/sem/%253Faid%253D1000721%2526utm_source%253Dgoogle%2526utm_medium%253Dsem%2526utm_campaign%253DNonBrand_Shipping_Mexico%2526utm_content%253D%25252Bpostal%252B%25252Bservices%252B%25252BUS",
          "link_type": "ads_main"
        },
        {
          "domain": "",
          "link": "/aclk?sa=l&ai=CP1-OffmiVoTpB4b7pAPtmL6oAqjBhasCsOmzhiyhqfUHCAMQAygDYOWr-YSoFpABAqABuODJ3gPIAQGpAjTAWrRGHbI-qgQoT9CTFmp-OJJzS3vjvKum55ReKWjFEE8ez3wShgiYeXZgjIU3nGSMgYAHsJ-2IZAHA6gHpr4b2AcB&sig=AOD64_0GJxT8bgctMoZYMi6IP408EgMOqw&clui=3&q=&ved=0ahUKEwibwZLbhL_KAhWrvYMKHSL8DG84ChDRDAhi&adurl=http://www.sevenstamps.com/",
          "link_type": "ads_main"
        }
      ]
    },
    {
      "results": [
        {
          "domain": "pressoracle.com",
          "link": "http://pressoracle.com/42120618-african-leadership-academy-program-2016/",
          "link_type": "results"
        },
        {
          "domain": "www.stampcollectingroundup.blogspot.com",
          "link": "http://www.stampcollectingroundup.blogspot.com/2006_11_01_archive.html",
          "link_type": "results"
        },
        {
          "domain": "www.philatelicdatabase.com",
          "link": "http://www.philatelicdatabase.com/postal-history/airposts-and-their-stamps/",
          "link_type": "results"
        },
        {
          "domain": "archive.org",
          "link": "https://archive.org/stream/americanpostalse00melirich/americanpostalse00melirich_djvu.txt",
          "link_type": "results"
        },
        {
          "domain": "beaconcast.com",
          "link": "http://beaconcast.com/2016/01/19/alphabet-stamp-set.html",
          "link_type": "results"
        },
        {
          "domain": "www.pinterest.com",
          "link": "https://www.pinterest.com/pin/518195500845402494/",
          "link_type": "results"
        },
        {
          "domain": "bjsstampsandcoins.blogspot.com",
          "link": "http://bjsstampsandcoins.blogspot.com/2011_01_01_archive.html",
          "link_type": "results"
        },
        {
          "domain": "timesoracle.com",
          "link": "http://timesoracle.com/2016/01/exchange-and-development-programmes.html",
          "link_type": "results"
        },
        {
          "domain": "www.googleadservices.com",
          "link": "http://www.googleadservices.com/pagead/aclk?sa=L&ai=Czz-1f_miVvzQBZCDpAOwjIK4Dena7ooHoZeIjc8B9r2DkAEIABABYOWr-YSoFpABA6AB_YPo_QPIAQGqBClP0LI6MQ_30WnSdgWn_DDzqpLzcUY8a7MC0NTecwnumvlIgOT0yjYG8YgGAYAH6_uXApAHA6gHpr4b2AcB&ohost=www.google.com.mx&cid=CAASIuRoAlqXXjAfjQmuQQRykBE1xlyv1V6PxbwQlyhgy6Iub7o&sig=AOD64_1tvSYauDNjSJya0YUkdh2K2j6qqQ&clui=0&q=&ved=0ahUKEwiu9YrchL_KAhWJyIMKHY8mD9Y4FBDRDAgY&adurl=https://www.usa2me.com",
          "link_type": "ads_main"
        },
        {
          "domain": "www.googleadservices.com",
          "link": "http://www.googleadservices.com/pagead/aclk?sa=L&ai=CIOs5f_miVvzQBZCDpAOwjIK4DanSuLMLycfqyukC4uqFkQoIAxABKANg5av5hKgWkAEDoAHe0Y_tA8gBAakCE7MypHUgbT6qBClP0KJysRbt4FjrT4Ql__k5OdysdWE8a7MC0NTecwnumvlIgOT0xEQ5pogGAYAH8dvOU5AHA6gHpr4b2AcB&ohost=www.google.com.mx&cid=CAASIuRoAlqXXjAfjQmuQQRykBE1xlyv1V6PxbwQlyhgy6Iub7o&sig=AOD64_1UlOUFqfpqdAJ7gHzmrvlfbM4TVw&clui=3&q=&ved=0ahUKEwiu9YrchL_KAhWJyIMKHY8mD9Y4FBDRDAhe&adurl=http://www.info.com/Stamp%2520Us%2520Postal%2520Service%3Fcb%3D100%26cmp%3D321026",
          "link_type": "ads_main"
        },
        {
          "domain": "",
          "link": "/aclk?sa=L&ai=C_YFwf_miVvzQBZCDpAOwjIK4Dab1t8IFhpzS3sMB3p2fBQgDEAIoA2Dlq_mEqBaQAQPIAQGqBCdP0LLvpw3f0WHSzgYmNjOVerhpLmO6UjEt5vZyta4c6Oo6ltIjiM-AB7b_ozWQBwOoB6a-G9gHAQ&sig=AOD64_2qzrznBQdVbqxGiv8bNQXg7y8GEA&clui=4&q=&ved=0ahUKEwiu9YrchL_KAhWJyIMKHY8mD9Y4FBDRDAhj&adurl=http://www.local.com/results.aspx%3Fkeyword%3Dstamp%2Bcollectors%26cid%3D276143",
          "link_type": "ads_main"
        },
        {
          "domain": "www.googleadservices.com",
          "link": "http://www.googleadservices.com/pagead/aclk?sa=L&ai=ChHTRf_miVvzQBZCDpAOwjIK4DffJisEHv5Kpp-wB4pqfBQgDEAMoA2Dlq_mEqBaQAQOgAanVzdQDyAEBqgQoT9DCAYEW6-BY60-EJf_5OSfY68q55jfW5RgqAgO__3loynACfbpUxogGAYAHv6qyK5AHA6gHpr4b2AcB&ohost=www.google.com.mx&cid=CAASIuRoAlqXXjAfjQmuQQRykBE1xlyv1V6PxbwQlyhgy6Iub7o&sig=AOD64_0Zd9czGPShgCcNdIgMVrUEPKosfQ&clui=5&q=&ved=0ahUKEwiu9YrchL_KAhWJyIMKHY8mD9Y4FBDRDAho&adurl=http://amitre3.wix.com/ospc",
          "link_type": "ads_main"
        }
      ]
    }
  ]
}