{
  "Origins": "In September 2012, news accounts made mention of the fact that Sasha and Malia Obama, the daughters of President Barack Obama and First Lady Michelle Obama, had made a rare campaign appearance with their father at the Democratic National Convention:",
  "Fact Check": "",
  "Description": "The same day, the satirical web site The Onion published a spoof positing that Barack Obama's \"rarely seen 19-year-old son, Luther\" (supposedly the product of a liaison the President had with \"a 24-year-old diner cashier\" in 1992) had also appeared with his father at the convention. Many readers who encountered reproductions of this Onion article which did not make mention of its source, or who were unfamiliar with The Onion 's satirical nature, mistook the item for a genuine news account rather than a bit of political humor. (The picture of Barack Obama with his supposed son is a Photoshopped version of the image shown here .) To mistake this item for a genuine news article, one would have to believe that not only did Barack Obama somehow manage to keep the fact that he had fathered an out-of-wedlock child with someone other than his current wife a secret for nearly the entirety of his first term despite the intensive worldwide scrutiny that has been focused on him ever since 2007, but that he then cavalierly gave away that secret by openly bringing his illegitimate son with him to the Democratic National Convention. And no one but The Onion found that story newsworthy enough to publish.",
  "Originally Published": "",
  "Referred Links": "http://sphotos-b.xx.fbcdn.net/hphotos-ash4/196020_271577276281904_525746868_n.jpg;http://www.theonion.com/articles/obamas-19yearold-son-makes-rare-appearance-at-dnc,29458/;http://www.theonion.com/articles/obamas-19yearold-son-makes-rare-appearance-at-dnc,29458/;http://www.theonion.com/articles/obamas-19yearold-son-makes-rare-appearance-at-dnc,29458/;",
  "Example": "[Collected via e-mail, September 2012] This article states that the President has a son. I think it is nonsense but cannot believe the people that seem to believe it. Did anyone else know that Obama had a son? News release, just in time for the election campaign! The first family has turned more than a few heads at this week s Democratic National Convention, where the president, as he greets delegates and waves to crowds of supporters, is often accompanied not only by his wife and two daughters, but also his rarely seen 19-year-old son, Luther. The shy, slightly overweight teenager, who has lived his entire life with his mother in central Illinois, seldom appears in public with the president, with whom he has reportedly shared a somewhat distant and occasionally strained relationship. When I saw that kid with President Obama, I had no clue who he was, said Georgia delegate Kathy Tyson, stating that the teen appeared to have difficulty sustaining eye contact with others and stood uncomfortably alongside his father when he shook hands with voters Thursday. I guess he does kind of look like the president, though a bit shorter and stockier. [Rest of article here.]",
  "Last Updated": "12 September 2012",
  "Credibility": "false",
  "URL": "www.snopes.com/Politics/satire/obamason.asp",
  "Claim": "President Obama's 19-year-old son appeared at the Democratic National Convention.",
  "Claim_ID": "Politics_satire_obamason",
  "Tags": "",
  "Google Results": [
    {
      "results": [
        {
          "domain": "www.theonion.com",
          "link": "http://www.theonion.com/article/obamas-19-year-old-son-makes-rare-appearance-at-dn-29458",
          "link_type": "results"
        },
        {
          "domain": "www.snopes.com",
          "link": "http://www.snopes.com/politics/satire/obamason.asp",
          "link_type": "results"
        },
        {
          "domain": "www.truthorfiction.com",
          "link": "https://www.truthorfiction.com/luther-obama/",
          "link_type": "results"
        },
        {
          "domain": "www.politico.com",
          "link": "http://www.politico.com/blogs/politico44/2012/09/fact-check-no-obama-doesnt-have-a-son-136499",
          "link_type": "results"
        },
        {
          "domain": "urbanlegends.about.com",
          "link": "http://urbanlegends.about.com/od/barackobama/ss/Obama-s-Son-Makes-Rare-Appearance.htm",
          "link_type": "results"
        },
        {
          "domain": "gawker.com",
          "link": "http://gawker.com/5945826/floridians-want-to-know-is-this-onion-article-real",
          "link_type": "results"
        },
        {
          "domain": "americannews.com",
          "link": "http://americannews.com/obamas-19-year-old-son-he-has-been-hiding-finally-comes-forward-to-public/",
          "link_type": "results"
        },
        {
          "domain": "www.democraticunderground.com",
          "link": "http://www.democraticunderground.com/10021288019",
          "link_type": "results"
        },
        {
          "domain": "en.wikipedia.org",
          "link": "https://en.wikipedia.org/wiki/Family_of_Barack_Obama",
          "link_type": "results"
        },
        {
          "domain": "www.questia.com",
          "link": "https://www.questia.com/newspaper/1G1-303359594/viral-email-over-obama-s-son-was-sparked-by-spoof",
          "link_type": "results"
        }
      ]
    },
    {
      "results": [
        {
          "domain": "www.youtube.com",
          "link": "https://www.youtube.com/watch?v=eWynt87PaJ0",
          "link_type": "results"
        },
        {
          "domain": "www.dailymail.co.uk",
          "link": "http://www.dailymail.co.uk/news/article-2199649/Democratic-National-Convention-2012-Sasha-Malia-Obama-steal-show.html",
          "link_type": "results"
        },
        {
          "domain": "chicago.suntimes.com",
          "link": "http://chicago.suntimes.com/news/7/71/794417/the-speeches-day-3-of-the-democratic-national-convention",
          "link_type": "results"
        },
        {
          "domain": "www.pasadenastarnews.com",
          "link": "http://www.pasadenastarnews.com/media/20140823/robert-rector-satire-business-is-booming",
          "link_type": "results"
        },
        {
          "domain": "www.bendbulletin.com",
          "link": "http://www.bendbulletin.com/article/20120926/NEWS01/209260346/",
          "link_type": "results"
        },
        {
          "domain": "www.thewire.com",
          "link": "http://www.thewire.com/politics/2012/09/dnc-liveblog-michelles-big-night/56508/",
          "link_type": "results"
        },
        {
          "domain": "abcnews.go.com",
          "link": "http://abcnews.go.com/topics/news/elections/democratic-convention.htm?mediatype=Video",
          "link_type": "results"
        },
        {
          "domain": "en.wikiquote.org",
          "link": "https://en.wikiquote.org/wiki/Barack_Obama",
          "link_type": "results"
        },
        {
          "domain": "www.newyorker.com",
          "link": "http://www.newyorker.com/magazine/2014/01/27/going-the-distance-david-remnick",
          "link_type": "results"
        },
        {
          "domain": "www.theatlantic.com",
          "link": "http://www.theatlantic.com/politics/archive/2012/09/jennifer-granholms-very-dated-1978-appearance-on-the-dating-game/262390/",
          "link_type": "results"
        }
      ]
    },
    {
      "results": [
        {
          "domain": "beforeitsnews.com",
          "link": "http://beforeitsnews.com/conspiracy-theories/2012/09/alert-terror-plot-to-attack-democratic-national-convention-foiled-2444558.html",
          "link_type": "results"
        },
        {
          "domain": "www.theguardian.com",
          "link": "http://www.theguardian.com/world/2012/sep/06/barack-obama-dnc-speech-live",
          "link_type": "results"
        },
        {
          "domain": "live.freep.com",
          "link": "http://live.freep.com/Event/Live_coverage_from_the_Democratic_National_Convention",
          "link_type": "results"
        },
        {
          "domain": "youthradioflows.wordpress.com",
          "link": "https://youthradioflows.wordpress.com/",
          "link_type": "results"
        },
        {
          "domain": "www.gwu.edu",
          "link": "http://www.gwu.edu/~action/2008/cands08/obamamain.html",
          "link_type": "results"
        },
        {
          "domain": "www.wnd.com",
          "link": "http://www.wnd.com/2012/08/the-return-of-obamas-body-man/",
          "link_type": "results"
        },
        {
          "domain": "news.harvard.edu",
          "link": "http://news.harvard.edu/gazette/story/2008/11/obama-joins-list-of-seven-presidents-with-harvard-degrees/",
          "link_type": "results"
        },
        {
          "domain": "swampland.time.com",
          "link": "http://swampland.time.com/2012/09/06/you-were-a-senator-joe-bidens-weird-relationship-with-his-boss/",
          "link_type": "results"
        },
        {
          "domain": "ejas.revues.org",
          "link": "https://ejas.revues.org/9232",
          "link_type": "results"
        },
        {
          "domain": "www.washingtonpost.com",
          "link": "http://www.washingtonpost.com/sf/national/2015/12/22/obama-faith/",
          "link_type": "results"
        }
      ]
    }
  ]
}