{
  "Origins": "On 2 February 2015, the animal rights website Their Turn published an article reporting actor Matthew McConaughey owns a ranch in Texas that sells canned hunts (i.e., hunts in which the prey is kept in confined areas):",
  "Fact Check": "",
  "Description": "Actor Matthew McConaughey, a former spokesman for the Beef: It's What's for Dinner ad campaign, co-owns a ranch that sells canned hunts. According to his company's website, We at LP Ranch pride ourselves with our whitetail deer hunts. McConaughey purchased the LP Ranch in 2001. Six years later, the ranch decided it was time to expand by selling canned hunts. For visitors spending the night, the ranch offers Old West accommodations with a modern touch so that after the hunt, our guests can feel assured to eat some great meals and relax in all out comfort (unlike the animals who they killed for fun that day). The LP Ranch , which is owned by Matthew McConaughey, his wife Camilia Alves, and his brother Mike \"Rooster\" McConaughey, is primarily used to raise angus beef cattle. However, in 2007 the ranch built a high-fence area in order to bring customers out to participate in captive whitetail deer hunts: Along with our cattle and Quarter Horse operation, we at LP Ranch also pride ourselves with our whitetail deer hunts. Going on seven consecutive years, our deer have had protein and high-quality feed available year round. Our costs may go up but we believe in never letting our deer see the bottom of a feed bunk. Keeping feed out for them 365 days a year ensures the highest level of nutrition. In 2007, we decided it was time to expand. So, we chose to high fence the headquarters in Irion County which allows for better management and maintenance of our deer herd. With a young deer herd, we feel extremely blessed to have had a great gene pool from the beginning. While it's true the actor purchased the LP Ranch with his brother in 2001, he reportedly has very little to do with the operation of the business. A profile in Men's Journal noted the actor occasionally uses the ranch as a getaway, and in a 2013 interview , Madison McConaughey , LP Ranch Cattle Manager and the actor's nephew, said while the Academy Award winner does help with the day-to-day operations while he is on the premises, he spends very little time at the ranch and focuses on the cattle-raising aspect: I asked Madison what Matthew McConaughey's role is on the ranch and what Matthew's thoughts are about producing Angus cattle. Matthew gets very little time to spend at the ranch; he is usually traveling and busy with his career and new family. When he does get time to visit the ranch, he likes to drive around and look at the cattle and assist with the day-to-day operations. Additionally, he likes to view the beautiful scenery of the ranch by jogging the hills. When I asked Madison why Matthew felt is was important to raise Angus cattle and support the beef industry, he said Matthew feels it is a part of his family's heritage that he wants to embrace, and it is important to produce high-quality beef. There are approximately 1,000 high-fence hunting operations in the United States.",
  "Originally Published": "",
  "Referred Links": "http://www.fieldandstream.com/node/1005011218;http://www.angus.org/njaa/scoop/files/assets/seo/page12.html;http://www.mensjournal.com/magazine/matthew-mcconaugheys-life-on-the-road-20140116;http://www.apnewsarchive.com/2001/McConaughey-Buys-Texas-Ranch/id-4a6399ea4dbebd1b7407ca1c9a740247;http://www.lpangusranch.com/hunting.html;http://www.lpangusranch.com/staff.html;http://www.humanesociety.org/issues/captive_hunts/;http://theirturn.net/2015/02/02/matthew-mcconaughey-sells-canned-hunts/;",
  "Example": "[Collected via e-mail, January 2015] Does Actor Matthew McConaughey own a ranch that sells canned hunts?",
  "Last Updated": "4 February 2015",
  "Credibility": "true",
  "URL": "www.snopes.com/politics/guns/mcconaugheyranch.asp",
  "Claim": "Actor Matthew McConaughey co-owns a cattle ranch in Texas that offers canned deer hunts.",
  "Claim_ID": "politics_guns_mcconaugheyranch",
  "Tags": "",
  "Google Results": [
    {
      "results": [
        {
          "domain": "www.snopes.com",
          "link": "http://www.snopes.com/politics/guns/mcconaugheyranch.asp",
          "link_type": "results"
        },
        {
          "domain": "theirturn.net",
          "link": "http://theirturn.net/2015/02/02/matthew-mcconaughey-sells-canned-hunts/",
          "link_type": "results"
        },
        {
          "domain": "www.nydailynews.com",
          "link": "http://www.nydailynews.com/entertainment/gossip/mcconaughey-crosshairs-canned-hunts-kin-ranch-article-1.2103609",
          "link_type": "results"
        },
        {
          "domain": "www.dailymail.co.uk",
          "link": "http://www.dailymail.co.uk/tvshowbiz/article-2940164/Matthew-McConaughey-s-rep-denies-owns-hunting-ranch-animal-rights-activists-launch-petition-attacking-him.html",
          "link_type": "results"
        },
        {
          "domain": "www.facebook.com",
          "link": "https://www.facebook.com/snopes/posts/591832340961289",
          "link_type": "results"
        },
        {
          "domain": "www.tmz.com",
          "link": "http://www.tmz.com/2015/02/04/matthew-mcconaughey-hunting-killing-deer-ranch/",
          "link_type": "results"
        },
        {
          "domain": "www.thetruthaboutguns.com",
          "link": "http://www.thetruthaboutguns.com/2015/02/robert-farago/matthew-mcconaughey-i-dont-own-texas-deer-hunting-ranch/",
          "link_type": "results"
        },
        {
          "domain": "www.ijreview.com",
          "link": "http://www.ijreview.com/2015/02/245647-matthew-mcconaughey-fire-caged-hunting-ranch/",
          "link_type": "results"
        },
        {
          "domain": "www.stuff.co.nz",
          "link": "http://www.stuff.co.nz/entertainment/celebrities/65806634/McConaughey-under-fire-for-cruel-hunting-practise",
          "link_type": "results"
        },
        {
          "domain": "www.lpangusranch.com",
          "link": "http://www.lpangusranch.com/staff.html",
          "link_type": "results"
        },
        {
          "domain": "",
          "link": "/aclk?sa=L&ai=CymrjHaWnVpyWJ4vepAOglIbQCc-q3dEHl86-5rMC-PSP1isIABABYOUDyAEBqgQlT9C4ZIDVfeEnQ8CYIOxutfqowEOmSlExTohcGR3WBFaB7r3PfYAH5_XgO5AHA6gHpr4b2AcB&sig=AOD64_2vBtTt6FCwUWDAXOL0DlTOmMkFyA&clui=0&q=&ved=0ahUKEwi51Nv5-MfKAhWMyIMKHQvUA2kQ0QwIGA&adurl=http://dixonwater.org/ranches/",
          "link_type": "ads_main"
        }
      ]
    },
    {
      "results": [
        {
          "domain": "hoax.trendolizer.com",
          "link": "http://hoax.trendolizer.com/2015/02/matthew-mcconaughey-owns-a-canned-hunting-ranch-in-texas.html",
          "link_type": "results"
        },
        {
          "domain": "www.opposingviews.com",
          "link": "http://www.opposingviews.com/i/society/animal-rights/animal-rights-activists-criticize-ranch-matthew-mcconaughey-once-co-owned",
          "link_type": "results"
        },
        {
          "domain": "www.huffingtonpost.com",
          "link": "http://www.huffingtonpost.com/karen-dawn/mcconaughey-missteps-is-c_b_6641386.html",
          "link_type": "results"
        },
        {
          "domain": "www.examiner.com",
          "link": "http://www.examiner.com/article/matthew-mcconaughey-texas-ranch-offers-captive-deer-hunts",
          "link_type": "results"
        },
        {
          "domain": "www.femalefirst.co.uk",
          "link": "http://www.femalefirst.co.uk/board/viewtopic.php?t=673871",
          "link_type": "results"
        },
        {
          "domain": "www.inquisitr.com",
          "link": "http://www.inquisitr.com/1816491/matthew-mcconaughey-gets-death-threats-by-animal-rights-activists-over-hunting-ranch/",
          "link_type": "results"
        },
        {
          "domain": "viralsurvival.com",
          "link": "http://viralsurvival.com/2015/02/05/matthew-mcconaughey-in-hot-water-over-hunting-business/",
          "link_type": "results"
        },
        {
          "domain": "www.aceshowbiz.com",
          "link": "http://www.aceshowbiz.com/news/view/00079761.html",
          "link_type": "results"
        },
        {
          "domain": "indianexpress.com",
          "link": "http://indianexpress.com/article/entertainment/hollywood/matthew-mcconaughey-gets-threats-from-animal-activists/",
          "link_type": "results"
        },
        {
          "domain": "www.veooz.com",
          "link": "https://www.veooz.com/news/pIRZ_Q3.html",
          "link_type": "results"
        },
        {
          "domain": "",
          "link": "/aclk?sa=L&ai=CTL0zIKWnVqzUA4rgpAPXvbSACc-q3dEHl86-5rMC-PSP1isIABABYOUDkAECyAEBqgQlT9Bml7emzXnsdze2jhcVEgsLIN4QjczhUlwYY5WEdCyGOg9cs4AH5_XgO5AHA6gHpr4b2AcB&sig=AOD64_2wGHOFQbmYFU-Ym3LQVq9rVs9nZQ&clui=0&q=&ved=0ahUKEwi7uO36-MfKAhWpuIMKHV5iAV84ChDRDAgY&adurl=http://dixonwater.org/ranches/",
          "link_type": "ads_main"
        },
        {
          "domain": "",
          "link": "/aclk?sa=l&ai=C0DrrIKWnVqzUA4rgpAPXvbSACfDr3Y4I0LilmMoBipvmMggDEAEoA2DlA5ABAqABmNXC4wPIAQGqBClP0DaRKL_US91ODn8M4qZWaFLgxsrb2qJXqhl1ZG9wLIM363OP-odQnoAH0Kq9HJAHA6gHpr4b2AcB&sig=AOD64_2sK8OFCOFQRCRcUQlmk9Tyesqwyg&clui=2&q=&ved=0ahUKEwi7uO36-MfKAhWpuIMKHV5iAV84ChDRDAhb&adurl=http://www.ColoradoCattleCompany.com",
          "link_type": "ads_main"
        },
        {
          "domain": "",
          "link": "/aclk?sa=L&ai=C93i-IKWnVqzUA4rgpAPXvbSACb-igI0H59DO6RKX8KMLCAMQAigDYOUDkAECyAEBqgQkT9A22_Gmz3nsdze2jgdyJUALIN4QjczhUlwYY5WEdCyGZWWtgAf4h3yQBwOoB6a-G9gHAQ&sig=AOD64_0XVd7mqpihgBdW4boe5oMu3SSHqw&clui=7&q=&ved=0ahUKEwi7uO36-MfKAhWpuIMKHV5iAV84ChDRDAhm&adurl=http://OutfitterPros.com",
          "link_type": "ads_main"
        },
        {
          "domain": "",
          "link": "/aclk?sa=L&ai=CMBs7IKWnVqzUA4rgpAPXvbSACZPLl5sI25So6IMC-9SKEggDEAMoA2DlA5ABAsgBAaoEJU_QNsrupsh57Hc3to5bPEQJCyDeEI3M4VJcGGOVhHQshi4yfLeAB5vp_j2QBwOoB6a-G9gHAQ&sig=AOD64_0tUoQntjetXulmJw1EbNCpk7ZXXA&clui=8&q=&ved=0ahUKEwi7uO36-MfKAhWpuIMKHV5iAV84ChDRDAhs&adurl=http://lospalomosranch.com",
          "link_type": "ads_main"
        }
      ]
    },
    {
      "results": [
        {
          "domain": "www.therichest.com",
          "link": "http://www.therichest.com/rich-list/most-shocking/10-celebrities-who-are-shockingly-pro-hunting/?view=all",
          "link_type": "results"
        },
        {
          "domain": "www.pinterest.com",
          "link": "https://www.pinterest.com/LeoJabbasky/cazadores-galer%C3%ADa-de-asesinos/",
          "link_type": "results"
        },
        {
          "domain": "he-il.id-id.m.fb.me",
          "link": "https://he-il.id-id.m.fb.me/MatthewMcConaughey/videos/755899174447137/?comment_id=788037151233339&comment_tracking=%7B%22tn%22%3A%22R6%22%7D",
          "link_type": "results"
        },
        {
          "domain": "lockerdome.com",
          "link": "https://lockerdome.com/7301107282090305/7396209803399956",
          "link_type": "results"
        },
        {
          "domain": "helloreverb.com",
          "link": "https://helloreverb.com/share/interest/Mertzon,%20Texas",
          "link_type": "results"
        },
        {
          "domain": "www.indiathisweek.us",
          "link": "http://www.indiathisweek.us/article-matthew-mcconaughey-under-fire-for-cruel-hunting-practice-denies-ranch-ownership-22679.html",
          "link_type": "results"
        },
        {
          "domain": "arroz5.rssing.com",
          "link": "http://arroz5.rssing.com/chan-3975132/all_p356.html",
          "link_type": "results"
        },
        {
          "domain": "issuu.com",
          "link": "http://issuu.com/tribeza/docs/tribeza_june2014",
          "link_type": "results"
        },
        {
          "domain": "www.nwaonline.com",
          "link": "http://www.nwaonline.com/news/2014/mar/",
          "link_type": "results"
        },
        {
          "domain": "www.5280.com",
          "link": "http://www.5280.com/events/2014/01",
          "link_type": "results"
        },
        {
          "domain": "",
          "link": "/aclk?sa=L&ai=CJUncIaWnVobdJYWDpgOshLyIC8-q3dEHl86-5rMC-PSP1isIABABYOUDkAEDyAEBqgQlT9D0F6D3SbyUrVFPjaK2v_YVdgg0OGxkcMPXG9DKOP74YZQOAIAH5_XgO5AHA6gHpr4b2AcB&sig=AOD64_2BduR1deGbrAyHVdA7AHCNWfCOGQ&clui=0&q=&ved=0ahUKEwipis37-MfKAhXHlIMKHaEICUs4FBDRDAgY&adurl=http://dixonwater.org/ranches/",
          "link_type": "ads_main"
        },
        {
          "domain": "www.googleadservices.com",
          "link": "http://www.googleadservices.com/pagead/aclk?sa=L&ai=CTgjyIaWnVobdJYWDpgOshLyIC86xgaUI1tr3u9UC5PqetgQIAxABKANg5QOQAQOgAZb-x_kDyAEBqQI1Lp-6z8F-PqoEJU_QhBTx90q8lK1RT42T2vr3FXYINDhsZHDD1xvQyjj--ACdKAaIBgGAB760jDyQBwOoB6a-G9gHAQ&ohost=www.google.com.mx&cid=CAASJORosVtdA-ZobqkRBEem5CkdZYKfkQYJzzH97s3fA2XOJ8mU0A&sig=AOD64_1R5-LZqNdCNzSYEFA-kIjABtaStw&clui=1&q=&ved=0ahUKEwipis37-MfKAhXHlIMKHaEICUs4FBDRDAhR&adurl=http://www.izito.us/ws%3Fq%3Dtexas%2520deer%2520hunting%2520ranches%26asid%3Diz_us_gc5_13%26mt%3Db%26nw%3Dg%26de%3Dc%26ap%3D3o1",
          "link_type": "ads_main"
        },
        {
          "domain": "",
          "link": "/aclk?sa=L&ai=C_dU2IaWnVobdJYWDpgOshLyIC5LhhKgGqMjKjgGol8N-CAMQAigDYOUDkAEDyAEBqgQkT9CEMc_3S7yUrVFPjf-tlbIVdgg0OGxkcMPXG9DKOP74GvqWgAfSiJYBkAcDqAemvhvYBwE&sig=AOD64_3zV2C9ky2bpqJW2qG5i67OFNv-TQ&clui=2&q=&ved=0ahUKEwipis37-MfKAhXHlIMKHaEICUs4FBDRDAhW&adurl=http://www.coloradoprivateranches.com",
          "link_type": "ads_main"
        },
        {
          "domain": "",
          "link": "/aclk?sa=L&ai=CXkaDIaWnVobdJYWDpgOshLyIC83qmrgIlajNyYEB4_3sBQgDEAMoA2DlA5ABA8gBAaoEJU_QxFfb90y8lK1RT42YksW4FXYINDhsZHDD1xvQyjj--HPGIyOAB8uJ0RiQBwOoB6a-G9gHAQ&sig=AOD64_09v4pyur5Y6hjmsQPgkmCWO63J-g&clui=3&q=&ved=0ahUKEwipis37-MfKAhXHlIMKHaEICUs4FBDRDAhb&adurl=http://www.midwesthunt.com/deer/deer-index.html",
          "link_type": "ads_main"
        }
      ]
    }
  ]
}