{
  "Origins": "On 20 September 2013, the National Report published an article (\"President Obama Reported Sedated Following Emotional Breakdown\") positing that President Obama had been sedated by doctors following a \"mental breakdown\":",
  "Fact Check": "",
  "Description": "By the following day links and excerpts referencing this article were being circulated via social media, with many of those who encountered the item mistaking it for a genuine news article. However, the article was just a bit of satire from the National Report , a web site that publishes outrageous fictional stories such as \"IRS Plans to Target Leprechauns Next,\" \"Boy Scouts Announce Boobs Merit Badge,\" and \"New CDC Study Indicates Pets of Gay Couples Worse at Sports, Better at Fashion Than Pets of Straight Couples.\" The National Report 's (since removed) disclaimer page notes that: National Report is a news and political satire web publication, which may or may not use real names, often in semi-real or mostly fictitious ways. All news articles contained within National Report are fiction, and presumably fake news. Any resemblance to the truth is purely coincidental.",
  "Originally Published": "",
  "Referred Links": "http://web.archive.org/web/20130805225747/http://nationalreport.net/disclaimer/;http://nationalreport.net/meltdown-washington-president-obama-reported-sedated-following-emotional-breakdown/;",
  "Example": "[Collected via Facebook, September 2013] Is it true that Obama has had some sort of emotional breakdown and has been sedated? Facebook is saying so. Thanks for clearing this up for all of us.",
  "Last Updated": "21 September 2013",
  "Credibility": "false",
  "URL": "www.snopes.com/Politics/satire/breakdown.asp",
  "Claim": "President Obama has suffered a \"mental breakdown.\"",
  "Claim_ID": "Politics_satire_breakdown",
  "Tags": "",
  "Google Results": [
    {
      "results": [
        {
          "domain": "www.snopes.com",
          "link": "http://www.snopes.com/politics/satire/breakdown.asp",
          "link_type": "results"
        },
        {
          "domain": "beforeitsnews.com",
          "link": "http://beforeitsnews.com/survival/2013/09/breaking-point-president-obama-reportedly-sedated-following-mental-meltdown-2490360.html",
          "link_type": "results"
        },
        {
          "domain": "www.truthorfiction.com",
          "link": "https://www.truthorfiction.com/potus-breakdown-092413/",
          "link_type": "results"
        },
        {
          "domain": "investmentwatchblog.com",
          "link": "http://investmentwatchblog.com/alert-mega-alert-news-flash-has-president-obama-had-a-breakdown/",
          "link_type": "results"
        },
        {
          "domain": "www.unitypublishing.com",
          "link": "http://www.unitypublishing.com/Government/25th%20Amendment.htm",
          "link_type": "results"
        },
        {
          "domain": "nesaranews.blogspot.com",
          "link": "http://nesaranews.blogspot.com/2013/09/meltdown-in-washington-president-obama.html",
          "link_type": "results"
        },
        {
          "domain": "www.globemagazine.com",
          "link": "http://www.globemagazine.com/content/bombshell-obama%E2%80%99s-secret-mental-breakdown",
          "link_type": "results"
        },
        {
          "domain": "sgtreport.com",
          "link": "http://sgtreport.com/2013/09/cnn-will-never-tell-you-president-obama-reported-sedated-following-emotional-breakdown/",
          "link_type": "results"
        },
        {
          "domain": "conservativeamericaonline.blogspot.com",
          "link": "http://conservativeamericaonline.blogspot.com/2014/06/obama-suffers-mental-breakdown.html",
          "link_type": "results"
        },
        {
          "domain": "forums.hannity.com",
          "link": "http://forums.hannity.com/showthread.php?2443545-Meltdown-in-Washington-President-Obama-Reported-Sedated-Following-Emotional-Breakdow",
          "link_type": "results"
        }
      ]
    },
    {
      "results": [
        {
          "domain": "",
          "link": "/aclk?sa=l&ai=COGU3p8OmVt2AFYP7pAOs1oa4D4Ho6coHyd_Gl-ICmJKOvQ8IAxABYOWDgICoFpABAqABx8T-ywPIAQGqBChP0D7g2aFSltqupfBZQOxWNzQokkSbZ-fpB0MBdV2WFpXd6ol56pIAgAehu4E0kAcDqAemvhvYBwE&sig=AOD64_15cWbGzc3EvphIUohE7ioNURsdfw&clui=0&q=&ved=0ahUKEwicpL33ocbKAhVBs4MKHWyxBf84ChDRDAhP&adurl=http://netnebraska.org/interactive-multimedia/news/president-obama-omaha",
          "link_type": "ads_main"
        },
        {
          "domain": "www.facebook.com",
          "link": "https://www.facebook.com/TheTrutherGirls/posts/543565199032049",
          "link_type": "results"
        },
        {
          "domain": "www.telegraph.co.uk",
          "link": "http://www.telegraph.co.uk/news/newstopics/howaboutthat/11885630/Barak-Obamas-cousin-sues-Met-after-colleagues-break-wind-near-her-desk.html",
          "link_type": "results"
        },
        {
          "domain": "books.google.com.mx",
          "link": "https://books.google.com.mx/books?id=VaiRBAAAQBAJ&pg=PT1234&lpg=PT1234&dq=President+Obama+has+suffered+a+%22mental+breakdown.%22&source=bl&ots=A8vXhCEwzu&sig=aEcSumbmBBZh1Bk3JvIiZfLBKlA&hl=en&sa=X&ved=0ahUKEwicpL33ocbKAhVBs4MKHWyxBf84ChDoAQgiMAI",
          "link_type": "results"
        },
        {
          "domain": "www.stormfront.org",
          "link": "https://www.stormfront.org/forum/t995224-2/",
          "link_type": "results"
        },
        {
          "domain": "www.sodahead.com",
          "link": "http://www.sodahead.com/united-states/obama-reported-sedated-following-emotional-breakdown/question-3942313/",
          "link_type": "results"
        },
        {
          "domain": "www.hollywoodtake.com",
          "link": "http://www.hollywoodtake.com/scott-stapp-unstable-creed-singers-mental-health-issues-revealed-disturbing-audio-clips-65432",
          "link_type": "results"
        },
        {
          "domain": "www.theguardian.com",
          "link": "http://www.theguardian.com/uk-news/2015/sep/23/barack-obamas-cousin-suing-london-met-police-for-campaign-of-harassment",
          "link_type": "results"
        },
        {
          "domain": "www.americanfreedombybarbara.com",
          "link": "http://www.americanfreedombybarbara.com/2013/09/president-obama-reported-sedated.html",
          "link_type": "results"
        },
        {
          "domain": "fortune.com",
          "link": "http://fortune.com/2015/09/24/obamas-cousin-suing-police/",
          "link_type": "results"
        },
        {
          "domain": "articles.latimes.com",
          "link": "http://articles.latimes.com/keyword/mental-breakdown",
          "link_type": "results"
        }
      ]
    },
    {
      "results": [
        {
          "domain": "forum.davidicke.com",
          "link": "http://forum.davidicke.com/showthread.php?t=256810",
          "link_type": "results"
        },
        {
          "domain": "boomerspeaks.com",
          "link": "http://boomerspeaks.com/0000ObamaInsane.htm",
          "link_type": "results"
        },
        {
          "domain": "www.ultimate-guitar.com",
          "link": "https://www.ultimate-guitar.com/news/upcoming_releases/creed_reunion_is_happening_scott_stapp_feels_inspired_by_his_mental_breakdown.html",
          "link_type": "results"
        },
        {
          "domain": "www.rollingstone.com",
          "link": "http://www.rollingstone.com/music/features/scott-stapp-on-mental-breakdown-reality-tv-and-creeds-future-20151026",
          "link_type": "results"
        },
        {
          "domain": "itunes.apple.com",
          "link": "https://itunes.apple.com/us/podcast/the-mental-breakdown/id972400626?mt=2",
          "link_type": "results"
        },
        {
          "domain": "www.tucsonweekly.com",
          "link": "http://www.tucsonweekly.com/TheRange/archives/2016/01/05/obama-takes-executive-action-to-limit-gun-violence-let-the-shouting-begin",
          "link_type": "results"
        },
        {
          "domain": "www.godlikeproductions.com",
          "link": "http://www.godlikeproductions.com/forum1/message2360977/pg1",
          "link_type": "results"
        },
        {
          "domain": "www.hypable.com",
          "link": "http://www.hypable.com/amanda-bynes-president-obama/",
          "link_type": "results"
        },
        {
          "domain": "www.larouchepub.com",
          "link": "http://www.larouchepub.com/other/2010/3740lar_invoke_25amendment.html",
          "link_type": "results"
        },
        {
          "domain": "trofire.com",
          "link": "http://trofire.com/2015/09/02/hard-to-tell-whether-this-texas-racist-white-freak-is-suffering-from-severe-mental-breakdown/",
          "link_type": "results"
        }
      ]
    }
  ]
}