{
  "Origins": "In May 2008, with crude oil prices on their way to a new record of $147 per barrel and the U.S. average price for regular gasoline climbing to an all-time high of $4.11 per gallon, the House and Senate Judiciary Committees held hearings during which Congressmembers questioned executives from five of the nation's biggest oil companies (Exxon Mobil, Shell, Chevron, ConocoPhillips and BP America) about high gasoline prices and oil company profits.",
  "Fact Check": "",
  "Description": "While some Democrats in Congress \"questioned whether the companies were illegally fixing prices to hoard profits and voiced suspicions that they were in cahoots with Vice President Dick Cheney to enrich the energy industry,\" and suggested price-lowering actions such as implementing windfall profit taxes on oil companies or allowing OPEC members to be sued in U.S. courts under antitrust laws, oil company execs asserted that the current high gas prices were the result of supply-and-demand forces beyond their control and that additional taxes would do nothing to rectify that condition: The executives firmly insisted that global market forces beyond their control were to blame for high prices. \"As repetitive and uninteresting as it may sound, the fundamental laws of supply and demand are at work,\" said John Hofmeister, the president of Shell Oil Company. The executives politely but just as firmly insisted that Congress should focus its efforts on allowing more drilling and exploration for domestic oil in the Arctic National Wildlife Refuge, offshore in the Atlantic and Pacific, and in the eastern Gulf of Mexico. They insisted that they were investing heavily in search of new oil supplies. And they strongly warned against other measures: any new tax on profits would put American companies at a disadvantage and only further decrease oil supply; a temporary suspension of the federal gas tax would increase demand and only raise prices more; lawsuits against foreign nations would do nothing to lower prices. During the House sessions, Democratic Rep. Maxine Waters of California \"pounded on [Exxon Mobil's] senior vice president, J. Stephen Simon, demanding to know if gas prices would be lower if the company earned a few billion dollars less,\" and she challenged John Hofmeister, the president of Shell Oil, to guarantee that consumer gas prices consumers would go down if the oil companies were allowed to dril wherever they wanted off of U.S. shores. Hofmeister responded by asserting forcefully that \"I can guarantee to the American people, because of the inaction of the United States Congress, ever increasing prices, unless the demand comes down ... and the five dollars [per gallon price] will look like a very low price in the years to come if we are prohibited from finding new reserves, new opportunities to increase supplies.\" At another point Rep. Waters asserted, \"And guess what this liberal will be all about. This liberal will be all about socializ... uh, uh ... would be about [long pause] basically taking over, and the government running all of your companies.\" The word Waters appeared to be unsuccessfully searching for was \"nationalizing,\" something she described as an \"extreme step\" but one that might be necessary if outsize profits and exorbitant gasoline prices continued. Waters' comments did not \"reveal a socialist agenda from Barack Obama,\" however, as the hearings took place several months prior to the election that put the Illinois senator in the White House, before he was even selected as the Democratic Party's nominee for the presidency.",
  "Originally Published": "",
  "Referred Links": "",
  "Example": "[Collected via e-mail, March 2012] About Congresswoman Maxine Waters and the head of Shell oil. Supposedly she makes a \"slip up\" and reveals a socialist agenda from Barak Obama. Is this film clip true or doctored? Congresswoman Makes a Huge Slip Very short clip, but please listen! Congresswoman Maxine Waters discussing drilling for oil reserves. In a slip of the tongue, she reveals what this whole thing is all about. Notice the reaction of the people behind her. What she said is The Truth, accidentally. Notice that when she realized what she revealed to the public and the media, it stopped her dead in her own tracks, but too late. Just hope the country wakes up before the 2012 elections. She leaked out the Left's cary agenda, government ownership. I don't think it is possible for too many Americans to see this video. Please send it far and wide across America, and as fast as possible.",
  "Last Updated": "13 March 2012",
  "Credibility": "true",
  "URL": "www.snopes.com/politics/business/waters.asp",
  "Claim": "Video clip shows Rep. Maxine Waters comments during a Congressional hearing about nationalizing the oil industry.",
  "Claim_ID": "politics_business_waters",
  "Tags": "",
  "Google Results": [
    {
      "results": [
        {
          "domain": "www.snopes.com",
          "link": "http://www.snopes.com/politics/business/waters.asp",
          "link_type": "results"
        },
        {
          "domain": "www.youtube.com",
          "link": "https://www.youtube.com/watch?v=o3I-PVVowFY",
          "link_type": "results"
        },
        {
          "domain": "www.youtube.com",
          "link": "https://www.youtube.com/watch?v=OrA9zj94NuU",
          "link_type": "results"
        },
        {
          "domain": "www.wnd.com",
          "link": "http://www.wnd.com/2008/05/65111/",
          "link_type": "results"
        },
        {
          "domain": "hotair.com",
          "link": "http://hotair.com/archives/2008/05/23/waters-slip-obamas-quip-and-the-upcoming-socialist-trip/",
          "link_type": "results"
        },
        {
          "domain": "hotair.com",
          "link": "http://hotair.com/archives/2010/02/26/video-maxine-waters-ben-bernanke-try-to-debate-monetary-policy/",
          "link_type": "results"
        },
        {
          "domain": "www.freerepublic.com",
          "link": "http://www.freerepublic.com/focus/f-bloggers/2894431/posts",
          "link_type": "results"
        },
        {
          "domain": "www.freerepublic.com",
          "link": "http://www.freerepublic.com/focus/chat/833678/posts?page=8652",
          "link_type": "results"
        },
        {
          "domain": "www.vidinfo.org",
          "link": "http://www.vidinfo.org/video/32832145/maxine-waters-on-the-oil-industry",
          "link_type": "results"
        },
        {
          "domain": "www.facebook.com",
          "link": "https://www.facebook.com/DutchsinseOfficial/posts/403394926387269",
          "link_type": "results"
        }
      ]
    },
    {
      "results": [
        {
          "domain": "therightscoop.com",
          "link": "http://therightscoop.com/ny-assemblyman-exposes-real-gun-control-confiscation-agenda-of-democrats/",
          "link_type": "results"
        },
        {
          "domain": "www2.ljworld.com",
          "link": "http://www2.ljworld.com/weblogs/did_i_say_that/tags/social-responsibility/",
          "link_type": "results"
        },
        {
          "domain": "word.world-citizenship.org",
          "link": "http://word.world-citizenship.org/wp-archive/author/heidi/page/4",
          "link_type": "results"
        },
        {
          "domain": "word.world-citizenship.org",
          "link": "http://word.world-citizenship.org/page/2?s=youtube",
          "link_type": "results"
        },
        {
          "domain": "www.thedailygouge.com",
          "link": "http://www.thedailygouge.com/?p=1317",
          "link_type": "results"
        },
        {
          "domain": "thenewliberator.wordpress.com",
          "link": "https://thenewliberator.wordpress.com/2009/11/12/huey-p-newton/",
          "link_type": "results"
        },
        {
          "domain": "www.atraditionallifelived.com",
          "link": "http://www.atraditionallifelived.com/2010_07_01_archive.html",
          "link_type": "results"
        },
        {
          "domain": "therightrant.blogspot.com",
          "link": "http://therightrant.blogspot.com/2008_11_01_archive.html",
          "link_type": "results"
        },
        {
          "domain": "www.flyingdebris.blogspot.com",
          "link": "http://www.flyingdebris.blogspot.com/2008_05_01_archive.html",
          "link_type": "results"
        },
        {
          "domain": "www.distance-healer.com",
          "link": "http://www.distance-healer.com/html/economy2.html",
          "link_type": "results"
        }
      ]
    },
    {
      "results": [
        {
          "domain": "amormundi.blogspot.com",
          "link": "http://amormundi.blogspot.com/2011_09_01_archive.html",
          "link_type": "results"
        },
        {
          "domain": "idiots4obama.blogspot.com",
          "link": "http://idiots4obama.blogspot.com/2010_07_01_archive.html",
          "link_type": "results"
        },
        {
          "domain": "mypetjawa.mu.nu",
          "link": "http://mypetjawa.mu.nu/archives/2008_09.php",
          "link_type": "results"
        },
        {
          "domain": "www.jasonhayes.org",
          "link": "http://www.jasonhayes.org/2008/05/",
          "link_type": "results"
        },
        {
          "domain": "blogs.sacbee.com",
          "link": "http://blogs.sacbee.com/capitolalertlatest/2010/08/06/",
          "link_type": "results"
        },
        {
          "domain": "www.casescorner.com",
          "link": "http://www.casescorner.com/id49.html",
          "link_type": "results"
        },
        {
          "domain": "communitybridge.blogspot.com",
          "link": "http://communitybridge.blogspot.com/2010_06_01_archive.html",
          "link_type": "results"
        },
        {
          "domain": "www.readbag.com",
          "link": "http://www.readbag.com/votethemouttoday-pdf-obamatimeline",
          "link_type": "results"
        },
        {
          "domain": "freedomismist.blogspot.com",
          "link": "http://freedomismist.blogspot.com/2012_02_01_archive.html",
          "link_type": "results"
        },
        {
          "domain": "www.15august.ch",
          "link": "http://www.15august.ch/index.php?section=gallery&cid=9&pId=118",
          "link_type": "results"
        }
      ]
    }
  ]
}