{
  "Origins": "As of 2001, the compensation paid to the President of the United States as established by Congress includes a $400,000 annual salary as well as a $50,000 annual expense account, a $100,000 nontaxable travel account, and $19,000 for entertainment.",
  "Fact Check": "",
  "Description": "On 31 May 2013, the Palookaville Post published an article stating that President Barack Obama had circumvented Congress by issuing an Executive Order (announced late on a Friday to keep word of it out of the daily news cycle) granting himself a whopping 25% salary increase, to $500,000 per year: Friday a White House press release was inadvertently distributed early to news organizations announcing that President Barack Hussein Obama had signed an executive order giving himself a pay raise to $500,000 annually. White House staff failed to squash the story as the press release was intended to be distributed late in the day on Friday, after the deadline when most news agencies are able to publish breaking news stories. Critics of the President s executive order say the move makes Obama seem \"politically tone deaf\" because he gave himself a raise at a time when the federal government is arbitrarily cutting services and benefits due to sequestration. By the following day links and reproductions of this article were being circulated via social media, with many of those who encountered it (such as I Am is at the Doors and GOP The Daily Dose ) mistaking it for a genuine news article. However, this item was a fictional spoof, merely a bit of political humor from the Palookaville Post , a satirical web publication whose other recent spoofs include topics such as \"Obamacare Plans to Sell List of Viagra Users to Match.com,\" \"Obama Searches for Special White House Counsel on Craigslist,\" and \"Feds Blame Ronald Reagan for Current Rise in Suicide Rate.\" The fantastically fictional Weekly World News beat the Palookaville Post to this spoof, publishing an article in June 2011 which reported that President Obama had issued an Executive Order raising his salary to $1 million a year in addition to a one-time bonus of $200,000 \"for killing Osama Bin Laden.\"",
  "Originally Published": "",
  "Referred Links": "http://web.archive.org/web/20110623083806/http://weeklyworldnews.com/politics/34743/obama-gives-himself-a-raise/;http://www.palookavillepost.com/;http://gopthedailydose.com/2013/06/02/obama-signs-executive-order-giving-himself-a-pay-increase/;http://iamisatthedoors.wordpress.com/2013/05/31/obama-signs-executive-order-giving-himself-a-pay-increase/;http://www.palookavillepost.com/2013/05/31/obama-signs-executive-order-giving-himself-a-pay-increase/;",
  "Example": "[Collected via e-mail, May 2013] Is this a true statement? Friday a White House press release was inadvertently distributed early to news organizations announcing that President Barack Hussein Obama had signed an executive order giving himself a pay raise to $500,000 annually.",
  "Last Updated": "3 June 2013",
  "Credibility": "false",
  "URL": "www.snopes.com/Politics/satire/payraise.asp",
  "Claim": "President Obama issued an executive order granting himself a $100,000 pay raise.",
  "Claim_ID": "Politics_satire_payraise",
  "Tags": "",
  "Google Results": [
    {
      "results": [
        {
          "domain": "www.snopes.com",
          "link": "http://www.snopes.com/politics/satire/payraise.asp",
          "link_type": "results"
        },
        {
          "domain": "sg.answers.yahoo.com",
          "link": "https://sg.answers.yahoo.com/question/index?qid=20160120160007AA2bvba",
          "link_type": "results"
        },
        {
          "domain": "m.facebook.com",
          "link": "https://m.facebook.com/snopes/photos/a.241067746037752.1073741828.241061082705085/268124233332103/?type=1&comment_id=677082&offset=0&total_comments=43",
          "link_type": "results"
        },
        {
          "domain": "the45thsurg.freeservers.com",
          "link": "http://the45thsurg.freeservers.com/A_I_WANT_THE_TRUTH.html",
          "link_type": "results"
        },
        {
          "domain": "drleonardcoldwell.com",
          "link": "http://drleonardcoldwell.com/tag/gun-control/page/3/?print=pdf-search",
          "link_type": "results"
        },
        {
          "domain": "www.truthrevolt.org",
          "link": "http://www.truthrevolt.org/news/report-obama-preparing-massive-executive-order-grant-work-permits-foreign-college-grads",
          "link_type": "results"
        },
        {
          "domain": "ec2-23-20-167-227.compute-1.amazonaws.com",
          "link": "http://ec2-23-20-167-227.compute-1.amazonaws.com/curation/national/archive/?page=113",
          "link_type": "results"
        },
        {
          "domain": "camelopardid2.rssing.com",
          "link": "http://camelopardid2.rssing.com/chan-1192507/all_p39.html",
          "link_type": "results"
        },
        {
          "domain": "theuspatriot.com",
          "link": "http://theuspatriot.com/2014/04/09/obama-gives-himself-a-pay-raise/",
          "link_type": "results"
        },
        {
          "domain": "federalnewsradio.com",
          "link": "http://federalnewsradio.com/workforce/2015/12/obama-authorizes-pay-raise-for-federal-employees-in-2016/",
          "link_type": "results"
        }
      ]
    },
    {
      "results": [
        {
          "domain": "m.delphiforums.com",
          "link": "http://m.delphiforums.com/newtish/messages/46433/204",
          "link_type": "results"
        },
        {
          "domain": "wlad.com",
          "link": "http://wlad.com/local-headlines/",
          "link_type": "results"
        },
        {
          "domain": "www.wsj.com",
          "link": "http://www.wsj.com/articles/obama-targets-major-loophole-in-income-tax-code-1422300573",
          "link_type": "results"
        },
        {
          "domain": "www.dailymail.co.uk",
          "link": "http://www.dailymail.co.uk/news/article-3152624/The-Clintons-headache-brother-Roger-paid-100-000-influence-Bill.html",
          "link_type": "results"
        },
        {
          "domain": "www.501c3.org",
          "link": "https://www.501c3.org/nonprofit-executive-compensation/",
          "link_type": "results"
        },
        {
          "domain": "www.illinoisherald.com",
          "link": "http://www.illinoisherald.com/corruption/",
          "link_type": "results"
        },
        {
          "domain": "akdart.com",
          "link": "http://akdart.com/obama140.html",
          "link_type": "results"
        },
        {
          "domain": "danfromsquirrelhill.wordpress.com",
          "link": "https://danfromsquirrelhill.wordpress.com/2013/08/15/obama-252/",
          "link_type": "results"
        }
      ]
    },
    {
      "results": [
        {
          "domain": "www.foxnews.com",
          "link": "http://www.foxnews.com/politics/2015/02/05/obama-muslim-meeting-said-to-focus-on-alarming-rise-bigotry.html",
          "link_type": "results"
        },
        {
          "domain": "www.forgetstudentloandebt.com",
          "link": "http://www.forgetstudentloandebt.com/student-loan-relief-programs/federal-student-loan-relief/federal-forgiveness-programs/president-obamas-student-loan-forgiveness-program/",
          "link_type": "results"
        },
        {
          "domain": "truthcdm.com",
          "link": "http://truthcdm.com/25-violations-of-law-by-president-obama-and-his-administration/",
          "link_type": "results"
        },
        {
          "domain": "www.washingtontimes.com",
          "link": "http://www.washingtontimes.com/news/2011/oct/26/obama-unveils-student-debt-relief-plan/?page=all",
          "link_type": "results"
        },
        {
          "domain": "www.sjpba.net",
          "link": "http://www.sjpba.net/Farsider/061313.htm",
          "link_type": "results"
        },
        {
          "domain": "thehill.com",
          "link": "http://thehill.com/blogs/pundits-blog/finance/243689-granting-obama-fast-track-authority-reinforces-bad-behavior",
          "link_type": "results"
        },
        {
          "domain": "www.bostonglobe.com",
          "link": "https://www.bostonglobe.com/metro/2014/09/17/ethics-commission-inquiring-about-proposed-boston-city-council-pay-hike/F77oPcDlX1GV21iV0VfbGN/story.html",
          "link_type": "results"
        },
        {
          "domain": "chicago.suntimes.com",
          "link": "http://chicago.suntimes.com/news-chicago/7/71/294082/uic-chancellor-gets-nearly-100000-bonus-way-door",
          "link_type": "results"
        },
        {
          "domain": "www.factcheck.org",
          "link": "http://www.factcheck.org/2011/06/obamas-bumbles/",
          "link_type": "results"
        },
        {
          "domain": "afgelocal704.org",
          "link": "http://afgelocal704.org/2014/08/",
          "link_type": "results"
        }
      ]
    }
  ]
}