{
  "Origins": "It would be the political shocker of the year if a sitting vice president of the U.S. were to endorse not his running mate, but the presidential candidate of the opposing party. The claim that Democratic vice president Joe Biden had done so by endorsing Republican presidential candidate Mitt Romney circulated on the Internet in October 2012, but it was just a bit of political humor, a spoof of Vice President Biden's reputation for letting loose with occasional verbal gaffes .",
  "Fact Check": "",
  "Description": "This item originated as a 15 September 2012 article published on the Weekly World News (WWN) web site, the online successor to the popular entertainment tabloid, whose stock in trade is fantastically fictional headlined stories such as \"Alien Spaceships to Attack Earth in November 2012\" and \"George Clooney Running for President!\"",
  "Originally Published": "",
  "Referred Links": "http://weeklyworldnews.com/;http://weeklyworldnews.com/politics/50938/biden-endorses-romney-for-president/;http://www.time.com/time/specials/packages/completelist/0,29569,1895156,00.html;",
  "Example": "[Collected via e-mail, October 2012] Is this true? Vice President Joe Biden shocked the nation in a speech last night when he endorsed Mitt Romney for President. Vice President Joe Biden reportedly told a crowd in Tampa last night that I am one hundred percent positive that for the next four years, Mitt Romney will be President of the United States. Many in the audience thought it was another one of Biden s infamous \"gaffes\" but after the speech Biden confirmed to local reporters that he was endorsing Mitt Romney for President.",
  "Last Updated": "21 October 2012",
  "Credibility": "false",
  "URL": "www.snopes.com/Politics/satire/bidenendorsement.asp",
  "Claim": "Joe Biden has endorsed Mitt Romney for President.",
  "Claim_ID": "Politics_satire_bidenendorsement",
  "Tags": "",
  "Google Results": [
    {
      "results": [
        {
          "domain": "www.snopes.com",
          "link": "http://www.snopes.com/politics/satire/bidenendorsement.asp#!",
          "link_type": "results"
        },
        {
          "domain": "en.wikipedia.org",
          "link": "https://en.wikipedia.org/wiki/Mitt_Romney_presidential_campaign,_2012",
          "link_type": "results"
        },
        {
          "domain": "duhprogressive.com",
          "link": "http://duhprogressive.com/index.php/284-shock-vice-president-joe-biden-endorses-mitt-romney",
          "link_type": "results"
        },
        {
          "domain": "weeklyworldnews.com",
          "link": "http://weeklyworldnews.com/politics/50938/biden-endorses-romney-for-president/",
          "link_type": "results"
        },
        {
          "domain": "www.newyorker.com",
          "link": "http://www.newyorker.com/news/amy-davidson/why-joe-biden-should-run",
          "link_type": "results"
        },
        {
          "domain": "articles.latimes.com",
          "link": "http://articles.latimes.com/2012/apr/02/nation/la-na-gop-biden-20120402",
          "link_type": "results"
        },
        {
          "domain": "www.politico.com",
          "link": "http://www.politico.com/playbook",
          "link_type": "results"
        },
        {
          "domain": "mittromneycentral.com",
          "link": "http://mittromneycentral.com/tag/joe-biden/",
          "link_type": "results"
        },
        {
          "domain": "www.quora.com",
          "link": "https://www.quora.com/How-would-the-2016-race-change-if-Joe-Biden-ran-for-the-presidency-today-1",
          "link_type": "results"
        },
        {
          "domain": "fivethirtyeight.com",
          "link": "http://fivethirtyeight.com/tag/mitt-romney/",
          "link_type": "results"
        }
      ]
    },
    {
      "results": [
        {
          "domain": "www.ontheissues.org",
          "link": "http://www.ontheissues.org/Mitt_Romney.htm",
          "link_type": "results"
        },
        {
          "domain": "www.occasionalplanet.org",
          "link": "http://www.occasionalplanet.org/tag/mitt-romney/",
          "link_type": "results"
        },
        {
          "domain": "fivethirtyeight.com",
          "link": "http://fivethirtyeight.com/features/joe-bidens-potential-2016-presidential-campaign/",
          "link_type": "results"
        },
        {
          "domain": "blogs.denverpost.com",
          "link": "http://blogs.denverpost.com/thespot/2014/05/27/mitt-romney-endorses-u-s-rep-mike-coffman-will-raise-money-tuesday-denver/109297/",
          "link_type": "results"
        },
        {
          "domain": "news.yahoo.com",
          "link": "http://news.yahoo.com/blogs/ticket/biden-romney-foreign-policy-totally-touch-140132267.html",
          "link_type": "results"
        },
        {
          "domain": "www.blackenterprise.com",
          "link": "http://www.blackenterprise.com/tag/mitt-romney/",
          "link_type": "results"
        },
        {
          "domain": "www.independent.co.uk",
          "link": "http://www.independent.co.uk/voices/joe-biden-presidential-bid-it-s-time-for-the-us-vice-president-to-decide-if-he-will-run-for-the-a6689236.html",
          "link_type": "results"
        },
        {
          "domain": "www.chicagotribune.com",
          "link": "http://www.chicagotribune.com/news/opinion/commentary/ct-joe-biden-president-20150825-story.html",
          "link_type": "results"
        },
        {
          "domain": "www.thedailyrash.com",
          "link": "http://www.thedailyrash.com/naacp-endorses-mitt-romney-for-president/",
          "link_type": "results"
        },
        {
          "domain": "www.truthdig.com",
          "link": "http://www.truthdig.com/report/item/why_didnt_joe_biden_run_for_president_20151021",
          "link_type": "results"
        }
      ]
    },
    {
      "results": [
        {
          "domain": "www.nytimes.com",
          "link": "http://www.nytimes.com/2015/08/07/upshot/how-joe-biden-is-already-running-for-president.html",
          "link_type": "results"
        },
        {
          "domain": "www.bbc.com",
          "link": "http://www.bbc.com/news/world-us-canada-33697387",
          "link_type": "results"
        },
        {
          "domain": "hotair.com",
          "link": "http://hotair.com/archives/2014/09/23/joe-biden-2012-can-you-believe-mitt-romney-wants-to-hit-syria/",
          "link_type": "results"
        },
        {
          "domain": "www.thedailybeast.com",
          "link": "http://www.thedailybeast.com/cheats/2015/10/16/aide-hints-at-biden-s-possible-2016-plan.html",
          "link_type": "results"
        },
        {
          "domain": "www.dailynews.com",
          "link": "http://www.dailynews.com/opinion/20121026/los-angeles-news-group-endorsement-mitt-romney-for-president",
          "link_type": "results"
        },
        {
          "domain": "www.huffingtonpost.com",
          "link": "http://www.huffingtonpost.com/2012/07/12/joe-biden-dick-cheney_n_1668845.html",
          "link_type": "results"
        },
        {
          "domain": "www.thefederalistpapers.org",
          "link": "http://www.thefederalistpapers.org/us/joe-biden-for-president-if-obama-gets-this-condition-met",
          "link_type": "results"
        },
        {
          "domain": "politicalticker.blogs.cnn.com",
          "link": "http://politicalticker.blogs.cnn.com/",
          "link_type": "results"
        },
        {
          "domain": "www.dailymail.co.uk",
          "link": "http://www.dailymail.co.uk/news/article-2216817/U-S-presidential-election-2012-Lindsay-Lohan-endorses-Mitt-Romney.html",
          "link_type": "results"
        },
        {
          "domain": "www.telegraph.co.uk",
          "link": "http://www.telegraph.co.uk/news/worldnews/us-election/9585034/US-presidential-debate-Mitt-Romney-to-attack-Barack-Obama-with-Joe-Bidens-words.html",
          "link_type": "results"
        }
      ]
    }
  ]
}