{
  "Origins": "On 23 November 2014, the Wall Street Journal published an article entitled \"Bud Crowded Out by Craft Beer Craze.\"",
  "Fact Check": "",
  "Description": "Although that piece mentioned Budweiser's famous Clydesdale horses in its subheading (\"Faded Beer Brand Unhitches Clydesdales in Favor of Fresher Pitches to Young People\"), the content focused on the brand's struggle to remain relevant with younger beer drinkers amidst a market influx of craft beers. The article focused primarily on the hard stats of Budweiser's waning popularity among twentysomethings, but it did include a few references to the use of Clydesdales in advertisements for the beer brand: The company has decided that persuading 21- to 27-year-olds to grab a Bud is the best chance to stop the free-fall. After years of developing advertising and marketing that appeals to all ages, AB InBev plans to concentrate future Budweiser promotions exclusively on that age bracket. That means it won't trot out the traditional Budweiser Clydesdales for this year's holiday advertising. Persuading them to drink Bud won't be easy. Since 1987, the company has showcased the brand during the holidays with a commercial of its famous Clydesdales, powerful, white-legged horses pulling a red Budweiser carriage through the snow. Instead, this season Budweiser will air spots featuring people in their 20s looking directly into the camera and calling out friends' names as a narrator asks \"If you could grab a Bud with any of your friends these holidays, who would it be?\" Reaction to the article was swift and presumptive, with many Budweiser Clydesdale fans on social media sites objecting to the ads' discontinuation. On 24 November 2014, Budweiser issued one of many clarifications on the matter of the Clydesdales via its Twitter account: Don't believe everything that trends. The Budweiser #Clydesdales aren't going anywhere. pic.twitter.com/dzHPAGmhhX Budweiser (@Budweiser) November 25, 2014 On 24 November 2014, Budweiser released a longer statement confirming that the Clydesdales were not being retired by the brand: The story this morning may have left a wrong impression the Budweiser Clydesdales will, in fact, be featured in next year's Super Bowl advertising and are also a part of upcoming holiday responsible drinking advertising. The Clydesdales play a strong role for the brand, representing Budweiser quality and care for more than 80 years. As icons of the brand and relevant symbols of integrity, perfection and team spirit for all generations they are important to the brand and our campaigns. After issuing that statement, Budweiser also individually reassured Twitter users that the brand's \"Clydesdales aren't going anywhere.\" It wasn't clear whether the company had initially planned to partially retire the mascots and only relented in the face of negative public reaction, or whether their earlier comments about their familiar equine symbols had merely been misinterpreted.",
  "Originally Published": "",
  "Referred Links": "https://twitter.com/Budweiser/status/537061420555177984;http://t.co/dzHPAGmhhX;https://twitter.com/hashtag/Clydesdales?src=hash;http://online.wsj.com/articles/budweiser-ditches-the-clydesdales-for-jay-z-1416784086;",
  "Example": "[Collected via e-mail, November 2014] Is Budweiser going to stop using the famous Clydesdales in theirads this holiday season? There is rumor that Budweiser is going to stop utilizingClydesdales in their marketing. It said they have chosen to go withpopular music stars. I am hoping is not true.",
  "Last Updated": "25 November 2014",
  "Credibility": "false",
  "URL": "www.snopes.com/politics/business/clydesdales.asp",
  "Claim": "Budweiser is ditching their famous Clydesdale ads in an effort to appeal to millennials.",
  "Claim_ID": "politics_business_clydesdales",
  "Tags": "",
  "Google Results": [
    {
      "results": [
        {
          "domain": "www.snopes.com",
          "link": "http://www.snopes.com/politics/business/clydesdales.asp",
          "link_type": "results"
        },
        {
          "domain": "www.wsj.com",
          "link": "http://www.wsj.com/articles/budweiser-ditches-the-clydesdales-for-jay-z-1416784086",
          "link_type": "results"
        },
        {
          "domain": "www.epictimes.com",
          "link": "http://www.epictimes.com/2014/11/budweiser-ditches-clydesdales-beer-giant-makes-pitch-to-youth/",
          "link_type": "results"
        },
        {
          "domain": "blogs.mprnews.org",
          "link": "http://blogs.mprnews.org/newscut/2014/11/goodbye-clydesdales-hello-zombies/",
          "link_type": "results"
        },
        {
          "domain": "4buythebest.com",
          "link": "http://4buythebest.com/budweiser-clydesdales-come-to-town-manomet-plymouth-massachusetts-usa",
          "link_type": "results"
        },
        {
          "domain": "legalinsurrection.com",
          "link": "http://legalinsurrection.com/2014/11/budweiser-ditching-iconic-clydesdales-for-zombies-and-jay-z/",
          "link_type": "results"
        },
        {
          "domain": "garlandhigh1973.com",
          "link": "http://garlandhigh1973.com/forums/?forum=11&topic=30&current_page=6879",
          "link_type": "results"
        },
        {
          "domain": "archive.delawareonline.com",
          "link": "http://archive.delawareonline.com/VideoNetwork/558164483001/25-Who-Matter-Micki-Edelsohn",
          "link_type": "results"
        },
        {
          "domain": "www.dailymail.co.uk",
          "link": "http://www.dailymail.co.uk/home/sitemaparchive/day_20151028.html",
          "link_type": "results"
        },
        {
          "domain": "www.webinfobits.com",
          "link": "http://www.webinfobits.com/info/budweiser-horses",
          "link_type": "results"
        }
      ]
    },
    {
      "results": [
        {
          "domain": "sakamoto.moeruhito.com",
          "link": "http://sakamoto.moeruhito.com/e171.html",
          "link_type": "results"
        },
        {
          "domain": "www.gdgoenkaamritsar.com",
          "link": "http://www.gdgoenkaamritsar.com/article_view.php?articleid=-65",
          "link_type": "results"
        },
        {
          "domain": "www.kadet.ru",
          "link": "http://www.kadet.ru/index.php?page=forum&action=give_reply&id=309",
          "link_type": "results"
        },
        {
          "domain": "rapidbeat.blogspot.com",
          "link": "http://rapidbeat.blogspot.com/2013_02_01_archive.html",
          "link_type": "results"
        },
        {
          "domain": "topkids.id",
          "link": "http://topkids.id/content/news/detail/content.php?newscategory=film&news=shaun-the-sheep-akan-luncurkan-film-layar-lebar&act=view",
          "link_type": "results"
        },
        {
          "domain": "sourceforge.net",
          "link": "http://sourceforge.net/p/emgucv/svn/1293/tree/trunk/Emgu.CV.OCR/tessdata/eng.cube.word-freq",
          "link_type": "results"
        },
        {
          "domain": "www.tvweek.com",
          "link": "http://www.tvweek.com/open-mic/2011/01/memo-to-oprah-your-ownerous-assessment-of-tv-today-is-just-plain-wrong-but-heres-what-youre-getting/",
          "link_type": "results"
        },
        {
          "domain": "archive.org",
          "link": "https://archive.org/details/KGO_20130129_150000_ABC_News_Good_Morning_America",
          "link_type": "results"
        },
        {
          "domain": "fs09.co.kr",
          "link": "http://fs09.co.kr/notice/pc_view.php?idx=4577&nowPage=48",
          "link_type": "results"
        },
        {
          "domain": "www.maniacsofrock.de",
          "link": "http://www.maniacsofrock.de/bdr/bm_gallery.php?img=2&kat=4&show=img",
          "link_type": "results"
        }
      ]
    },
    {
      "results": [
        {
          "domain": "fortune.com",
          "link": "http://fortune.com/tag/beer/",
          "link_type": "results"
        },
        {
          "domain": "www.bullfax.com",
          "link": "http://www.bullfax.com/?q=node-bud%E2%80%99s-iconic-clydesdales-put-out-pasture-jay-z-steps",
          "link_type": "results"
        },
        {
          "domain": "word-clustering.googlecode.com",
          "link": "https://word-clustering.googlecode.com/svn-history/r85/trunk/data/entity_dict.txt",
          "link_type": "results"
        },
        {
          "domain": "assanphoto.kz",
          "link": "http://assanphoto.kz/page/iii-ezhegodnyy-bal-rektora-kargtu?page_ak=293.691.363&page=365",
          "link_type": "results"
        },
        {
          "domain": "anheuser75.rssing.com",
          "link": "http://anheuser75.rssing.com/chan-8635354/all_p1.html",
          "link_type": "results"
        },
        {
          "domain": "demozb4b1836.asapro.com",
          "link": "http://demozb4b1836.asapro.com/bbs/zboard.php?id=community&no=5",
          "link_type": "results"
        },
        {
          "domain": "www.urlfo.com",
          "link": "http://www.urlfo.com/phrase/budweiser-horses",
          "link_type": "results"
        },
        {
          "domain": "lebret.ch",
          "link": "http://lebret.ch/phrases/vocab.txt",
          "link_type": "results"
        },
        {
          "domain": "adage.com",
          "link": "http://adage.com/news.map_00001.xml.gz",
          "link_type": "results"
        },
        {
          "domain": "ad-teaching.informatik.uni-freiburg.de",
          "link": "http://ad-teaching.informatik.uni-freiburg.de/InformationRetrievalWS1213/wikipedia-sentences.vocabulary.txt",
          "link_type": "results"
        }
      ]
    }
  ]
}