{
  "Origins": "As news of superstar golfer Tiger Woods' \"marital turmoil and multiple mistresses,\" was breaking, with additional details emerging almost daily, some pundits made note of the observation that all of his alleged mistresses were white. In that vein came the above-quoted spoof about the Rev. Al Sharpton's purportedly chiding Tiger Woods about a \"lack of diversity\" among the latter's mistresses, an item which has prompted a number of \"Is this true\" inquiries from our readers.",
  "Fact Check": "",
  "Description": "The Rev. Sharpton made no such statements as the ones quoted here. If he had truly called a press conference to berate one of the most famous and popular sports celebrities in the U.S., and then made such outrageous comments as stressing that \"cheating with African-American women would help the black community financially by giving black girls the chance to sell their stories to tabloids and gossip magazines,\" his pronouncements would have been fodder for just about every news outlet in the U.S. yet none of them reported on it. This article was offered only by the tongue-in-cheek celebrity gossip genre of web site (along with other \"news\" items such as Tiger Woods' being diagnosed with \"Restless 3rd Leg Syndrome\") because it was just a bit of satire playing on the Tiger Woods brouhaha and critics' perception of the Rev. Sharpton as a self-promoting opportunist who finds a (negative) racial angle to play up in nearly every newsworthy event involving African-Americans. Apparently many readers felt this piece of satire hewed closely enough to reality that they mistook it for (or at least believed it might be) a genuine news article.",
  "Originally Published": "",
  "Referred Links": "http://www.celebjihad.com/celeb-jihad/al-sharpton-blasts-tiger-woods-for-lack-of-mistress-diversity;http://www.celebjihad.com/celeb-jihad/breaking-news-tiger-woods-diagnosed-with-restless-3rd-leg-syndrome;http://news.yahoo.com/s/ap/20091206/ap_on_sp_ot/us_tiger_woods_race;",
  "Example": "[Collected via e-mail, December 2009] I find this hard to believe. Have you heard anything about thisyet? Al Sharpton Blasts Tiger Woods for Lack of Mistress Diversity The Rev. Al Sharpton held a press conference today to blast Tiger Woods for the lack of diversity among his mistresses. Sharpton claims that the lack of African-American women among Woods' harem will have a negative affect on the black community, specifically young black girls. \"Why is it that a man who calls himself black can't bring himself to cheat on his wife with a black woman?\" said Sharpton, speaking to a group of supporters in Harlem. \"What does it say to young black girls everywhere when you pass them over? Shame on you, Tiger Woods. What would your daddy say?\" Sharpton, who has long championed taking black women as mistresses, said that today's black athletes need to stop neglecting black women when it comes to extramarital affairs, and should follow the examples of positive black role models such as Jesse Jackson and Martin Luther King, Jr., both of whom cheated on their wives with black women. Sharpton also stressed that cheating with African-American women would help the black community financially by giving black girls the chance to sell their stories to tabloids and gossip magazines. Added Sharpton, \"I'm not asking you to not cheat on your wives, I'm just asking you to give back to your own community.\"",
  "Last Updated": "10 December 2009",
  "Credibility": "false",
  "URL": "www.snopes.com/politics/satire/sharpton.asp",
  "Claim": "The Rev. Al Sharpton chided Tiger Woods for a lack of racial diversity in the mistresses he chose.",
  "Claim_ID": "politics_satire_sharpton",
  "Tags": "",
  "Google Results": [
    {
      "results": [
        {
          "domain": "www.snopes.com",
          "link": "http://www.snopes.com/politics/satire/sharpton.asp",
          "link_type": "results"
        },
        {
          "domain": "www.inquisitr.com",
          "link": "http://www.inquisitr.com/51944/al-sharpton-on-tiger-woods/",
          "link_type": "results"
        },
        {
          "domain": "regator.com",
          "link": "http://regator.com/p/225302480/al_sharpton_tiger_woods_satire_lost_on_some/",
          "link_type": "results"
        },
        {
          "domain": "regator.com",
          "link": "http://regator.com/p/225297772/hold_that_tiger/",
          "link_type": "results"
        },
        {
          "domain": "milescity.com",
          "link": "https://milescity.com/forums/posts/view/121103",
          "link_type": "results"
        },
        {
          "domain": "corpus.leeds.ac.uk",
          "link": "http://corpus.leeds.ac.uk/frqc/news-gb-word.num",
          "link_type": "results"
        },
        {
          "domain": "www.ling.ohio-state.edu",
          "link": "http://www.ling.ohio-state.edu/~kyoon/cowork/scahn/cmuWords.txt",
          "link_type": "results"
        },
        {
          "domain": "www.ie.u-ryukyu.ac.jp",
          "link": "http://www.ie.u-ryukyu.ac.jp/~e055762/thesis/tmp/result4_sorted_uniq_word_list.txt",
          "link_type": "results"
        },
        {
          "domain": "github.com",
          "link": "https://github.com/blockstack/pybitcoin/blob/master/pybitcoin/passphrases/english_words.py",
          "link_type": "results"
        },
        {
          "domain": "rssfeedanalyser.googlecode.com",
          "link": "https://rssfeedanalyser.googlecode.com/svn/trunk/src/spring/resources/dictionary.dat",
          "link_type": "results"
        }
      ]
    },
    {
      "results": [
        {
          "domain": "ecs.victoria.ac.nz",
          "link": "https://ecs.victoria.ac.nz/foswiki/pub/Courses/COMP103_2015T2/Assignment5Code/dictionaryUnsorted.txt",
          "link_type": "results"
        },
        {
          "domain": "ziplinked.com",
          "link": "http://ziplinked.com/index2.php?action=viewprofile&name=%E9%8A%89%E6%92%B1%E5%81%84%E9%8A%89%E7%82%BD%E5%81%94%20%E9%8A%89%E7%86%B4%E5%84%96%E9%8A%89%E6%AC%8D%E5%84%B910%202015&id=83",
          "link_type": "results"
        },
        {
          "domain": "motorauto.altervista.org",
          "link": "http://motorauto.altervista.org/mercedes-classe-s-sempre-un-passo-avanti/",
          "link_type": "results"
        },
        {
          "domain": "www.titania.bham.ac.uk",
          "link": "http://www.titania.bham.ac.uk/frequency%20lists/freq_TOTAL.txt",
          "link_type": "results"
        },
        {
          "domain": "www.infopig.com",
          "link": "http://www.infopig.com/news/12-10-2009.html",
          "link_type": "results"
        },
        {
          "domain": "www.infopig.com",
          "link": "http://www.infopig.com/news/01-17-2010.html",
          "link_type": "results"
        },
        {
          "domain": "www.tutto-italia.com",
          "link": "http://www.tutto-italia.com/tabcs.htm",
          "link_type": "results"
        },
        {
          "domain": "di002.edv.uniovi.es",
          "link": "http://di002.edv.uniovi.es/~dani/PFCwiki/uploads/Main/frown.txt",
          "link_type": "results"
        },
        {
          "domain": "ai.stanford.edu",
          "link": "http://ai.stanford.edu/~amaas/data/words.txt",
          "link_type": "results"
        },
        {
          "domain": "www.biophysengr.net",
          "link": "http://www.biophysengr.net/files/blog/wordlist/top100k_words_ngrams_djp.txt",
          "link_type": "results"
        }
      ]
    },
    {
      "results": [
        {
          "domain": "raw.githubusercontent.com",
          "link": "https://raw.githubusercontent.com/nicklink483/wordlist/master/words.txt",
          "link_type": "results"
        },
        {
          "domain": "archives.scovetta.com",
          "link": "http://archives.scovetta.com/pub/textfiles/etext.org/tadxf/tadxf008",
          "link_type": "results"
        },
        {
          "domain": "www.mit.edu",
          "link": "http://www.mit.edu/~ecprice/wordlist.100000",
          "link_type": "results"
        },
        {
          "domain": "www.totem.cz",
          "link": "http://www.totem.cz/fotky/view_photo.php?set_albumName=album06&id=wave3",
          "link_type": "results"
        },
        {
          "domain": "najiprozheh.ir",
          "link": "http://najiprozheh.ir/index.php?productID=1083&discuss",
          "link_type": "results"
        },
        {
          "domain": "colossus.mu.nu",
          "link": "http://colossus.mu.nu/archives/cat_race.php",
          "link_type": "results"
        },
        {
          "domain": "www.kalevleetaru.com",
          "link": "http://www.kalevleetaru.com/dataarchive/drudgestudy/Master-List-All-Drudge-Report-Link-Words.txt",
          "link_type": "results"
        },
        {
          "domain": "jiip.mn",
          "link": "http://jiip.mn/?page_id=462&forum=2&topic=21&current_page=2522",
          "link_type": "results"
        },
        {
          "domain": "queenbeeworld.wordpress.com",
          "link": "https://queenbeeworld.wordpress.com/category/news-and-politics/page/7/",
          "link_type": "results"
        },
        {
          "domain": "alper.nl",
          "link": "http://alper.nl/studie/in4012/samples/LMTutorial/extras/60k.wlist",
          "link_type": "results"
        }
      ]
    }
  ]
}