{
  "Origins": "One of the most enduring conspiracy theories concerns the \"Illuminati,\" a name applied to any one of a number of rumored secret societies (some of them centuries old) that exist for mysterious purposes generally involving the manipulation of society and world events. More skeptical folks generally reference Illuminati conspiracy theories in a humorous fashion (believing the concept to be at best implausible), while others maintain the amorphous, shadowy collective is responsible for much of what occurs on a global scale. Those who belong to the latter camp have voiced concern the secret society has frequently engaged in coded messaging , signaling (or sometimes taunting) those in the know with blatant displays of their vast and comprehensive power.",
  "Fact Check": "",
  "Description": "Since at least as far back as 2009, a seeming link between the United States government and the Illuminati has circulated in the form of a rumor claiming typing \"Illuminati\" backwards into one's web browser navigation bar will lead the user to the web site of another conspiracy theory boogeyman: the U.S. National Security Agency (NSA). Perhaps the largest similarity between the Illuminati and the NSA is one is an opaque, secretive-yet-powerful organization with the power to wreak havoc on your life if you displease its operatives ... and the other is the Illuminati. Joking aside, the rumor is indeed true in its basics: typing \" Itanimulli.com \" into your browser will indeed send you to the NSA's web site. Rumors about satanic , occult, or secret society messaging hidden in facets of popular culture are not new and have circulated steadily for decades. The overall theme of hiding in plain sight is a common one in conspiracy lore, possibly because the ability to detect such grand-scale malevolence provides a measure of reassurance about that which we cannot control or resist. Of course, one might reason if a conspiracy on such a scale existed, its architects would be reluctant to leave such a clear trace on the Internet (and would at least attempt to cover up the evidence when word got out). Although the NSA faced perhaps its largest challenge following the revelations about a U.S. global surveillance apparatus made by former contractor Edward Snowden in 2013, this curious website function far predates that particular controversy. As it turns out, the Itanimulli domain isn't that hard to explain. It's a simple feat for anyone to register any unused domain name and redirect those who visit it to any other web site. Domain name owners can easily mask their identities, but that's not the case with Itanimulli.com: the individual who registered the site in 2002 is listed in publicly available domain registry information as John Fenley of Provo, Utah. Fenley explained in 2009 he chose to forward the itanimulli.com domain (which he had purchased years earlier) to the NSA's web site on a lark, nothing more, and has no connection with that agency: I decided to forward the domain Itanimulli.com domain to the NSA as a joke ... kind of like a rickroll + shock site. I registered the website years ago precisely because it does spell Illuminati backwards, but didn't really do anything with it for a long time. When I had the idea to forward the domain to the NSA I couldn't pass it up, and couldn't stop laughing ... I don't believe that the Illuminati actually exists, and only one black helicopter has ever buzzed my house (that's a whole other story). I'm not sure what the New World Order Plan is, but if you have more information, I'll gladly tell you what I think of it. I am not an employee of the NSA or DARPA, though I have participated in several DARPA contests including the 2 Grand Challenges, the Urban Challenge and the recent Network Challenge.",
  "Originally Published": "",
  "Referred Links": "http://www.itanimulli.com;https://www.youtube.com/embed/21GOSnJc4Mg;",
  "Example": "[Collected via e-mail, January 2015] A trivia site I was on stated: \"Typing 'illuminati' backwards into the address bar, followed by '.com', will take you to the U.S.Government's National Security Agency website.\" I'm afraid to try it for fear of a virus. Is it true?",
  "Last Updated": "15 January 2014",
  "Credibility": "true",
  "URL": "www.snopes.com/politics/conspiracy/itanimulli.asp",
  "Claim": "The domain Itanimulli.com (\"Illuminati\" spelled backwards) points to the web site of the U.S. National Security Agency (NSA).",
  "Claim_ID": "politics_conspiracy_itanimulli",
  "Tags": "",
  "Google Results": [
    {
      "results": [
        {
          "domain": "www.snopes.com",
          "link": "http://www.snopes.com/politics/conspiracy/itanimulli.asp",
          "link_type": "results"
        },
        {
          "domain": "answers.yahoo.com",
          "link": "https://answers.yahoo.com/question/index?qid=20120503191724AAGiKVr",
          "link_type": "results"
        },
        {
          "domain": "www.quora.com",
          "link": "https://www.quora.com/Why-does-the-CIA-own-http-itanimulli-com-domian-which-is-a-reverse-of-Illuminati",
          "link_type": "results"
        },
        {
          "domain": "www.assatashakur.org",
          "link": "http://www.assatashakur.org/forum/open-forum/47298-what-significance-illuminati-spelled-backwards-then-add-com.html",
          "link_type": "results"
        },
        {
          "domain": "www.godlikeproductions.com",
          "link": "http://www.godlikeproductions.com/forum1/message2146747/pg1",
          "link_type": "results"
        },
        {
          "domain": "www.godlikeproductions.com",
          "link": "http://www.godlikeproductions.com/forum1/message1329293/pg1",
          "link_type": "results"
        },
        {
          "domain": "wollpaper.xyz",
          "link": "http://wollpaper.xyz/illuminati-backwards-itanimulli.html",
          "link_type": "results"
        },
        {
          "domain": "www.disclose.tv",
          "link": "http://www.disclose.tv/forum/www-itanimulli-com-is-a-national-security-agencies-website-t11938.html",
          "link_type": "results"
        },
        {
          "domain": "www.reddit.com",
          "link": "https://www.reddit.com/r/conspiro/comments/3cpdw0/illuminati_backwards_redirecting_to_gov_sites/",
          "link_type": "results"
        },
        {
          "domain": "arthurgoldwag.wordpress.com",
          "link": "https://arthurgoldwag.wordpress.com/2010/01/17/itanimulli/",
          "link_type": "results"
        }
      ]
    },
    {
      "results": [
        {
          "domain": "www.ummah.com",
          "link": "http://www.ummah.com/forum/archive/index.php/t-316006.html",
          "link_type": "results"
        },
        {
          "domain": "www.vladtv.com",
          "link": "http://www.vladtv.com/article/182470/reverse-illuminati-spelling-leads-users-to-government-website",
          "link_type": "results"
        },
        {
          "domain": "www.jamiiforums.com",
          "link": "http://www.jamiiforums.com/threads/illuminati-us-government-of-defence.366455/",
          "link_type": "results"
        },
        {
          "domain": "www.loudcitizen.org",
          "link": "http://www.loudcitizen.org/2011/07/someone-tell-ann-coulter-its-now.html",
          "link_type": "results"
        },
        {
          "domain": "12160.info",
          "link": "http://12160.info/profiles/blogs/the-real-illuminati",
          "link_type": "results"
        },
        {
          "domain": "www.stormfront.org",
          "link": "https://www.stormfront.org/forum/t558840-1219/",
          "link_type": "results"
        },
        {
          "domain": "www.youtube.com",
          "link": "https://www.youtube.com/watch?v=PtrG1Lp30XU",
          "link_type": "results"
        },
        {
          "domain": "shawnlazarus.info",
          "link": "http://shawnlazarus.info/itanimulli-mirror-illuminati-german-jesuits/",
          "link_type": "results"
        },
        {
          "domain": "defence.pk",
          "link": "http://defence.pk/threads/cia-website-hacked.158383/page-2",
          "link_type": "results"
        },
        {
          "domain": "www.richplanet.net",
          "link": "http://www.richplanet.net/forum/index.php?action=vthread&forum=1&topic=39&page=83",
          "link_type": "results"
        },
        {
          "domain": "",
          "link": "/aclk?sa=L&ai=CGmpyK5ynVtOVBoecpgOk273wD9PTsL0G05eMqJMBneKlCggDEAFg5YOAgKgWkAECyAEBqgQkT9D0zhTySK9Gxz0cQV2TNIhF2LJ6jHk9uICmTosMs11mgSCZgAeDwOkzkAcDqAemvhvYBwE&sig=AOD64_2efk_yxLUJb_-n_olspMjrar-hSA&clui=0&q=&ved=0ahUKEwi2yr618MfKAhVGn4MKHfz-AoI4ChDRDAhX&adurl=http://www.IlluminatiSecrets.net",
          "link_type": "ads_main"
        }
      ]
    },
    {
      "results": [
        {
          "domain": "quickhits.tumblr.com",
          "link": "http://quickhits.tumblr.com/post/18981411400/did-you-kno-itanimulli-com-from-project",
          "link_type": "results"
        },
        {
          "domain": "hubpages.com",
          "link": "http://hubpages.com/education/IlluminatiMyth-or-Not",
          "link_type": "results"
        },
        {
          "domain": "www.vidinfo.org",
          "link": "http://www.vidinfo.org/video/66877496/illuminati-spelled-backwards-goes-to-the-nsa",
          "link_type": "results"
        },
        {
          "domain": "www.breatheheavy.com",
          "link": "http://www.breatheheavy.com/exhale/index.php?/topic/385073-britney-and-the-34so-called34-illuminati/&page=2",
          "link_type": "results"
        },
        {
          "domain": "forum.davidicke.com",
          "link": "http://forum.davidicke.com/showthread.php?t=146239",
          "link_type": "results"
        },
        {
          "domain": "unifiedworldview.com",
          "link": "https://unifiedworldview.com/tag/conpiracy-theory/",
          "link_type": "results"
        },
        {
          "domain": "www.lipstickalley.com",
          "link": "http://www.lipstickalley.com/showthread.php/381610-WTF-Type-illuminati-backwards-and-it-takes-u-to-NSA-homepage?p=9547574",
          "link_type": "results"
        },
        {
          "domain": "maginsight.com",
          "link": "http://maginsight.com/10-things-people-believe-about-the-illuminati/",
          "link_type": "results"
        },
        {
          "domain": "www.unsilentmajoritynews.com",
          "link": "http://www.unsilentmajoritynews.com/illuminati-can-you-be-certain-they-are-real-and-are-they-a-threat-to-you/",
          "link_type": "results"
        },
        {
          "domain": "www.funnyjunk.com",
          "link": "http://www.funnyjunk.com/itanimulli/funny-pictures/5198103/66",
          "link_type": "results"
        }
      ]
    }
  ]
}