{
  "Origins": "In some of our other pages we make reference to the concept of treppenwitz , defined as \"the wit of the stairway\" a perfect comeback dreamed up only after the moment for uttering it has passed. The frustration of coming up with a brilliant rejoinder too late to deliver it is a phenomenon most of us have experienced, hence the coining of terms such as treppenwitz or l'espirit de l'escalier to describe it.",
  "Fact Check": "",
  "Description": "If there's a term to describe the case in which a third party crafts a response that someone else could have used in a given situation, we're not aware of it, but it would apply here albeit with the caveat that the setup in the piece quoted above is a fictional one taken from a bit of satire. On 4 February 2004, the U.S. Senate Committee on Armed Services met with Donald H. Rumsfeld, Secretary of Defense, and General Peter Pace, Vice Chairman of the Joint Chiefs of Staff, to \"receive testimony on the Defense Authorization Request for Fiscal Year 2005 and the Future Years Defense Program.\" During that meeting, Secretary Rumsfeld faced questioning over the evidence (or lack thereof) regarding Iraq's possession of weapons of mass destruction that was used to justify the U.S. invasion of that country in March 2003. Senator Edward M. Kennedy of Massachusetts was one such questioner, and various newspapers reported portions of the exchanges between Senator Kennedy and Secretary Rumsfeld : In his first public comments on the issue since former top weapons inspector David Kay told Congress last week that he believed U.S. intelligence on Iraq's weapons programs was flawed, Rumsfeld said in back-to-back hearings of the Senate and House Armed Services committees that the Bush administration did not manipulate or misuse prewar intelligence. Sen. Edward Kennedy, D-Mass., told Rumsfeld that Kay's conclusions represent \"a devastating refutation of the Bush administration's case for war in Iraq\" that \"seriously undermines our credibility in the world.\" Kennedy suggested that an investigatory commission planned by President Bush \"look hard and fast at not just what the intelligence was, but how it was manipulated\" by administration policymakers. Rumsfeld offered several \"alternative views\" about why no illicit weapons had been discovered in Iraq, beginning with the possibility that such arms never existed. Rumsfeld said weapons may have been transferred to a third country before U.S. troops arrived in March, hidden in Iraq, or destroyed before the war. Or, Rumsfeld postulated, \"small quantities\" of chemical or biological agents may have existed, along with a \"surge capability\" that would allow Iraq to rapidly build an arsenal. And, he said, \"We may eventually find it in the months ahead.\"1 Sen. Edward M. Kennedy (D-Mass.) pressed Rumsfeld on a statement Rumsfeld made in late March during the war, as U.S. troops advanced on Baghdad, that \"we know where they are,\" referring to weapons stockpiles. Rumsfeld conceded that he had misspoken and should have said he was referring to \"suspect sites,\" where analysts believed chemical or biological weapons might have been stored. \"You're quite right shorthand 'we know where they are' probably turned out not to be exactly what one would have preferred in retrospect,\" Rumsfeld said.2 Mr. Rumsfeld faced sharp questions from Democrats who accused the administration of manipulating intelligence to suit their goal of toppling Mr. Hussein. \"The debacle cannot all be blamed on the intelligence community,\" said Senator Edward M. Kennedy, Democrat of Massachusetts. \"Key policy makers made crystal clear the results they wanted from the intelligence community.\" Mr. Rumsfeld told Mr. Kennedy that his assertions were baseless. \"You've twice or thrice mentioned manipulation,\" Mr. Rumsfeld said. \"I haven't heard of it, I haven't seen any of it, except in the comments you've made.\"3 The alternative version quoted at the head of this piece in which Secretary Rumsfeld responds to Senator's Kennedy statement that \"members of the Bush administration should be held legally accountable for the lies they told about Iraqi weapons\" by retorting that a man \"should not be allowed to serve in positions of power in our government, and be hailed as a leader, when the question of his guilt remains unresolved\" (a reference to the 1969 incident in which Mary Jo Kopechne drowned at Chappaquiddick Island when a car that Kennedy was driving went off a bridge) was taken not from a genuine news report but from an article appearing on ScrappleFace , a news satire site. Like many other pieces of Internet-based satire cataloged in this section of our site, the February 5 ScrappleFace article hewed closely enough to plausibility that many readers who viewed it out of context took it to be a real news report rather than a humor piece.",
  "Originally Published": "",
  "Referred Links": "http://www.scrappleface.com;http://www.scrappleface.com/MT/archives/001561.html;http://www.usatoday.com/news/index/jfk/jfk038.htm;http://armed-services.senate.gov/e_witnesslist.cfm?id=1039;http://www.scrappleface.com/MT/archives/001561.html;",
  "Example": "[ScrappleFace, 2004] Rumsfeld: Kennedy 'All Wet' About Bush Lies (2004-02-05) Defense Secretary Donald Rumsfeld told Sen. Edward M. Kennedy yesterday that he was \"all wet\" when the Senator alleged that the Bush administration lied about Iraq's weapons of mass destruction to justify going to war. The verbal clash came during Mr. Rumsfeld's testimony at a Senate Armed Services Committee hearing probing the state of pre-war intelligence. Sen. Kennedy began his questioning of the Defense Secretary by saying, \"Don't you think some members of the Bush administration should be held legally accountable for the lies they told about Iraqi weapons, and the subsequent cover-up?\" \"First, with all due respect Senator Kennedy, you're all wet,\" said Mr. Rumsfeld. \"The administration has not lied or covered up. However, in general, I do believe that when a man commits a crime he should face the bar of justice. He should not be allowed to serve in positions of power in our government, and be hailed as a leader, when the question of his guilt remains unresolved, if you know what I mean.\" [Rest of article here.]",
  "Last Updated": "6 September 2007",
  "Credibility": "false",
  "URL": "www.snopes.com/Politics/satire/kennedy.asp",
  "Claim": "Secretary of Defense Donald Rumsfeld delivered a stinging rebuke to Senator Ted Kennedy during a Senate committee meeting.",
  "Claim_ID": "Politics_satire_kennedy",
  "Tags": "",
  "Google Results": [
    {
      "results": [
        {
          "domain": "www.snopes.com",
          "link": "http://www.snopes.com/politics/satire/kennedy.asp",
          "link_type": "results"
        },
        {
          "domain": "www.snopes.com",
          "link": "http://www.snopes.com/politics/satire/satire.asp",
          "link_type": "results"
        },
        {
          "domain": "thetfp.com",
          "link": "https://thetfp.com/tfp/tilted-humor/48398-best-verbal-comback-since-churchill-rumsfeld-vs-kennedy.html",
          "link_type": "results"
        },
        {
          "domain": "www.larouchepub.com",
          "link": "http://www.larouchepub.com/other/2005/3226lar_v_cheney_senate.html",
          "link_type": "results"
        },
        {
          "domain": "www.cfr.org",
          "link": "http://www.cfr.org/iraq/foreign-policy-address-edward-m-kennedy/p6834",
          "link_type": "results"
        },
        {
          "domain": "www.historycommons.org",
          "link": "http://www.historycommons.org/entity.jsp?entity=edward_kennedy",
          "link_type": "results"
        },
        {
          "domain": "www.pbs.org",
          "link": "http://www.pbs.org/newshour/bb/politics-jan-june01-rumsfeld_01-11/",
          "link_type": "results"
        },
        {
          "domain": "www.vanityfair.com",
          "link": "http://www.vanityfair.com/news/2009/02/bush-oral-history200902",
          "link_type": "results"
        },
        {
          "domain": "digbysblog.blogspot.com",
          "link": "http://digbysblog.blogspot.com/2004_04_18_digbysblog_archive.html",
          "link_type": "results"
        },
        {
          "domain": "www.freerepublic.com",
          "link": "http://www.freerepublic.com/tag/saddamhandmaidens/index",
          "link_type": "results"
        }
      ]
    },
    {
      "results": [
        {
          "domain": "www.legitgov.org",
          "link": "http://www.legitgov.org/shortnews_0103_page_two.html",
          "link_type": "results"
        },
        {
          "domain": "www.bidstrup.com",
          "link": "http://www.bidstrup.com/arc20060301.htm",
          "link_type": "results"
        },
        {
          "domain": "rickdunhamblog.com",
          "link": "http://rickdunhamblog.com/category/u-s-politics/",
          "link_type": "results"
        },
        {
          "domain": "www.pipelinenews.org",
          "link": "http://www.pipelinenews.org/PipeIndex12.15.05.htm",
          "link_type": "results"
        },
        {
          "domain": "www.ontheissues.org",
          "link": "http://www.ontheissues.org/Recent_2007_June.htm",
          "link_type": "results"
        },
        {
          "domain": "www.informationliberation.com",
          "link": "http://www.informationliberation.com/?category=Politics/Corruption&p=4520",
          "link_type": "results"
        },
        {
          "domain": "ufdc.ufl.edu",
          "link": "http://ufdc.ufl.edu/AA00010090/02490",
          "link_type": "results"
        },
        {
          "domain": "www.apfn.org",
          "link": "http://www.apfn.org/apfn/pow3.htm",
          "link_type": "results"
        },
        {
          "domain": "cursor.org",
          "link": "http://cursor.org/1105_archive.htm",
          "link_type": "results"
        },
        {
          "domain": "www.coxandforkum.com",
          "link": "http://www.coxandforkum.com/archives/2006_01.html",
          "link_type": "results"
        }
      ]
    },
    {
      "results": [
        {
          "domain": "kstreet607.com",
          "link": "http://kstreet607.com/2015/12/04/watch-jon-stewart-shame-senate-republicans-over-stonewalling-of-911-first-responders-bill/",
          "link_type": "results"
        },
        {
          "domain": "research.omicsgroup.org",
          "link": "http://research.omicsgroup.org/index.php/Opposition_to_the_Iraq_War",
          "link_type": "results"
        },
        {
          "domain": "www.letfreedomringblog.com",
          "link": "http://www.letfreedomringblog.com/?cat=6&paged=21",
          "link_type": "results"
        },
        {
          "domain": "intrepidliberaljournal.blogspot.com",
          "link": "http://intrepidliberaljournal.blogspot.com/2006_12_01_archive.html",
          "link_type": "results"
        },
        {
          "domain": "www.sott.net",
          "link": "http://www.sott.net/signs/chains/signs20060703_BackinBushland.php",
          "link_type": "results"
        },
        {
          "domain": "mikesamerica.blogspot.com",
          "link": "http://mikesamerica.blogspot.com/2005_09_01_archive.html",
          "link_type": "results"
        },
        {
          "domain": "albionmonitor.com",
          "link": "http://albionmonitor.com/quotes/index.html",
          "link_type": "results"
        },
        {
          "domain": "krupsjustsayin.blogspot.com",
          "link": "http://krupsjustsayin.blogspot.com/2005_01_01_archive.html",
          "link_type": "results"
        }
      ]
    }
  ]
}