{
  "Origins": "The tale of a woman who foolishly utilizes contraceptive jelly by eating it rather than applying it vaginally is an old bit of \"sexually naive\" humor, popularized on the Internet in May 1997 by the following text in the form of a newspaper article:",
  "Fact Check": "",
  "Description": "Every once in a while an invented tale from that wacky tabloid, the Weekly World News , escapes from its natural habitat and makes its way into the civilized world, where the mainstream news and entertainment media pick it up and report it as a \"true story.\" Such was the case with this article (although the Weekly World News' follow-up piece of 10 March 1998, in which they reported the tragic news that embarrassment had driven the jelly-eating mom to committed suicide, was curiously ignored by the national media). The widespread propagation of this silly piece was undoubtedly due to its appeal both as an amusing story about sexual naivete and as a confirmation of the belief that our society has become hostage to every crank who files a lawsuit, no matter how absurd. (Outrage over frivolous lawsuits forms the center of an article on this site about an e-mail decrying six purported cases where it would seem justice and common sense have gone topsy-turvy. See our Tortuous Torts page for more.) The \"jelly toast\" article itself is merely window dressing for an old joke, one of many similar humorous stories about the misuse of contraceptives by persons who are sexually naive or lacking in common sense. (Note that the woman in the story is identified as being a former model and a cheerleader, both popular stereotypes for legends involving sexuality and foolish actions resulting from a lack of intelligence. One can only wonder why the author of the \"article\" failed to describe the woman as \"blonde\" as well.) Jokes about women eating (rather than applying) vaginal gel have been around for years (a similar one was told at Canada's 1994 Reform Party convention, for example), as have their counterparts (i.e., tales of women who became pregnant after vaginally applying \"regular\" jelly instead of spermicidal gels). For example: [Petras, 1998] A woman in West Africa stored her contraceptive gel in the refrigerator because she was afraid that in the high heat prevailing in the tropical region it would melt. One night, while giving a formal dinner party, she watched as the cook brought out the dessert of the evening. It was a large sherry trifle with cream, cherries, nuts and topped off with a lovely glaze of contraceptive gel. Another example of this legend type are the anecdotes about men in rural areas or lesser-developed countries who are shown how to apply condoms by a health worker who demonstrates the technique on a banana or broomstick handle: they then take the instruction literally and place condoms over bananas or broomsticks every time they engage in sex. This isn't to say that someone, somewhere hasn't ever mistakenly eaten spermicidal jelly. People do some incredibly foolish things with medical products, no matter how specific the instructions on the packaging may be. But a woman suing a pharmacy because she didn't read the instructions on an over-the-counter contraceptive and mistook it for a food product? No way. The circulation of this legend by the media in the form cited above can no doubt be attributed to the undue amount of credibility afforded to newspaper articles (or items purporting to be newspaper articles), and the public's sense of moral outrage being stirred up by yet more seemingly frivolous litigation initiated by persons whose losses were caused by a lack of basic common sense (much like the recent spate of lawsuits against restaurants over burns caused by people who spilled hot coffee on themselves). A brief mention of the legend (related as a \"true story\") was made in an article about medication errors that appeared in the Charleston Post and Courier in January 1997, both Rush Limbaugh and Jay Leno reported this item as a real incident on their shows (on 6 June 1997 and 27 June 1997, respectively), and Ann Landers ran this as an example of a real \"crazy lawsuit\" in her column of 5 October 1997.",
  "Originally Published": "",
  "Referred Links": "",
  "Example": "",
  "Last Updated": "22 July 2007",
  "Credibility": "false",
  "URL": "www.snopes.com/pregnant/jelly.asp",
  "Claim": "A woman sued a pharmacy from which she bought contraceptive jelly because she became pregnant even after eating the jelly (with toast).",
  "Claim_ID": "pregnant_jelly",
  "Tags": "",
  "Google Results": [
    {
      "results": [
        {
          "domain": "www.snopes.com",
          "link": "http://www.snopes.com/pregnant/jelly.asp",
          "link_type": "results"
        },
        {
          "domain": "books.google.com.mx",
          "link": "https://books.google.com.mx/books?id=gfADAAAAMBAJ&pg=PA15&lpg=PA15&dq=A+woman+sued+a+pharmacy+from+which+she+bought+contraceptive+jelly+because+she+became+pregnant+even+after+eating+the+jelly+(with+toast).&source=bl&ots=DxtnDMFc3h&sig=LrMHrwRlf31Rzwx6RoQZyrAtT50&hl=en&sa=X&ved=0ahUKEwj34Jqbir_KAhXBk4MKHZyyBU0Q6AEIHzAB",
          "link_type": "results"
        },
        {
          "domain": "books.google.com.mx",
          "link": "https://books.google.com.mx/books?id=Au0DAAAAMBAJ&pg=RA1-PA15&lpg=RA1-PA15&dq=A+woman+sued+a+pharmacy+from+which+she+bought+contraceptive+jelly+because+she+became+pregnant+even+after+eating+the+jelly+(with+toast).&source=bl&ots=pRVgio9tzL&sig=SRRIILAsRlfPOSJ7MER2KILXmPI&hl=en&sa=X&ved=0ahUKEwj34Jqbir_KAhXBk4MKHZyyBU0Q6AEIITAC",
          "link_type": "results"
        },
        {
          "domain": "allegedly.petebevin.com",
          "link": "http://allegedly.petebevin.com/jelly.html",
          "link_type": "results"
        },
        {
          "domain": "www.ccs.neu.edu",
          "link": "http://www.ccs.neu.edu/home/xli/jokes/contraceptive_jelly_case.html",
          "link_type": "results"
        },
        {
          "domain": "books.google.com.mx",
          "link": "https://books.google.com.mx/books?id=sXJWMf77j54C&pg=PA74&lpg=PA74&dq=A+woman+sued+a+pharmacy+from+which+she+bought+contraceptive+jelly+because+she+became+pregnant+even+after+eating+the+jelly+(with+toast).&source=bl&ots=1sH6qJD2pq&sig=ISET8LDo8DgNJzNPFML8WFEOwSg&hl=en&sa=X&ved=0ahUKEwj34Jqbir_KAhXBk4MKHZyyBU0Q6AEILjAF",
          "link_type": "results"
        },
        {
          "domain": "overlawyered.com",
          "link": "http://overlawyered.com/2003/06/lawsuit-urban-legends/",
          "link_type": "results"
        },
        {
          "domain": "philadelphialawyerpersonalinjury.com",
          "link": "http://philadelphialawyerpersonalinjury.com/personal-injury/personal-injury-suit/",
          "link_type": "results"
        },
        {
          "domain": "www.jamesfuqua.com",
          "link": "http://www.jamesfuqua.com/lawyers/jokes/lawsuits.shtml",
          "link_type": "results"
        },
        {
          "domain": "m.reddit.com",
          "link": "https://m.reddit.com/comments/9b1fv/woman_sues_quaker_oats_because_she_thought_a/",
          "link_type": "results"
        }
      ]
    },
    {
      "results": [
        {
          "domain": "",
          "link": "/aclk?sa=L&ai=CT5BfRP-iVo2tD4bMpgOFrrngDICyhdwGsMOE8u8ClPHV2AQIAxABKANg5av5hKgWkAECyAEBqgQoT9BGM7vjjOXnBlG6BF7Y3_77KgJZkmqS7VfsR8Wa7qJTNkpSjG9EyIAHmIvROZAHA6gHpr4b2AcB&sig=AOD64_0WiaqSxBPEMywTr4hG3DpVkcIVeA&clui=0&q=&ved=0ahUKEwik_7icir_KAhWKvIMKHVj5AKc4ChDRDAhM&adurl=http://freeiud.org/facts",
          "link_type": "ads_main"
        },
        {
          "domain": "",
          "link": "/aclk?sa=l&ai=Ct_sERP-iVo2tD4bMpgOFrrngDOPz6NAHi76g9e4Bv7Lr_TsIAxACKANg5av5hKgWkAECoAGt8vjKA8gBAaoEKE_QRkuA44_l5wZRugRe2N_901IAWZJqku1X7EfFmu6iUzZKUvdJC8GAB7uNhzWQBwOoB6a-G9gHAQ&sig=AOD64_0jt-GCfBvJ1yAHPkyboXrr1esMEQ&clui=1&q=&ved=0ahUKEwik_7icir_KAhWKvIMKHVj5AKc4ChDRDAhR&adurl=http://www.thesynergist.org/pregnancyandmedicine/",
          "link_type": "ads_main"
        },
        {
          "domain": "",
          "link": "/aclk?sa=l&ai=CmXg-RP-iVo2tD4bMpgOFrrngDNb707sGhp734PwB5JKxBQgDEAMoA2Dlq_mEqBaQAQKgAcq-t8QDyAEBqgQlT9B2P5njjuXnBlHyBMH6RkTQ0UJAQ4p9uIhYIO-THkHH4DieboAHnsHIO5AHA6gHpr4b2AcB&sig=AOD64_1VsuZTocwwsUBSP21DTZZrKQo5bw&clui=2&q=&ved=0ahUKEwik_7icir_KAhWKvIMKHVj5AKc4ChDRDAhW&adurl=http://www.vedanectar.com/pose/tadasana",
          "link_type": "ads_main"
        },
        {
          "domain": "www.bizarremart.com",
          "link": "http://www.bizarremart.com/news/true.htm",
          "link_type": "results"
        },
        {
          "domain": "es-la.facebook.com",
          "link": "https://es-la.facebook.com/LernerandRowe/posts/10151091891973276",
          "link_type": "results"
        },
        {
          "domain": "www.network54.com",
          "link": "http://www.network54.com/Forum/170751/thread/1432315126/last-1432351625/Funny+Lawsuit+Jokes",
          "link_type": "results"
        },
        {
          "domain": "bbs.hitechcreations.com",
          "link": "http://bbs.hitechcreations.com/smf/index.php?topic=259745.0",
          "link_type": "results"
        },
        {
          "domain": "jmusoke.wordpress.com",
          "link": "https://jmusoke.wordpress.com/category/uncategorized/page/4/",
          "link_type": "results"
        },
        {
          "domain": "groups.google.com",
          "link": "https://groups.google.com/d/topic/alt.folklore.urban/3bUpVKv0Afk",
          "link_type": "results"
        },
        {
          "domain": "www.cratchit.org",
          "link": "http://www.cratchit.org/dleigh/humor/stories.htm",
          "link_type": "results"
        },
        {
          "domain": "forums.anandtech.com",
          "link": "http://forums.anandtech.com/showthread.php?t=848257",
          "link_type": "results"
        },
        {
          "domain": "pregnancy.bietips.biz",
          "link": "http://pregnancy.bietips.biz/pregnancy-eating-jelly.html",
          "link_type": "results"
        },
        {
          "domain": "www.babyuniversity.com",
          "link": "http://www.babyuniversity.com/forum/466-urban-legends/144443-jelly-babied.html",
          "link_type": "results"
        }
      ]
    },
    {
      "results": [
        {
          "domain": "funehumor.com",
          "link": "http://funehumor.com/fun_doc1/fun_0138.shtml",
          "link_type": "results"
        },
        {
          "domain": "www.jokelibrary.net",
          "link": "http://www.jokelibrary.net/yNonJokes/facts2.html",
          "link_type": "results"
        },
        {
          "domain": "www.hbcusports.com",
          "link": "http://www.hbcusports.com/forums/threads/tmades-absolute-nonsense-news.23871/",
          "link_type": "results"
        },
        {
          "domain": "www.wetcanvas.com",
          "link": "http://www.wetcanvas.com/forums/archive/index.php/t-76314.html",
          "link_type": "results"
        },
        {
          "domain": "www.gtplanet.net",
          "link": "https://www.gtplanet.net/forum/threads/us-lawsuits.52102/",
          "link_type": "results"
        },
        {
          "domain": "www.vhemt.org",
          "link": "http://www.vhemt.org/oar.htm",
          "link_type": "results"
        },
        {
          "domain": "sdi.odu.edu",
          "link": "http://sdi.odu.edu/sunny/in/stupid_people_in_the_news.php",
          "link_type": "results"
        },
        {
          "domain": "yuksrus.com",
          "link": "http://yuksrus.com/news_sex.html",
          "link_type": "results"
        },
        {
          "domain": "usqueers.com",
          "link": "http://usqueers.com/twh/arch/twh_3_jun022000.htm",
          "link_type": "results"
        },
        {
          "domain": "www.jokesoftheday.net",
          "link": "http://www.jokesoftheday.net/jokes-archive/2011/07/20/",
          "link_type": "results"
        }
      ]
    }
  ]
}