{
  "Origins": "Kurt Vonnegut was not the 1997 commencement speaker at MIT. That honor went to Kofi Annan , secretary-general of the United Nations. The speech attributed to Vonnegut was actually a 1 June 1997 column by Chicago Tribune writer Mary Schmich. As with many other good bits of writing and speech, the attachment of a famous name to the works brings them to the public's attention in a way they could otherwise not have achieved.",
  "Fact Check": "",
  "Description": "(Echoes within echoes: Georgia State University graduates may remember Ted Turner's speech at their graduation in 1994. Turner, facing a skin cancer operation, told them: \"The one piece of advice I can give you is put on sunscreen and wear a hat.\") In 1998, the text of the Mary Schmich piece was turned into a \"spoken voice\" recording featuring the voice of Australian actor Lee Perry. Titled \"Everybody's Free to Wear Sunscreen,\" the piece immediately became a cult hit in Australia, and by early 1999 the \"song\" was taking America by storm. 2002 saw the \"Vonnegut/MIT commencement speech\" tale circulated anew, that time identified as the speech given to the graduating class of 2002.",
  "Originally Published": "",
  "Referred Links": "http://web.mit.edu/newsoffice/nr/97/annansp.html;",
  "Example": "",
  "Last Updated": "26 September 2007",
  "Credibility": "false",
  "URL": "www.snopes.com/quotes/vonnegut.asp",
  "Claim": "In 1997, Kurt Vonnegut gave an unusual commencement address at MIT.",
  "Claim_ID": "quotes_vonnegut",
  "Tags": "",
  "Google Results": [
    {
      "results": [
        {
          "domain": "www.snopes.com",
          "link": "http://www.snopes.com/quotes/vonnegut.asp",
          "link_type": "results"
        },
        {
          "domain": "scripting.com",
          "link": "http://scripting.com/specials/commencement.html",
          "link_type": "results"
        },
        {
          "domain": "en.wikipedia.org",
          "link": "https://en.wikipedia.org/wiki/Wear_Sunscreen",
          "link_type": "results"
        },
        {
          "domain": "redtiemedia.wordpress.com",
          "link": "https://redtiemedia.wordpress.com/2007/01/23/wear-sunscreen-kurt-vonnegut/",
          "link_type": "results"
        },
        {
          "domain": "mentalfloss.com",
          "link": "http://mentalfloss.com/article/18659/7-memorable-commencement-addresses",
          "link_type": "results"
        },
        {
          "domain": "paranormalstories.blogspot.com",
          "link": "http://paranormalstories.blogspot.com/2007/04/kurt-vonnegut.html",
          "link_type": "results"
        },
        {
          "domain": "urbanlegends.about.com",
          "link": "http://urbanlegends.about.com/od/dubiousquotes/a/vonnegut.htm",
          "link_type": "results"
        },
        {
          "domain": "people.howstuffworks.com",
          "link": "http://people.howstuffworks.com/10-famous-commencement-speeches3.htm",
          "link_type": "results"
        },
        {
          "domain": "www.uis.edu",
          "link": "http://www.uis.edu/commencement/archives/uis-2010/hasara/",
          "link_type": "results"
        },
        {
          "domain": "books.google.com.mx",
          "link": "https://books.google.com.mx/books?id=lxsEAAAAMBAJ&pg=PA54&lpg=PA54&dq=In+1997,+Kurt+Vonnegut+gave+an+unusual+commencement+address+at+MIT.&source=bl&ots=2F6TfjO5aD&sig=paQYCTtyP-D4IhBoeBb-kd0IqU0&hl=en&sa=X&ved=0ahUKEwi78pfh-b7KAhXsvoMKHQBgCxMQ6AEIUTAJ",
          "link_type": "results"
        }
      ]
    },
    {
      "results": [
        {
          "domain": "www.googleadservices.com",
          "link": "http://www.googleadservices.com/pagead/aclk?sa=L&ai=CDB5vA-6iVumsMZGTpgOUgr6YAp36ltQIxcC7qsMC_Jmthw0IAxABYOWToI-oFpABAqAB3tGP7QPIAQGpAhOzMqR1IG0-qgQoT9BWwPCzRRIUr3s3xea9o1RG6_cYta4tmZNmqbPktNxBy7yjYw3YA4gGAYAH1fDVMZAHA6gHpr4b2AcB&ohost=www.google.com.mx&cid=CAASJORod9P-t3szbY9D90-0uekbh3YUPpqWsiBnOAaghegEp1Yerw&sig=AOD64_1MHhAER4oiZYLPqY2kBLfMQr9wiQ&clui=0&q=&ved=0ahUKEwjHjsHi-b7KAhVrsoMKHf6YDIw4ChDRDAhQ&adurl=http://www.info.com/Mit%2520Graduation%2520Speech%3Fcb%3D110%26cmp%3D321024",
          "link_type": "ads_main"
        },
        {
          "domain": "www.karmatube.org",
          "link": "http://www.karmatube.org/videos.php?id=12",
          "link_type": "results"
        },
        {
          "domain": "www.oocities.org",
          "link": "http://www.oocities.org/~spiritwalk/notvonnegut.html",
          "link_type": "results"
        },
        {
          "domain": "www.williamcronon.net",
          "link": "http://www.williamcronon.net/writing/Northland_Commencement.html",
          "link_type": "results"
        },
        {
          "domain": "www.fark.com",
          "link": "http://www.fark.com/comments/2736797/Remembering-Vonneguts-classic-MIT-commencement-speech-you-know-one-that-never-happened",
          "link_type": "results"
        },
        {
          "domain": "articles.courant.com",
          "link": "http://articles.courant.com/1997-08-07/news/9708070187_1_speech-graduation-kurt-vonnegut",
          "link_type": "results"
        },
        {
          "domain": "unuwimipy.xpg.uol.com.br",
          "link": "http://unuwimipy.xpg.uol.com.br/easy-graduation-speech-1999-mit.html",
          "link_type": "results"
        },
        {
          "domain": "www.deseretnews.com",
          "link": "http://www.deseretnews.com/article/577039/Hoax-weaves-tangled-Web-over-fake-Vonnegut-speech.html?pg=all",
          "link_type": "results"
        },
        {
          "domain": "dgilesscott.com",
          "link": "http://dgilesscott.com/category/teaching/",
          "link_type": "results"
        },
        {
          "domain": "sumonova.com",
          "link": "http://sumonova.com/famous-or-infamous-commencement-speeches-that-broke-the-mold/",
          "link_type": "results"
        },
        {
          "domain": "www.cse.cuhk.edu.hk",
          "link": "http://www.cse.cuhk.edu.hk/~cslui/literature.html",
          "link_type": "results"
        }
      ]
    },
    {
      "results": [
        {
          "domain": "www.cracked.com",
          "link": "http://www.cracked.com/article_20813_5-famous-quotes-with-inspiring-origins-that-are-total-bs_p2.html",
          "link_type": "results"
        },
        {
          "domain": "www.answers.com",
          "link": "http://www.answers.com/article/550724/the-facts-behind-the-sunscreen-speech",
          "link_type": "results"
        },
        {
          "domain": "c2.com",
          "link": "http://c2.com/cgi/wiki?OccamsRazor",
          "link_type": "results"
        },
        {
          "domain": "kristof.willen.be",
          "link": "http://kristof.willen.be/taxonomy/term/29?page=4",
          "link_type": "results"
        },
        {
          "domain": "www.latimes.com",
          "link": "http://www.latimes.com/local/la-me-kurt-vonnegut-20070412-story.html",
          "link_type": "results"
        },
        {
          "domain": "bilalzuberi.com",
          "link": "http://bilalzuberi.com/category/family-friends/page/3/",
          "link_type": "results"
        },
        {
          "domain": "is.muni.cz",
          "link": "http://is.muni.cz/do/econ/soubory/oddeleni/svi/osnova/um/plagiarists/academia.htm",
          "link_type": "results"
        },
        {
          "domain": "www.webinfobits.com",
          "link": "http://www.webinfobits.com/page/46b205f7ee41",
          "link_type": "results"
        },
        {
          "domain": "www.markschauss.com",
          "link": "http://www.markschauss.com/page/2/",
          "link_type": "results"
        },
        {
          "domain": "pa6nq0.biz.tc",
          "link": "http://pa6nq0.biz.tc/ravena/graduat457.html",
          "link_type": "results"
        }
      ]
    }
  ]
}