{
  "Origins": "In April 2007, a dark brown leather sofa set (couch, loveseat, and chair) obtained from Vanaik Furniture and Mattress store in Toronto was discovered by the Brampton family that purchased it to bear a startlingly racist descriptor, tags pronouncing the items' chocolate shade to be \"Nigger-brown.\"",
  "Fact Check": "",
  "Description": "The set had been manufactured by a furniture maker operating in Guangzhou, China. The offensive labels escaped notice both at the Toronto furniture store and at its supplier, Cosmos Furniture in Scarborough. Each of the three pieces had a similar label affixed to the woven protective covering wrapped around them. A Chinese software company, Kingsoft Corp., acknowledged its translation program was at fault. When the Chinese characters for \"dark brown\" are typed into an older version of its Chinese-English translation software, the offensive description comes up. (The program's 2007 version does not produce that result.) The software had been programmed with terms garnered from a Chinese-English dictionary. Words aren't dropped from a language in the blink of an eye: While new terms can swiftly become part of the common lexicon, that which has fallen from linguistic favor departs far more slowly. Though now widely regarded as one of the words one must not say, it wasn't that long ago that Western society routinely used \"nigger\" as a color descriptor of various goods, even well after it was no longer used as a descriptor of people. Around 1914, Lady's Pictorial a London magazine, routinely presented ads for soft taffeta hats in \"nigger-black.\" A 1915 edition of the British Home Chat magazine described cloth as \"nigger-brown.\" Writers D.H. Lawrence and John Dos Passos wrote about \"nigger-grey\" and \"nigger-pink.\" And, as late as 1973, The Times of London wrote of autumnal colours in a shade that \"used to be nigger brown.\" While Western society has now eschewed the word, in some parts of the world it continues to be used as a descriptor of an item's color. In China, \"nigger-brown\" pigment is available for purchase from the Wenzhou Kunwei Pearly-Lustre Pigment Co., Ltd. Men's shoes from the Nanhai De Xing Leather Shoes Habiliment Co., Ltd., are described on its web site: \"This product is comfortable for wearing, it looks very simple and artistic. Size: 39#-46# Color: nigger-brown.\" Such are the pitfalls of dealing with a global economy: goods produced and labeled in one part of the world are sold internationally, and terms that are irredeemably offensive in some places barely give anyone pause in others. Until the epithet falls out of use everywhere, look for more gobsmacked Western consumers ending up with \"nigger brown\" couches and shoes. Other descriptive labels commonly used in times past have since been dropped by the wayside as awareness of their potential to offend grew. In 1962, Crayola renamed as \"peach\" the crayon it had until then vended as \"flesh,\" and in 1999 it changed to \"chestnut\" what had previously been labeled \"Indian Red.\" (The company asserts Indian red was not meant to represent the skin colour of Native Americans, but rather referred to a reddish-brown pigment found near India.) Barbara \"color weal\" Mikkelson",
  "Originally Published": "",
  "Referred Links": "http://listing.hk.business.yahoo.com/gb/2298/product_details_91024.html;",
  "Example": "",
  "Last Updated": "15 May 2007",
  "Credibility": "true",
  "URL": "www.snopes.com/racial/business/sofa.asp",
  "Claim": "A sofa set sold in Canada bore a label with a racial pejorative.",
  "Claim_ID": "racial_business_sofa",
  "Tags": "",
  "Google Results": [
    {
      "results": [
        {
          "domain": "www.snopes.com",
          "link": "http://www.snopes.com/racial/business/sofa.asp",
          "link_type": "results"
        },
        {
          "domain": "www.facebook.com",
          "link": "https://www.facebook.com/5617301247/posts/10152663437901248",
          "link_type": "results"
        },
        {
          "domain": "ink2paper.invertedorange.com",
          "link": "http://ink2paper.invertedorange.com/polo-MU5UTzI0.html",
          "link_type": "results"
        },
        {
          "domain": "consumerist.com",
          "link": "http://consumerist.com/2007/04/07/packaging-label-describes-sofa-color-as-nigger-brown/",
          "link_type": "results"
        },
        {
          "domain": "hefnerufa.ru",
          "link": "http://hefnerufa.ru/racial/language/names.asp/er6ucodboqyqnhtu__4tik",
          "link_type": "results"
        },
        {
          "domain": "www.abovetopsecret.com",
          "link": "http://www.abovetopsecret.com/forum/viewthread.php?tid=276901",
          "link_type": "results"
        },
        {
          "domain": "taggedwiki.zubiaga.org",
          "link": "http://taggedwiki.zubiaga.org/new_content/c0e51f961fd099ae8bbc1b2ab27a1c7c",
          "link_type": "results"
        },
        {
          "domain": "www.tuugo.us",
          "link": "http://www.tuugo.us/Companies/critter-couch-co/0310004513374",
          "link_type": "results"
        },
        {
          "domain": "perezhilton.com",
          "link": "http://perezhilton.com/2012-08-06-justin-bieber-racist-comment-canada-gas-backlash",
          "link_type": "results"
        },
        {
          "domain": "www2.mta.ac.il",
          "link": "http://www2.mta.ac.il/~gideon/courses/nlp/data/word_list_20k.txt",
          "link_type": "results"
        }
      ]
    },
    {
      "results": [
        {
          "domain": "www.doomsteaddiner.net",
          "link": "http://www.doomsteaddiner.net/forum/index.php?topic=559.2895",
          "link_type": "results"
        },
        {
          "domain": "tenthousandthingsfromkyoto.blogspot.com",
          "link": "http://tenthousandthingsfromkyoto.blogspot.com/2011_07_01_archive.html",
          "link_type": "results"
        },
        {
          "domain": "groups.google.com",
          "link": "https://groups.google.com/forum/#!topic/2dlb5vp89fo0yz59/wwslR9JIHyg",
          "link_type": "results"
        },
        {
          "domain": "forum.watmm.com",
          "link": "http://forum.watmm.com/topic/44965-9-beers/page-2",
          "link_type": "results"
        },
        {
          "domain": "subscribe.ru",
          "link": "http://subscribe.ru/archive/job.lang.shalnoffschool/201012/24110259.html",
          "link_type": "results"
        },
        {
          "domain": "archive.org",
          "link": "https://archive.org/stream/dragoncrownhongk00kwan/dragoncrownhongk00kwan_djvu.txt",
          "link_type": "results"
        },
        {
          "domain": "www.cyclingthe6.com",
          "link": "http://www.cyclingthe6.com/2011_06_01_archive.html",
          "link_type": "results"
        },
        {
          "domain": "ruhlman.com",
          "link": "http://ruhlman.com/2007/05/the_new_new_cui/",
          "link_type": "results"
        },
        {
          "domain": "eresources.nlb.gov.sg",
          "link": "http://eresources.nlb.gov.sg/newspapers/Digitised/Issue/straitstimes19970614-1.aspx",
          "link_type": "results"
        }
      ]
    },
    {
      "results": [
        {
          "domain": "www.fraterslibertas.com",
          "link": "http://www.fraterslibertas.com/2006_03_01_archive.html",
          "link_type": "results"
        },
        {
          "domain": "www.blackhatworld.com",
          "link": "http://www.blackhatworld.com/blackhat-seo/blackhat-lounge/58227-only-time-white-guys-allowed-say-n-word.html",
          "link_type": "results"
        },
        {
          "domain": "www.pseudodictionary.com",
          "link": "http://www.pseudodictionary.com/search.php?letter=p&browsestart=250",
          "link_type": "results"
        },
        {
          "domain": "eprints.brighton.ac.uk",
          "link": "http://eprints.brighton.ac.uk/12315/6/indexcodes.txt",
          "link_type": "results"
        },
        {
          "domain": "www.article.seoexparte.com",
          "link": "http://www.article.seoexparte.com/start/1013/All/",
          "link_type": "results"
        },
        {
          "domain": "bmsteched.com",
          "link": "http://bmsteched.com/mr-stockwell",
          "link_type": "results"
        },
        {
          "domain": "sotcaa.org",
          "link": "http://sotcaa.org/history/sotcaa2000/editnews/esoterica.html",
          "link_type": "results"
        },
        {
          "domain": "extremelifechanger.com",
          "link": "http://extremelifechanger.com/index.php?p=1_82_76-CULTS-Jehovah-s-Witnesses",
          "link_type": "results"
        },
        {
          "domain": "cgi.cse.unsw.edu.au",
          "link": "https://cgi.cse.unsw.edu.au/~cs3231/04s1/labs/C-Exercises/random.words",
          "link_type": "results"
        }
      ]
    }
  ]
}