{
  "Origins": "Urban legends and jokes are often used as vehicles to pass along negative perceptions about members of other groups because the process of telling them provides an at-arm's-length way of communicating prejudices by framing them as the underpinnings of funny stories. Tellers retain deniability for the content of what is being expressed by shrugging off any implications of racism and maintaining they're merely repeating amusing stories.",
  "Fact Check": "",
  "Description": "In that vein, the above-quoted item delivers the goods quite effectively. Its humor is fueled by a number of nasty stereotypes about blacks: they're unintelligent, they love fried chicken, and they're animalistic in terms of what motivates them (that is, they think in terms of food, clothing, shelter, shiny things, and sex). So when a black resident is asked her feelings about the loss of churches in her area due to widespread destruction wrought by a natural disaster, she naturally responds (in \"mammy\"-style dialect) with an answer unwittingly demonstrating that physical nourishment is a far more important part of her reality than is spiritual nourishment, mistaking a question about houses of worship for one about fast food outlets. ( Church's and Popeyes are both popular chains of chicken restaurants.) Of course, there was no such interview in the aftermath of any of the natural disasters referenced above. Jokes employing the churches/Church's pun antedate the earliest example cited here by at least several years. For example, a 1997 USENET discussion on the Vatican's policy regarding divorce (to which someone responded with the suggestion that \"we should burn all the churches\") drew the following comment: I agree. Burn all the Church's. I like Popeye's Chicken better anyway. Black comedian George Wallace has also presented the same bit of humor as a \"Yo Momma\" joke: \"Yo' mama is so stupid, when they told her they were burning churches, she said, 'That's alright, I eat at Popeyes.'\" Another 1997 telling of this joke attributed it to black comic Daran Howard : \"You know they're burning churches.\" \"I don't give a damn, I like Popeye's!!\"",
  "Originally Published": "",
  "Referred Links": "http://web.archive.org/web/20001026135618/http://www.yerf.com/date/19970908.htm;http://www.georgewallace.net/thinkin.htm;http://groups.google.com/group/alt.bible.prophecy/browse_frm/thread/b7170d80ff4525f1/426d6b373fc51dbe?lnk=st&q=%22BURN+THE+VATICAN%22+popeye's&rnum=1&hl=en#426d6b373fc51dbe;http://www.popeyes.com/;http://www.churchs.com/;",
  "Example": "[Collected via e-mail, January 2013] When hurricane Sandy struck the East Coast, even houses of worship were not spared. A local television station interviewed a black woman from New Jersey and asked how the loss of churches in the area would affect their lives. Without hesitation, the woman replied, \"I don't know 'bout all those other people, but we ain't gone to Churches in years. We gets our chicken from Popeye's.\" The look on the interviewer's face was priceless. They live among us, AND THEY VOTE. Now, do you understand how we got our president? Variations: Versions of this same anecdote have been circulated after several recent natural disasters. After Hurricane Katrina struck the Gulf coast of the U.S. in August 2005, the joke made the rounds of the Internet in this form: LORD HELP HER! Lost Churches in Louisiana One of the local television stations in South Louisiana actually aired an interview with a woman of color from New Orleans. The interviewer was a woman from a Boston affiliate, so she asked the interviewee how such total and complete devastation of the churches in the area had affected their lives. The woman replied, \"I don't know about all those other peoples, but we gets our chicken from Popeye's.\" The look on the interviewer's face was priceless. In the wake of an outbreak of devastating tornadoes that hit the Southern U.S. in April 2011, this joke was dusted off and sent around anew: The tornadoes that hit Alabama were devastating. It did not spare the houses of worship in and around the area. One of the local television stations in Tuscaloosa aired an interview with a black woman. The interviewer was a woman from a Boston affiliate. She asked the black woman how such total and complete devastation of the churches in the area had affected their lives. Without hesitation, the woman replied, 'I don't know about all those other people, but we haven't gone to Churches in years. We get our chicken from Popeye's'. The look on the interviewer's face was priceless!",
  "Last Updated": "8 January 2013",
  "Credibility": "false",
  "URL": "www.snopes.com/racial/humor/churches.asp",
  "Claim": "Disaster survivor gives mistaken answer to an interviewer's question about the loss of churches in her area.",
  "Claim_ID": "racial_humor_churches",
  "Tags": "",
  "Google Results": [
    {
      "results": [
        {
          "domain": "www.snopes.com",
          "link": "http://www.snopes.com/racial/humor/churches.asp",
          "link_type": "results"
        },
        {
          "domain": "www.snopes.com",
          "link": "http://www.snopes.com/racial/humor/humor.asp?print=y",
          "link_type": "results"
        },
        {
          "domain": "iprovibe.wordpress.com",
          "link": "https://iprovibe.wordpress.com/2013/01/08/14820/",
          "link_type": "results"
        },
        {
          "domain": "iprovibe.wordpress.com",
          "link": "https://iprovibe.wordpress.com/page/1397/",
          "link_type": "results"
        },
        {
          "domain": "groups.google.com",
          "link": "https://groups.google.com/d/topic/christiansunchained/kO4biaF1_JU",
          "link_type": "results"
        },
        {
          "domain": "terranstryder.blogspot.com",
          "link": "http://terranstryder.blogspot.com/2013/01/chicken-belittle.html",
          "link_type": "results"
        },
        {
          "domain": "camelopardid2.rssing.com",
          "link": "http://camelopardid2.rssing.com/chan-1192507/all_p27.html",
          "link_type": "results"
        },
        {
          "domain": "www.sjpba.net",
          "link": "http://www.sjpba.net/Farsider/011713.htm",
          "link_type": "results"
        },
        {
          "domain": "rss2.com",
          "link": "http://rss2.com/feeds/New-Urban-Legends/page221",
          "link_type": "results"
        },
        {
          "domain": "faculty.washington.edu",
          "link": "https://faculty.washington.edu/eloftus/Articles/lof93.htm",
          "link_type": "results"
        },
        {
          "domain": "",
          "link": "/aclk?sa=L&ai=Cn3K9SM6jVvq7Ho2cpgODhrbABaO1kq4Hs5KZvLkBg-vSp6QBCAMQASgDYOWDgICoFsgBAaoEJ0_QWrPbLWQ980P34ynSKS0w9GS67eVq8OhPJSfvUBXvaCZ9Ruqsu4AH07KOJpAHA6gHpr4b2AcB&sig=AOD64_2uZQE4GGR_JcxojDpQi7bRpyZs0g&clui=0&q=&ved=0ahUKEwiq9YPTz8DKAhUHv4MKHSarCUoQ0QwIUA&adurl=http://index.about.com/slp%3F%26q%3Dquestions%2Bto%2Binterviewers%26sid%3Df82c1c9a-a3f3-45ba-b1f9-68c5e37fa18a-0-ab_gsb%26kwid%3D%252Bquestions%2520%252Bto%2520%252Binterviewers%26cid%3D49724976675%26site%3D",
          "link_type": "ads_main"
        },
        {
          "domain": "",
          "link": "/aclk?sa=L&ai=CTjBKSM6jVvq7Ho2cpgODhrbABe3F38AHlcLwr7YCgrCf6gQIAxACKANg5YOAgKgWyAEBqgQlT9BKF_M0VgzKenYpKoe9Dt2USU9BWtZw_DsZoNciBp1-Q9NjdIAH5cH9QZAHA6gHpr4b2AcB&sig=AOD64_1ND63SflPKApnBnhxhzEgWf0Q7bQ&clui=4&q=&ved=0ahUKEwiq9YPTz8DKAhUHv4MKHSarCUoQ0QwIWg&adurl=https://promise686.org/upcoming-events/",
          "link_type": "ads_main"
        },
        {
          "domain": "",
          "link": "/aclk?sa=l&ai=CeSxlSM6jVvq7Ho2cpgODhrbABZTNxdYD1OeD-Xj11e8FCAMQAygDYOWDgICoFqAB3O-U1QPIAQGqBChP0BpJhDRXDMp6dmEqG-OcPPqdUTfK6cxoTzFHs4v2furWm7PCwUK0gAeMkOsqkAcDqAemvhvYBwE&sig=AOD64_1sZ_AGN0oVWeZLb0GqM4iLYTheRQ&clui=5&q=&ved=0ahUKEwiq9YPTz8DKAhUHv4MKHSarCUoQ0QwIXw&adurl=http://www.humanityroad.org/Donations",
          "link_type": "ads_main"
        }
      ]
    },
    {
      "results": [
        {
          "domain": "www.imdb.com",
          "link": "http://www.imdb.com/title/tt0379225/quotes",
          "link_type": "results"
        },
        {
          "domain": "quizlet.com",
          "link": "https://quizlet.com/33164607/eppp-exam-questions-2-flash-cards/",
          "link_type": "results"
        },
        {
          "domain": "en.wikipedia.org",
          "link": "https://en.wikipedia.org/wiki/2011_end_times_prediction",
          "link_type": "results"
        },
        {
          "domain": "en.wikipedia.org",
          "link": "https://en.wikipedia.org/wiki/Enoch_Powell",
          "link_type": "results"
        },
        {
          "domain": "onlinelibrary.wiley.com",
          "link": "http://onlinelibrary.wiley.com/doi/10.1111/j.1467-8330.1994.tb00229.x/pdf",
          "link_type": "results"
        },
        {
          "domain": "",
          "link": "/aclk?sa=l&ai=Czp6-S86jVtSoIdfqpAPb5ay4D-q9quYGupflvrMCgLey1QsIAxABKANg5YOAgKgWkAECoAHWtKfRA8gBAaoEKE_Qrmh_tLDkxkCOu9cUoLbILKcftOLumJ2_GV1GbkYyIlaF07LeBZaAB5LL2C6QBwOoB6a-G9gHAQ&sig=AOD64_3JUXg4lRg7xJf2QEWgFr8igLTaRw&clui=0&q=&ved=0ahUKEwjP-73Uz8DKAhWlyIMKHfj0AE04ChDRDAhQ&adurl=http://woodlandbc.org/worship-archive/",
          "link_type": "ads_main"
        },
        {
          "domain": "",
          "link": "/aclk?sa=L&ai=C23d3S86jVtSoIdfqpAPb5ay4D_CP_OEGyPXitYYCgLey1QsIAxACKANg5YOAgKgWkAECyAEBqgQoT9CuDmi0s-TGQI671xSgtvIe4TK04u6Ynb8ZXUZuRjIiVoXT0ORW_IAHwJvpRZAHA6gHpr4b2AcB&sig=AOD64_0JEOO7WJfaSf1MU0PzWWYIROZOYQ&clui=5&q=&ved=0ahUKEwjP-73Uz8DKAhWlyIMKHfj0AE04ChDRDAha&adurl=http://www.capcitychurch.com",
          "link_type": "ads_main"
        },
        {
          "domain": "",
          "link": "/aclk?sa=L&ai=CCJQRS86jVtSoIdfqpAPb5ay4D7mXq40HmYq8g-0CgrCf6gQIAxADKANg5YOAgKgWkAECyAEBqgQoT9CuaH-0suTGQI671xSgtttOw0S04u6Ynb8ZXUZuRjIiVoXT-Z5Dl4AHyaODMJAHA6gHpr4b2AcB&sig=AOD64_06yX64Zoz-DX1FgS7aS4TLfrCsAQ&clui=10&q=&ved=0ahUKEwjP-73Uz8DKAhWlyIMKHfj0AE04ChDRDAhk&adurl=http://www.aviatorchurch.com",
          "link_type": "ads_main"
        }
      ]
    },
    {
      "results": [
        {
          "domain": "www.pbs.org",
          "link": "http://www.pbs.org/wgbh/pages/frontline/storm/etc/script.html",
          "link_type": "results"
        },
        {
          "domain": "www.academia.edu",
          "link": "http://www.academia.edu/5859050/How_to_Write_a_Winning_Scholarship_Essay",
          "link_type": "results"
        },
        {
          "domain": "www.dailymail.co.uk",
          "link": "http://www.dailymail.co.uk/auhome/index.html",
          "link_type": "results"
        },
        {
          "domain": "en.wikibooks.org",
          "link": "https://en.wikibooks.org/wiki/Cultural_Anthropology/Print_version",
          "link_type": "results"
        },
        {
          "domain": "www.experienceworks.org",
          "link": "http://www.experienceworks.org/site/Survey?SURVEY_ID=2741&ACTION_REQUIRED=URI_ACTION_VIEW_EXTENDED_REPORTING&QUESTION_ID=4569",
          "link_type": "results"
        }
      ]
    }
  ]
}