{
  "Origins": "The dot is a Hindu, not Indian, tradition. It is a common error to confuse the terms Hindu and Indian, though. The vast majority of Indian people are Hindu, but there are also Christians, Muslims, Buddhists, and people of other faiths.",
  "Fact Check": "",
  "Description": "One of every six people in the world is Hindu, so it's not surprising the dot goes by different names in different dialects. You'll hear it referred to as a \"tilaka,\" a \"bottu,\" or a \"bindi.\" Traditionally, the dot carries no gender limitation: men as well as women wear it. The tradition of men's wearing the tilaka has faded in recent times, though, so nowadays you see a lot more women than men sporting one. Red is the traditional color, but that's also changing people now go with different colours depending upon their preferences. Traditionally, some unmarried women wore black dots, while married women sported red ones. Today, women often wear dots that match the color of their saris. The position of the tilaka is standard: centre of the forehead. It represents a third, inner eye. Hindu tradition holds that all people have three eyes, the two outer ones used for seeing the outside world, the third one focusing inward toward God. As such, the red dot signifies piety as well as serving as a constant reminder to keep God in the front of a believer's thoughts. Barbara \"God's eye\" Mikkelson",
  "Originally Published": "",
  "Referred Links": "",
  "Example": "",
  "Last Updated": "17 July 2007",
  "Credibility": "false",
  "URL": "www.snopes.com/religion/reddot.asp",
  "Claim": "The red dot on a Hindu woman's forehead is nothing more than an indicator of her marital status.",
  "Claim_ID": "religion_reddot",
  "Tags": "",
  "Google Results": [
    {
      "results": [
        {
          "domain": "answers.yahoo.com",
          "link": "https://answers.yahoo.com/question/index?qid=20070603204429AALXerr",
          "link_type": "results"
        },
        {
          "domain": "www.snopes.com",
          "link": "http://www.snopes.com/religion/reddot.asp",
          "link_type": "results"
        },
        {
          "domain": "www.saywhydoi.com",
          "link": "http://www.saywhydoi.com/bindis-why-do-indians-wear-a-red-dot-on-their-forehead/",
          "link_type": "results"
        },
        {
          "domain": "www.jmm.org.au",
          "link": "http://www.jmm.org.au/articles/13891.htm",
          "link_type": "results"
        },
        {
          "domain": "ephesians511blog.com",
          "link": "http://ephesians511blog.com/2013/02/23/the-bindi-or-tilak-mark-on-the-forehead-indian-or-hindu/",
          "link_type": "results"
        },
        {
          "domain": "lovetrafell.com",
          "link": "http://lovetrafell.com/hindu-red-dot-snopes-com.html",
          "link_type": "results"
        },
        {
          "domain": "xenophilius.wordpress.com",
          "link": "https://xenophilius.wordpress.com/2012/07/05/ex-fbi-employee-no-bodies-at-flight-93-crash-site-claims-she-saw-angels/",
          "link_type": "results"
        },
        {
          "domain": "devdutt.com",
          "link": "http://devdutt.com/articles/advertising-widows.html",
          "link_type": "results"
        },
        {
          "domain": "www.quora.com",
          "link": "https://www.quora.com/What-is-the-cultural-scientific-and-religious-reasoning-behind-Hindu-married-women-wearing-a-sindoor-vermilion-by-parting-their-hair",
          "link_type": "results"
        },
        {
          "domain": "snopescom.dev.webproxy.net",
          "link": "http://snopescom.dev.webproxy.net/?.-wp-.aHR0cDovL3d3dy5zbm9wZXMuY29tL3JlbGlnaW9uL3JlbGlnaW9uLmFzcA==/",
          "link_type": "results"
        }
      ]
    },
    {
      "results": [
        {
          "domain": "www.michellemoran.com",
          "link": "http://www.michellemoran.com/gallery/wedding/wedding.html",
          "link_type": "results"
        },
        {
          "domain": "thirdestatesundayreview.blogspot.com",
          "link": "http://thirdestatesundayreview.blogspot.com/2006/09/editorial-know-your-enemy.html",
          "link_type": "results"
        },
        {
          "domain": "en.wikipedia.org",
          "link": "https://en.wikipedia.org/wiki/Women_in_India",
          "link_type": "results"
        },
        {
          "domain": "www.wofs.com",
          "link": "http://www.wofs.com/index.php/wealth-mainmenu-37/935-nine-indications-ofwealth-on-your-face",
          "link_type": "results"
        },
        {
          "domain": "www.ncbi.nlm.nih.gov",
          "link": "http://www.ncbi.nlm.nih.gov/pmc/articles/PMC4382501/",
          "link_type": "results"
        },
        {
          "domain": "commission-on-legal-pluralism.com",
          "link": "http://commission-on-legal-pluralism.com/volumes/50/bates-art.htm.html",
          "link_type": "results"
        },
        {
          "domain": "www.whimsy.org.uk",
          "link": "http://www.whimsy.org.uk/superstitions.html",
          "link_type": "results"
        },
        {
          "domain": "boards.straightdope.com",
          "link": "http://boards.straightdope.com/sdmb/archive/index.php/t-761118.html",
          "link_type": "results"
        }
      ]
    },
    {
      "results": [
        {
          "domain": "adivaarden91.blogspot.com",
          "link": "http://adivaarden91.blogspot.com/2011_07_01_archive.html",
          "link_type": "results"
        },
        {
          "domain": "www.independent.co.uk",
          "link": "http://www.independent.co.uk/voices/commentators/johann-hari/the-dark-side-of-dubai-1664368.html",
          "link_type": "results"
        },
        {
          "domain": "anthropology.si.edu",
          "link": "http://anthropology.si.edu/outreach/anthnote/Winter01/anthnote.html",
          "link_type": "results"
        },
        {
          "domain": "dreamingthedreams.com",
          "link": "http://dreamingthedreams.com/meanings/I%20seen%20in%20my%20dream%20my%20husband%20have%20another%20woman/",
          "link_type": "results"
        },
        {
          "domain": "roadsandkingdoms.com",
          "link": "http://roadsandkingdoms.com/2013/rite-of-return/",
          "link_type": "results"
        },
        {
          "domain": "www.happyhealthylonglife.com",
          "link": "http://www.happyhealthylonglife.com/happy_healthy_long_life/music/",
          "link_type": "results"
        },
        {
          "domain": "jonnys53.blogspot.com",
          "link": "http://jonnys53.blogspot.com/2007/06/what-you-may-or-may-not-have-seen.html",
          "link_type": "results"
        }
      ]
    }
  ]
}