{
  "Origins": "The legend of the \"well to Hell\" is one that particularly appeals to some Christian groups as offering confirmation that Hell (and therefore God) exists. Popular endings to the story have it that scientists (the symbols of atheism) ran screaming from the site in terror when confronted with such proof, or that since the discovery of Hell conversions to Christianity began occurring at an unprecedented rate.",
  "Fact Check": "",
  "Description": "If there is a Hell under Siberia, scientists have yet to discover it. What we have here is an enthralling legend that's been spun off an actual event. In 1984, an article about an experimental well in Russia's Kola Peninsula appeared in Scientific American . The Kola well reached 12 kilometers into the ground, where scientists encountered rare rock formations, flows of gas and water, and temperatures up to 180 . (That's 180 , folks, not the 2,000 usually reported in any \"Scientists Discover Hell!\" screed. It was hot, but it wasn't hellishly so.) Those who did the actual drilling of this very real well did not break through to a hollow centre, and certainly no piteous screams of the damned were heard. That part of the story was pure embellishment added after this real event was turned into a legend. (Yes, we know that any number of web sites offer audio clips purporting to be the screams of the damned as recorded in the Well to Hell, and all of them sound like they could be the noise from a typical bar on a busy Friday evening.) The report on the digging of that well and the difficulties encountered during the project collided with someone's vision of what should have been found down there. A little exaggerating about depth and temperature, some fabrication about hollow centres and screams, and all of a sudden there was this great story to throw back at those who claim there is no God. Though it's impossible to pinpoint when the news story about a well in Russia transformed into a story about scientists breaking into Hell or who was responsible for that transformation, we do know that in 1989 the Trinity Broadcasting Network (TBN) aired a \"Scientists Discover Hell\" story and placed the event as happening in the Kola Peninsula. A Norwegian schoolteacher visiting California heard that broadcast and took the story back to Norway with him. He then mailed it to a Christian magazine in Finland. In the form of a letter from a reader, it reached a Finnish missionaries newsletter. From there it returned to the United States, reaching both the TBN people and other evangelists who then claimed they had gotten it from a respected Finnish scientific journal. In the spring of 1990, the legend as we now know it appeared in both Praise The Lord (February) and Midnight Cry (April). Debunkings of it showed up in Christianity Today (July) and Biblical Archaeology Review (November). Even so, the Weekly World News tabloid ran the story in 1992, this time setting it in Alaska and claiming thirteen oil rig workers were killed when the Devil came roaring up out of the ground. You can't beat that for embellishment. Barbara \"just a spoonful of auger helps the 'men has sinned' go down\" Mikkelson",
  "Originally Published": "",
  "Referred Links": "http://weeklyworldnews.com/headlines/3060/oil-drill-opens-hole-into-hell/;https://www.youtube.com/watch?v=8iPIXq_jGMQ;",
  "Example": "[Brunvand, 1993] Geologists working somewhere in remote Siberia had drilled a hole some 14.4 kilometers deep (about 9 miles) when the drill bit suddenly began to rotate wildly. A Mr. Azzacov (identified as the project's manager) was quoted as saying they decided that the center of the earth was hollow. Supposedly, the geologists measured temperatures of over 2,000 degrees in the deep hole. They lowered super sensitive microphones to the bottom of the well, and to their astonishment they heard the sounds of thousands, perhaps millions, of suffering souls screaming.",
  "Last Updated": "17 July 2014",
  "Credibility": "false",
  "URL": "www.snopes.com/religion/wellhell.asp",
  "Claim": "Scientists drilling in Siberia went too far and ended up punching a hole through to Hell, where the screams of the damned drifted up to them.",
  "Claim_ID": "religion_wellhell",
  "Tags": "",
  "Google Results": [
    {
      "results": [
        {
          "domain": "www.snopes.com",
          "link": "http://www.snopes.com/religion/wellhell.asp",
          "link_type": "results"
        },
        {
          "domain": "www.disclose.tv",
          "link": "http://www.disclose.tv/forum/did-russian-scientists-really-drill-into-hell-t74952.html",
          "link_type": "results"
        },
        {
          "domain": "www.nairaland.com",
          "link": "http://www.nairaland.com/512820/scientist-confirm-hell-real",
          "link_type": "results"
        },
        {
          "domain": "m.facebook.com",
          "link": "https://m.facebook.com/snopes/posts/753296908148164",
          "link_type": "results"
        },
        {
          "domain": "www.facebook.com",
          "link": "https://www.facebook.com/snopes/posts/753296908148164",
          "link_type": "results"
        },
        {
          "domain": "hotcream.cf",
          "link": "http://hotcream.cf/screams-from-hell-in-drilling",
          "link_type": "results"
        },
        {
          "domain": "www.preaching.com",
          "link": "http://www.preaching.com/common-lectionary/11547628/",
          "link_type": "results"
        },
        {
          "domain": "www.abovetopsecret.com",
          "link": "http://www.abovetopsecret.com/forum/thread2096/pg2",
          "link_type": "results"
        },
        {
          "domain": "www.api.sg",
          "link": "http://www.api.sg/forum/viewtopic.php?p=6580",
          "link_type": "results"
        },
        {
          "domain": "jimmyakin.com",
          "link": "http://jimmyakin.com/2006/09/a_reader_writes-3.html",
          "link_type": "results"
        }
      ]
    },
    {
      "results": [
        {
          "domain": "www.datehookup.com",
          "link": "http://www.datehookup.com/Thread-486767.htm",
          "link_type": "results"
        },
        {
          "domain": "sorteodelnino.com",
          "link": "http://sorteodelnino.com/nino-hell-no-meme",
          "link_type": "results"
        },
        {
          "domain": "mueblesmontalvo.com",
          "link": "http://mueblesmontalvo.com/watch-hd/sounds-from-hell-siberia-drilling-deep-into-the-earth-?v=f-9Hmq5RUX0",
          "link_type": "results"
        },
        {
          "domain": "eddievanhalen.com",
          "link": "http://eddievanhalen.com/forum/main-fan-area/general-chat/674517",
          "link_type": "results"
        },
        {
          "domain": "pdf194.wrathbooks.org",
          "link": "http://pdf194.wrathbooks.org/pdf/through-siberia_20lkog.pdf",
          "link_type": "results"
        },
        {
          "domain": "ebook66ig.jimdo.com",
          "link": "http://ebook66ig.jimdo.com/2015/01/09/download-read-ebook-to-siberia-a-novel-free-pdf/",
          "link_type": "results"
        },
        {
          "domain": "clashofclansgames.howfor.info",
          "link": "http://clashofclansgames.howfor.info/kola-superdeep-borehole-screaming",
          "link_type": "results"
        },
        {
          "domain": "creekistan.blogspot.com",
          "link": "http://creekistan.blogspot.com/2006_06_01_archive.html",
          "link_type": "results"
        },
        {
          "domain": "chenhaokang.com",
          "link": "http://chenhaokang.com/siberia-hell-hole/",
          "link_type": "results"
        }
      ]
    },
    {
      "results": [
        {
          "domain": "forums.t-nation.com",
          "link": "https://forums.t-nation.com/t/saw-the-strangest-thing/63523?page=2",
          "link_type": "results"
        },
        {
          "domain": "e-videos.ga",
          "link": "http://e-videos.ga/Digging-A-Hole-Meme/",
          "link_type": "results"
        },
        {
          "domain": "download229.huepdf.org",
          "link": "http://download229.huepdf.org/7tnoa_hell-hole.pdf",
          "link_type": "results"
        },
        {
          "domain": "doc1113.cuibooks.com",
          "link": "http://doc1113.cuibooks.com/the-hell-hole-william-and-milarde-brent_P_jvyt7.pdf",
          "link_type": "results"
        },
        {
          "domain": "www.rationalskepticism.org",
          "link": "http://www.rationalskepticism.org/creationism/hall-of-shame-t34473-20.html",
          "link_type": "results"
        },
        {
          "domain": "giotranucmar.gdk.mx",
          "link": "http://giotranucmar.gdk.mx/save.php?d=636-the-wells-of-hell",
          "link_type": "results"
        },
        {
          "domain": "mp3hitz.tk",
          "link": "http://mp3hitz.tk/sounds/mp3hitz.tk/sounds/sounds-from-hell.html",
          "link_type": "results"
        },
        {
          "domain": "minecrafthelp.net",
          "link": "http://minecrafthelp.net/tag/digging-a-hole-meme",
          "link_type": "results"
        },
        {
          "domain": "elitymicijiru.xpg.uol.com.br",
          "link": "http://elitymicijiru.xpg.uol.com.br/the-found-hell.html",
          "link_type": "results"
        },
        {
          "domain": "www.idkerja.xyz",
          "link": "https://www.idkerja.xyz/videos/sounds-of-hell-updated?v=U-iqDeIgGKM",
          "link_type": "results"
        }
      ]
    }
  ]
}