{
  "Origins": "The online world is fraught with clever photo manipulations that often provoke gales of laughter in those who view them, put together by pranksters acting on a lark. However, prompted by lighthearted motives or not, this photo sparked sensations of horror in those who viewed it in the days immediately following the 9/11 terrorist attacks on the United States. The image seemingly captured the last fraction of a second of a man's life ... and also of the final moment of normalcy before the universe changed for all of us. In the blink of an eye, a beautiful yet ordinary late summer day was transformed into flames and falling bodies, buildings collapsing inwards on themselves, and wave upon wave of terror washing over a populace wholly unprepared for a war beginning in its midst.",
  "Fact Check": "",
  "Description": "The picture ripped away the healing distance brought by the nearly two weeks between the attacks and the appearance of this grim reminder, leaving the sheer horror of the moment once again raw and bared to the wind. Whether or not the picture was real, the emotions it stirred up certainly were. It was because of those emotions that the photograph began to speed from inbox to inbox at the end of September 2001. However, aside from all the digital imperfections in the image (e.g., shadows of different objects don't correspond to the same light source, the date-time stamp is the wrong type of font), a number of logistical errors proved it to be suspect beyond credibility: September 11 was a warm and sunny late summer day, not the type of weather in which a tourist would have been decked out in a winter coat and hat. The airliner shown in the picture is approaching from the north and would therefore have been the plane that hit the north tower of the World Trade Center (WTC1), but WTC1 did not have an outdoor observation deck. The south tower (WTC2) included an indoor observation deck on the 107th floor and an outdoor deck above the 110th floor, but WTC1 housed only Windows on the World, an indoor restaurant with a magnificent view of the city but no outdoor deck. The operating hours in September for the WTC2 observatories were 9:30 A.M. to 9:30 P.M., meaning they opened too late for a tourist to have been present on one of them on September 11 before the first plane hit the WTC at 8:49 A.M. The aircraft shown is a Boeing 757 bearing American Airline markings, but Flight 11, the only American flight to crash into the World Trade Center, was a 767. (The 767 is a wide-body jet; the 757 is a smaller, standard-body craft. This photograph on Airliners.net, from which the image of the plane used here was probably taken, is of a Boeing 757.) Healing takes place in many fashions, and the Accidental Tourist not only became part of that healing process but also spawned an iconic genre of Internet lore, featured at web sites such as TouristofDeath.com. Although the photo itself was quickly debunked as a digital manipulation, one looming mystery remained: Who was the tourist whose likeness appeared in the image? In November 2001, a 41-year-old Brazilian man named Jos Roberto Penteado from Campinas, Sao Paulo, stepped forward to assert his face was used for the \"Accidental Tourist\" photo, but his claim later proved to be rather dubious. A few weeks later, a Hungarian man named Peter staked a much better claim to the \"Tourist Guy\" crown by supplying the original photograph of himself (and other similar snapshots from the same session) and revealing that he himself had created the infamous \"Accidental Tourist\" image:",
  "Originally Published": "",
  "Referred Links": "http://www.wired.com/news/culture/0,1284,48397,00.html;http://www.wired.com/news/culture/0,1284,48225,00.html;http://www.airliners.net/open.file?id=131660;",
  "Example": "[Collected via e-mail, September 2001] We've seen thousands of pictures concerning the attack. However, this one will make you cringe. A simple tourist getting himself photographed on the top of the WTC just seconds before the tragedy ... the camera was found in the rubble!!",
  "Last Updated": "11 September 2013",
  "Credibility": "false",
  "URL": "www.snopes.com/rumors/photos/tourist.asp",
  "Claim": "Photograph captures an unlucky tourist posing on the observation deck of a World Trade Center tower on 9/11, seconds before a hijacked airliner smashed into the building.",
  "Claim_ID": "rumors_photos_tourist",
  "Tags": "",
  "Google Results": [
    {
      "results": [
        {
          "domain": "www.snopes.com",
          "link": "http://www.snopes.com/rumors/photos/tourist.asp",
          "link_type": "results"
        },
        {
          "domain": "en.wikipedia.org",
          "link": "https://en.wikipedia.org/wiki/Tourist_guy",
          "link_type": "results"
        },
        {
          "domain": "timesoracle.com",
          "link": "http://timesoracle.com/2015/12/the-accidental-tourist.html",
          "link_type": "results"
        },
        {
          "domain": "www.healthboards.com",
          "link": "http://www.healthboards.com/boards/general-health/801596-9-11-hoaxes.html",
          "link_type": "results"
        },
        {
          "domain": "thespokedblog.com",
          "link": "http://thespokedblog.com/2015/12/10/the-accidental-tourist/",
          "link_type": "results"
        },
        {
          "domain": "www.humorandwisdom.com",
          "link": "http://www.humorandwisdom.com/patriotic-stuff.htm",
          "link_type": "results"
        },
        {
          "domain": "www.mcquaker.org",
          "link": "http://www.mcquaker.org/blog/2001_10_07_blog_archive.html",
          "link_type": "results"
        },
        {
          "domain": "thescotts.boggusweb.com",
          "link": "http://thescotts.boggusweb.com/binladen.html",
          "link_type": "results"
        },
        {
          "domain": "www.nyyfansforum.com",
          "link": "http://www.nyyfansforum.com/archive/index.php/t-15615.html",
          "link_type": "results"
        }
      ]
    },
    {
      "results": [
        {
          "domain": "www.unexplained-mysteries.com",
          "link": "http://www.unexplained-mysteries.com/forum/index.php?showtopic=20912",
          "link_type": "results"
        },
        {
          "domain": "www.littleblackdog.com",
          "link": "http://www.littleblackdog.com/topic3026.html",
          "link_type": "results"
        },
        {
          "domain": "ukbug.net",
          "link": "http://ukbug.net/2015/12/the-accidental-tourist/",
          "link_type": "results"
        },
        {
          "domain": "factscommunity.com",
          "link": "http://factscommunity.com/2015/12/21/the-accidental-tourist.html",
          "link_type": "results"
        },
        {
          "domain": "dailyfreshnews.info",
          "link": "http://dailyfreshnews.info/2015/12/2232836-the-accidental-tourist/",
          "link_type": "results"
        },
        {
          "domain": "www.outlookindia.com",
          "link": "http://www.outlookindia.com/article/rumours-of-war/213250",
          "link_type": "results"
        },
        {
          "domain": "killtown.911review.org",
          "link": "http://killtown.911review.org/oddities/2001.html",
          "link_type": "results"
        },
        {
          "domain": "mailstar.net",
          "link": "http://mailstar.net/wtc.html",
          "link_type": "results"
        },
        {
          "domain": "www.godlikeproductions.com",
          "link": "http://www.godlikeproductions.com/forum1/message446234/pg6",
          "link_type": "results"
        },
        {
          "domain": "lis.mobi",
          "link": "http://lis.mobi/search/tourist/p27",
          "link_type": "results"
        }
      ]
    },
    {
      "results": [
        {
          "domain": "topdocumentaryfilms.com",
          "link": "http://topdocumentaryfilms.com/911-explosive-evidence-experts-speak-out/",
          "link_type": "results"
        },
        {
          "domain": "www.pinterest.com",
          "link": "https://www.pinterest.com/greenfancypants/whoa/",
          "link_type": "results"
        },
        {
          "domain": "911justicehalifax.wordpress.com",
          "link": "https://911justicehalifax.wordpress.com/israeli-art-of-deception-students-at-wtc/",
          "link_type": "results"
        },
        {
          "domain": "cinemamidwest.weebly.com",
          "link": "http://cinemamidwest.weebly.com/blog/previous/23",
          "link_type": "results"
        },
        {
          "domain": "www.gpo.gov",
          "link": "https://www.gpo.gov/fdsys/pkg/CDOC-107hdoc285/html/CDOC-107hdoc285.htm",
          "link_type": "results"
        },
        {
          "domain": "inthesetimes.com",
          "link": "http://inthesetimes.com/article/2702/www.waterfuelcell.org",
          "link_type": "results"
        },
        {
          "domain": "helloreverb.com",
          "link": "https://helloreverb.com/share/interest/reverb/Airliners.net",
          "link_type": "results"
        },
        {
          "domain": "archive.org",
          "link": "https://archive.org/stream/fe_Crossing_the_Rubicon-Decline_of_the_American_Empire_at_the_end_of_the_Age_of_Oil/Crossing_the_Rubicon-Decline_of_the_American_Empire_at_the_end_of_the_Age_of_Oil_djvu.txt",
          "link_type": "results"
        },
        {
          "domain": "www.imdb.com",
          "link": "http://www.imdb.com/title/tt0475276/reviews?count=823&start=196",
          "link_type": "results"
        },
        {
          "domain": "groups.google.com",
          "link": "https://groups.google.com/d/topic/rec.backcountry/85eWc9dtqBU",
          "link_type": "results"
        }
      ]
    }
  ]
}