{
  "Origins": "In the weeks that followed the Attack on America, an especially disquieting whisper rumbled through a society struggling desperately to come to terms with the unthinkable: On the morning of September 11 , no taxi cabs to be found anywhere near the World Trade Center. The story spread in many forms: some said taxi stands near the WTC were eerily empty that fateful morning, others said there were few if any cabs waiting at the airport to bring people into Manhattan, and others said they'd heard of a fellow who had tried to engage a cab to take him into the city but the driver had flat-out refuse the fare. All were versions of the basic rumor, as are the following closely related variants:",
  "Fact Check": "",
  "Description": "The best proof that this wasn't so is of the negative sort. Media coverage on September 11 was frenzied and frantic little was considered too unimportant to merit mention, and reporters jostled one another for any new bits of information or any telling observations they could provide to their audiences. Thousands of people were in the streets that day and many of them chose to tell their stories to the press, yet none of the news reports from that day or follow-up pieces run later mentioned anyone's noticing the absence of cabs in the vicinity of the World Trade Center prior to the attacks. Likewise, no one recalled spotting deserted flower shops, unmanned coffee shops, or untended newsstands. Those who endeavored to make their way home from Ground Zero that day had to hike through the streets because public transportation had ground to a halt and taxis were not to be found. The attacks brought Manhattan to a standstill, and streets normally jammed with all manner of vehicles instead teemed with folks walking out of the city. It's possible those memories of streets devoid of everything but emergency vehicles fed the rumor, leading some to conclude that if cabs weren't to be had after the attacks, they hadn't been there before the attacks. Whatever started the rumor is almost immaterial; what matters is how quickly and completely it was seized upon. The rumor was a way of putting into words a chilling realization America was fighting to come to terms with: Those who had perpetrated the attacks had lived among their victims without raising suspicion, and others of their kind were still out there, quietly biding their time and waiting for their turn to strike. Every male of Arab descent was now suspect, and the presumed loyalty of immigrants from the Middle East was being weighed by all. People were left to wonder whom they could trust. Whom they could really trust. Was country of origin and its culture more important to migr s from the Middle East than allegiance to the new country they had chosen to make their home? This rumor put into words America's fear that it did, because at its heart it asserted that even those who weren't directly involved in the attacks must have had knowledge of what was coming but did not see fit to warn others who weren't of their blood. When push came to shove, said the rumor, their loyalty hadn't been to the country that had opened its arms to them; it had been to the murderers from back home. Sometimes the rumor would take a particularly nasty turn: [Collected on the Internet, 2001] On the morning of Sept. 11, a Middle Eastern looking newspaper vendor handed a man back his change and said \"Here's your change . . . have a good day; it's the last day of your life.\" In such versions it's made clear Arab-Americans weren't merely warned away from the area without any explanation as to why they knew exactly what was to happen and were cheering it on. Telling friend from foe will never be as simple a matter as proceeding on the assumption that every member of the Arab-American community is loyal to al-Qaeda , and therefore we can dispense with the difficult task of protecting the innocent while hunting the guilty. Rumors are often our way of simplifying complex issues, and the difficulty of discerning good guys from lurking terrorists intent upon mass destruction and murder is one of the most frustrating issues of all. This rumor seemed to point the way to an easy answer, but that \"answer\" was born of a need to feel safe again, not of reality. Barbara \"unsafe assumption\" Mikkelson",
  "Originally Published": "",
  "Referred Links": "",
  "Example": "[Collected on the Internet, 2001] A man who worked in the world trade center and survived the attack recounted this to a friend of mine. The man had a routine which included commuting to the world trade center from New Jersey every morning. As part of his regular commute he passed by the entrance to the Millenium Hotel next to the world trade center. The circle in front of the hotel is always full of taxis waiting for fares from the hotel. On September 11th there was not one taxicab in the circle. The man only remembered it because it was such a strange sight seeing no cabs when there are usually a dozen or so. [Collected on the Internet, 2001] I heard from a co-worker that, at ferry terminals in south Manhattan, numerous cabs normally line up to transport arriving ferry passengers to their local destinations but that early on September 11, 2001, virtually no such cabs were available the suggestion being that Middle Eastern cab drivers had received advance notice of the attacks or at least nonspecific notice that they should avoid the area that morning.",
  "Last Updated": "21 April 2008",
  "Credibility": "false",
  "URL": "www.snopes.com/rumors/taxi.asp",
  "Claim": "Prior to the terrorist attack on the morning of September 11, no cabs could be found around the World Trade Center.",
  "Claim_ID": "rumors_taxi",
  "Tags": "",
  "Google Results": [
    {
      "results": [
        {
          "domain": "www.snopes.com",
          "link": "http://www.snopes.com/rumors/taxi.asp",
          "link_type": "results"
        },
        {
          "domain": "www.quora.com",
          "link": "https://www.quora.com/What-did-it-feel-like-to-be-inside-the-World-Trade-Center-at-the-time-of-the-9-11-attacks",
          "link_type": "results"
        },
        {
          "domain": "killtown.911review.org",
          "link": "http://killtown.911review.org/oddities/911.html",
          "link_type": "results"
        },
        {
          "domain": "www.freerepublic.com",
          "link": "http://www.freerepublic.com/focus/news/658938/posts",
          "link_type": "results"
        },
        {
          "domain": "en.wikipedia.org",
          "link": "https://en.wikipedia.org/wiki/American_Airlines_Flight_11",
          "link_type": "results"
        },
        {
          "domain": "en.wikipedia.org",
          "link": "https://en.wikipedia.org/wiki/World_Trade_Center_in_film",
          "link_type": "results"
        },
        {
          "domain": "www.oilempire.us",
          "link": "http://www.oilempire.us/warnings.html",
          "link_type": "results"
        },
        {
          "domain": "observer.com",
          "link": "http://observer.com/2015/09/what-it-felt-like-to-be-inside-the-world-trade-center-during-of-the-911-attacks/",
          "link_type": "results"
        },
        {
          "domain": "11lucky.blogspot.com",
          "link": "http://11lucky.blogspot.com/",
          "link_type": "results"
        },
        {
          "domain": "consciouslifenews.com",
          "link": "http://consciouslifenews.com/911-prove-airplane-hit-pentagon-major-general-albert-stubblebine/1145271/",
          "link_type": "results"
        }
      ]
    },
    {
      "results": [
        {
          "domain": "",
          "link": "/aclk?sa=L&ai=CxhEtNranVu69Fo-DpgOu_L6AD5K6mNRD-piPzrkCzpCGlAEIABABYOWDgICoFpABAsgBAaoEJk_QGZI2l3vAeC7FNSxslMLWKPniNjJtv34SI9DFi_p3c9sfyPiCgAfSjeIykAcDqAemvhvYBwE&sig=AOD64_0g1mKtJnn_b7ZCG26ZCeEi2OAS-Q&clui=0&q=&ved=0ahUKEwiDgdigicjKAhWkkoMKHf7wByM4ChDRDAgY&adurl=http://www.visionofhumanity.org/%23/page/indexes/terrorism-index",
          "link_type": "ads_main"
        },
        {
          "domain": "",
          "link": "/aclk?sa=L&ai=CfcG8NranVu69Fo-DpgOu_L6AD9eGjtEH_8W9h7QC0pTklQYIAxABYOWDgICoFpABAsgBAaoEJU_QSapNl3jAeS7FNSxJvdbqKPniNjJtv34SI9DFkWqVlWIW7VaAB6-n8kGQBwOoB6a-G9gHAQ&sig=AOD64_1Ta6AwVLItp1SYI71FDCJY4ZSSIA&clui=1&q=&ved=0ahUKEwiDgdigicjKAhWkkoMKHf7wByM4ChDRDAhf&adurl=http://www.GroundZeroMuseumStore.org",
          "link_type": "ads_main"
        },
        {
          "domain": "www.abc.net.au",
          "link": "http://www.abc.net.au/news/2011-09-09/eyewitness-accounts-of-september-11/2866958",
          "link_type": "results"
        },
        {
          "domain": "coto2.wordpress.com",
          "link": "https://coto2.wordpress.com/2011/08/10/last-man-out-on-911-makes-shocking-disclosures/",
          "link_type": "results"
        },
        {
          "domain": "www.takeourworldback.com",
          "link": "http://www.takeourworldback.com/dancingisraelisfbireport.htm",
          "link_type": "results"
        },
        {
          "domain": "www.veteranstoday.com",
          "link": "http://www.veteranstoday.com/2014/09/06/911-the-shocking-truth-laid-bare/",
          "link_type": "results"
        },
        {
          "domain": "www.bibliotecapleyades.net",
          "link": "http://www.bibliotecapleyades.net/sociopolitica/atlantean_conspiracy/atlantean_conspiracy24.htm",
          "link_type": "results"
        },
        {
          "domain": "whatreallyhappened.com",
          "link": "http://whatreallyhappened.com/WRHARTICLES/911_pentagon_eyewitnesses.html",
          "link_type": "results"
        },
        {
          "domain": "www.twf.org",
          "link": "http://www.twf.org/News/Y2005/0307-Pentagon.html",
          "link_type": "results"
        },
        {
          "domain": "www.greatdreams.com",
          "link": "http://www.greatdreams.com/trade_dreams.htm",
          "link_type": "results"
        },
        {
          "domain": "www.wanttoknow.info",
          "link": "http://www.wanttoknow.info/911/9-11-facts",
          "link_type": "results"
        }
      ]
    },
    {
      "results": [
        {
          "domain": "",
          "link": "/aclk?sa=L&ai=C7IyeN7anVrSSMYbzpAOejrjIDpK6mNRD-piPzrkCzpCGlAEIABABYOWDgICoFpABA8gBAaoEJk_QJqO-LSM4oFClqLs5thRR9mLaubtB_ORa4_VQkr_vqUFvABgcgAfSjeIykAcDqAemvhvYBwE&sig=AOD64_0SMDfsonIwBBp7swQ4aJNG--r9rg&clui=0&q=&ved=0ahUKEwiCqbChicjKAhULkoMKHVhZBVE4FBDRDAgY&adurl=http://www.visionofhumanity.org/%23/page/indexes/terrorism-index",
          "link_type": "ads_main"
        },
        {
          "domain": "www.greatdreams.com",
          "link": "http://www.greatdreams.com/trade_dreams.htm",
          "link_type": "results"
        },
        {
          "domain": "www.historycommons.org",
          "link": "http://www.historycommons.org/timeline.jsp?before_9/11=insidertrading&timeline=complete_911_timeline",
          "link_type": "results"
        },
        {
          "domain": "www.fbi.gov",
          "link": "https://www.fbi.gov/stats-services/publications/terror/terrorism-2000-2001",
          "link_type": "results"
        },
        {
          "domain": "www.isgp.nl",
          "link": "http://www.isgp.nl/911_evidence_for_bombs_thermite_at_WTC",
          "link_type": "results"
        },
        {
          "domain": "911research.wtc7.net",
          "link": "http://911research.wtc7.net/pentagon/evidence/witnesses/bart.html",
          "link_type": "results"
        },
        {
          "domain": "www.walksofnewyork.com",
          "link": "https://www.walksofnewyork.com/blog/new-world-trade-center",
          "link_type": "results"
        },
        {
          "domain": "listverse.com",
          "link": "http://listverse.com/2011/12/12/10-famous-people-who-avoided-death-on-911/",
          "link_type": "results"
        },
        {
          "domain": "www.911trail.org",
          "link": "http://www.911trail.org/national-september-11-memorial/",
          "link_type": "results"
        },
        {
          "domain": "www.lib.berkeley.edu",
          "link": "http://www.lib.berkeley.edu/MRC/terrorism.html",
          "link_type": "results"
        },
        {
          "domain": "www.libraryofsocialscience.com",
          "link": "https://www.libraryofsocialscience.com/ideologies/docs/cm_understanding.htm",
          "link_type": "results"
        }
      ]
    }
  ]
}