{
  "Origins": "On 16 October 2001, Ken Alibek, a former Soviet germ warfare scientist, told a congressional briefing on nonproliferation that people worried about opening their mail could use a hot steam iron and moist fabric to kill anthrax spores.",
  "Fact Check": "",
  "Description": "\"If you are scared, just iron this letter,\" he said. \"After that, they (anthrax spores) become harmless.\" He said microwaves are somewhat less effective than steam ironing because they don't emit moist heat. In an October 16 interview with CNN, Alibek was less definite in his recommendation of ironing as the answer to anthrax-laden mail: But if somebody is afraid of opening letters, I can understand that, of course, but you can use a regular iron, and iron the letters. The probability of the spores surviving is much lower. \"Much lower\" doesn't mean \"killed off entirely.\" When your continued good health is hanging in the balance, such small differences become vitally important. Controversy exists over the pronouncement that heat kills anthrax. According to Jeanne Guillemin, a medical anthropologist and a Professor of Sociology and Senior Fellow at MIT's Security Studies Program who was part of a team that investigated a suspicious anthrax epidemic that took place in 1979 in the former USSR, it's sunlight, not heat, that does in the bacterium: Sunshine destroys anthrax spores, but very little else does. Heat doesn't, radiation doesn't. It's resistant to explosives. That's precisely the reason why anthrax was developed as a weapon, because it's tough, whereas most bacteria and viruses are fragile. Other sources state anthrax spores can survive sunlight for a few days, as well as survive heat and steam in temperatures up to 318 F. None of that news is particularly heartening in light of the advice to subject the day's incoming mail to a vigorous steam ironing. Also, applying the weight of an iron to a closed envelope could cause the contents of a piece of mail to be ejected, thus the supposed \"cure\" could lead to a far greater exposure to anthrax rather than a nullification of the threat. Ironing your mail is the \"sure-fire and deadly potato bug killer \" of the day it holds out the promise of a cheap, readily-available counter to the risk of contagion to anyone who can wield a steam iron. However, like its 1930s counterpart, the longed-for easy solution does not turn out to be all it is touted to be. Barbara \"pressed for answers\" Mikkelson",
  "Originally Published": "",
  "Referred Links": "",
  "Example": "[Collected on the Internet, 2001] I recently heard that ironing letters will destroy the Anthrax virus. Someone else said microwaving letters would too. They said it was some germ-warfare specialist that said it. Is this true?",
  "Last Updated": "8 March 2008",
  "Credibility": "false",
  "URL": "www.snopes.com/rumors/iron.asp",
  "Claim": "Ironing your mail will kill off any lurking anthrax spores.",
  "Claim_ID": "rumors_iron",
  "Tags": "",
  "Google Results": [
    {
      "results": [
        {
          "domain": "www.snopes.com",
          "link": "http://www.snopes.com/rumors/iron.asp",
          "link_type": "results"
        },
        {
          "domain": "dinomeze.tk",
          "link": "http://dinomeze.tk/219676/steamgenie-steam-steam-genie",
          "link_type": "results"
        },
        {
          "domain": "www.salon.com",
          "link": "http://www.salon.com/2001/10/31/snopes/",
          "link_type": "results"
        },
        {
          "domain": "www.dailymail.co.uk",
          "link": "http://www.dailymail.co.uk/femail/article-2400567/How-eco-friendly-cool-wash-infest-clothes-GERMS.html",
          "link_type": "results"
        },
        {
          "domain": "www.pageglimpse.com",
          "link": "http://www.pageglimpse.com/thesteamgenie.com",
          "link_type": "results"
        },
        {
          "domain": "www.dickdestiny.com",
          "link": "http://www.dickdestiny.com/blog/2006_11_01_archive.html",
          "link_type": "results"
        },
        {
          "domain": "freerepublic.com",
          "link": "http://freerepublic.com/tag/crime-news/index?more=1345353",
          "link_type": "results"
        },
        {
          "domain": "www.pinterest.com",
          "link": "https://www.pinterest.com/brjmj80/norwex/",
          "link_type": "results"
        }
      ]
    },
    {
      "results": [
        {
          "domain": "www.uvm.edu",
          "link": "https://www.uvm.edu/~mrfrank/app/mecWords.php",
          "link_type": "results"
        },
        {
          "domain": "archive.org",
          "link": "http://archive.org/stream/hygieneofcommuni00muns/hygieneofcommuni00muns_djvu.txt",
          "link_type": "results"
        },
        {
          "domain": "archive.org",
          "link": "https://archive.org/stream/yoa1915/yoa1915_djvu.txt",
          "link_type": "results"
        },
        {
          "domain": "59steps.wordpress.com",
          "link": "https://59steps.wordpress.com/page/50/?archives-list&archives-type=months",
          "link_type": "results"
        },
        {
          "domain": "www.mvrd.org",
          "link": "http://www.mvrd.org/NewsArchives.cfm?from=10/1/2003&amp",
          "link_type": "results"
        },
        {
          "domain": "www.princeton.edu",
          "link": "https://www.princeton.edu/~achaney/tmve/wiki100k/browse/term-graph.html",
          "link_type": "results"
        },
        {
          "domain": "www.personal.psu.edu",
          "link": "http://www.personal.psu.edu/sac130/news/news_catalog.html",
          "link_type": "results"
        },
        {
          "domain": "groups.google.com",
          "link": "https://groups.google.com/d/topic/alt.tv.general-hospital/pDWIRLZG9GU",
          "link_type": "results"
        },
        {
          "domain": "www.campusactivism.org",
          "link": "http://www.campusactivism.org/phpBB3/viewtopic.php?f=29&t=1163&st=0&sk=t&sd=a&start=60",
          "link_type": "results"
        },
        {
          "domain": "indystar.newspapers.com",
          "link": "http://indystar.newspapers.com/newspage/107976308/",
          "link_type": "results"
        }
      ]
    },
    {
      "results": [
        {
          "domain": "www-rohan.sdsu.edu",
          "link": "http://www-rohan.sdsu.edu/~gawron/crypto/models/word_freq.txt",
          "link_type": "results"
        },
        {
          "domain": "www2.lbl.gov",
          "link": "http://www2.lbl.gov/Publications/Currents/Archive/May-21-1999.html",
          "link_type": "results"
        },
        {
          "domain": "tgs.gargoyles-fans.org",
          "link": "http://tgs.gargoyles-fans.org/cr/archive/2001/10-27-2001.html",
          "link_type": "results"
        },
        {
          "domain": "www.topcoder.com",
          "link": "http://www.topcoder.com/contest/problem/Enigma/words.txt",
          "link_type": "results"
        },
        {
          "domain": "blogs.discovermagazine.com",
          "link": "http://blogs.discovermagazine.com/notrocketscience/category/parasites/page/2/",
          "link_type": "results"
        },
        {
          "domain": "www.123helpme.com",
          "link": "http://www.123helpme.com/search.asp?text=Polio+in+1950s&page=1",
          "link_type": "results"
        },
        {
          "domain": "github.com",
          "link": "https://github.com/robennals/think-link/blob/master/ruby/snopesclaims.csv",
          "link_type": "results"
        },
        {
          "domain": "article.wn.com",
          "link": "http://article.wn.com/view/2001/09/27/Internet_rumours_swirl_as_US_looks_for_meaning/",
          "link_type": "results"
        },
        {
          "domain": "weirdthings.com",
          "link": "http://weirdthings.com/category/uncategorized/feed/",
          "link_type": "results"
        },
        {
          "domain": "practicalcryptography.com",
          "link": "http://practicalcryptography.com/media/cryptanalysis/files/count_1w.txt",
          "link_type": "results"
        }
      ]
    }
  ]
}