{
  "Origins": "We often come across people who sound earnest, write well, and have strings of letters after their names, but expend a great deal of effort propagating ideas both absurd and harmful. Unfortunately, one such case has been drawing a great deal of attention lately.",
  "Fact Check": "",
  "Description": "Robert Koontz , who describes himself as an \"experimental nuclear physicist\" and a \"former National Security Agency instructor\" (and a part-time extraterrestrial researcher to boot) has decided that several oil paintings by 34-year-old Muzaffar Wandawi, a Baghdad-born web developer now living in Amsterdam, contain \"embedded images\" which reveal plans for a \"massive germ attack on the U.S.\" The key (and only) piece of evidence in this bizarre conspiracy is the fact that both Mr. Wandawi and someone with the same name as one of the United Flight 175 hijackers (Ahmed Alghamdi) both posted messages to a fan site for Lebanese singer Fairuz . That's it, but apparently that's good enough for Mr. Koontz. Never mind that: Some of Mr. Wandawi's paintings date from well over a decade ago, during the Iran-Iraq war. His artwork represents the city of Baghdad and the destruction caused by the lengthy war with Iran, not terrorist attacks on New York City and other American cities. Mr. Koontz's page cites the accidental inclusion of the muppet Bert on posters of Osama bin Laden as another \"signal\" of the upcoming attack. Mr. Koontz has actually altered some of Mr. Wandawi's artwork in order to demonstrate his point. We wish we could dismiss this item as the work of yet another prankster out to have one over on us, feigning sincerity to see how many people will fall for something completely foolish, but unfortunately Mr. Koontz appears to be genuinely earnest about his claims. This is, in the words of Detroit Free Press writer Mike Wendland: [A]nother example of why the Internet s unrestrained ability to let anyone gain a worldwide audience to say anything about anyone and anything has a dark side as disturbing as what Koontz thought he saw in Wandawi s drawings. See the full version of Mr. Wendland's article through \"Additional information\" link below for an excellent overview. Additional Information: Caught in a Web of Terror (Detroit Free Press)",
  "Originally Published": "",
  "Referred Links": "http://web.archive.org/web/20020802053149/http://www.pcmike.com/ejterror.htm;http://www.fairuz.net;http://web.archive.org/web/20011108052913/http://people.a2000.nl/mwandawi/gallery/enterance.html;http://www.doctorkoontz.com;http://web.archive.org/web/20011114230731/http://www.bringmenews.com/Messages/National_Security/Alerts/Alert_003.htm;",
  "Example": "See Coded Images Show Plans for Massive Germ Attack On U.S., Killing Millions.",
  "Last Updated": "21 April 2008",
  "Credibility": "false",
  "URL": "www.snopes.com/rumors/wandawi.asp",
  "Claim": "Coded images in oil paintings reveal plans for an upcoming \"massive germ attack on the U.S.\"",
  "Claim_ID": "rumors_wandawi",
  "Tags": "",
  "Google Results": [
    {
      "results": [
        {
          "domain": "",
          "link": "/aclk?sa=L&ai=C5zgZ9rOoVvWjCITOb-GqvOgK16yUsge3nLGfyQLWv5y_CAgDEAEoAmCVirKCvAfIAQGqBClP0MJoKG7KUVZDLWYdrvInOEnHAKUPnw24uI1RDNIpaJIacyddPj6FGoAH59WTOJAHAagHpr4b2AcB&sig=AOD64_3m-SxC8TduFwlFdOYy4J8olAWRmg&clui=0&q=&ved=0ahUKEwj18_af-8nKAhUDYg8KHVDaDcMQ0QwIQQ&adurl=http://nenadjankovic.hudu.hr/posts",
          "link_type": "ads_main"
        },
        {
          "domain": "",
          "link": "/aclk?sa=L&ai=C4wsT9rOoVvWjCITOb-GqvOgKmqT96gaimuK8ywGYmccGCAMQAigCYJWKsoK8B8gBAaoEJE_QoiZjbslRVkMtLh11lNS0Ah5f32PZiIXdJuMmVyltkjTFyYAH5IWrD5AHAagHpr4b2AcB&sig=AOD64_0wE152GhodWTd8hb5-eWGz2zrm9Q&clui=1&q=&ved=0ahUKEwj18_af-8nKAhUDYg8KHVDaDcMQ0QwIRg&adurl=http://artistorganizedart.org/whatwedo",
          "link_type": "ads_main"
        },
        {
          "domain": "www.snopes.com",
          "link": "http://www.snopes.com/rumors/wandawi.asp",
          "link_type": "results"
        },
        {
          "domain": "www.snopes.com",
          "link": "http://www.snopes.com/rumors/rumors.asp",
          "link_type": "results"
        },
        {
          "domain": "www.snopes.com",
          "link": "http://www.snopes.com/search/?q=Title%208,%20US%20Code%20Section%201182&sort=relevance&order=desc&page=201",
          "link_type": "results"
        },
        {
          "domain": "www.snopes.com",
          "link": "http://www.snopes.com/search/?q=email%20titled:%20BLACK%20MUSLIM%20IN%20THE%20WHITE%20HOUSE&sort=date&order=asc&page=58",
          "link_type": "results"
        },
        {
          "domain": "www.snopes.com",
          "link": "http://www.snopes.com/search/?q=email%20titled:%20BLACK%20MUSLIM%20IN%20THE%20WHITE%20HOUSE&sort=relevance&order=desc&page=234",
          "link_type": "results"
        },
        {
          "domain": "manual13.rodeopdf.org",
          "link": "http://manual13.rodeopdf.org/1tkct5_paint-your-dragon.pdf",
          "link_type": "results"
        },
        {
          "domain": "wwwtalkin.tripod.com",
          "link": "http://wwwtalkin.tripod.com/index/id23.html",
          "link_type": "results"
        },
        {
          "domain": "github.com",
          "link": "https://github.com/robennals/think-link/blob/master/ruby/snopesclaims.csv",
          "link_type": "results"
        }
      ]
    }
  ]
}