{
  "Origins": "",
  "Fact Check": "",
  "Description": "",
  "Originally Published": "",
  "Referred Links": "https://www.instagram.com/p/4Ob92_wpGe/;https://www.instagram.com/p/4NN9ERORj0/;https://www.instagram.com/yurateplyakov/;https://www.instagram.com/p/4NN9ERORj0/;https://www.instagram.com/p/34bVcIuRsV/;https://www.instagram.com/p/3dt-PzSioO/;https://www.instagram.com/zaschitniki2016/;https://www.rt.com/news/254261-russian-army-mass-exoskeletons/;https://vk.com/wall-35873106_18323;http://www.npr.org/sections/alltechconsidered/2013/08/05/209241687/special-ops-envisions-iron-man-like-suit-to-protect-troops;http://gizmodo.com/how-close-are-we-to-elysium-style-exosuits-993706204;http://www.snopes.com/wordpress/wp-content/uploads/2016/02/russia-exosuits.jpg;https://i.imgur.com/VcSadRZ.jpg;",
  "Example": "[Collected via Reddit, February 2016] Russian soldiers with Exosuits in Syria. Origin:In February 2016, an image purportedly showing two Russian soldiers wearing \"exosuits\" in Syria started circulating via English-language web sites after it was posted to the Reddit community forums. Exosuits, or powered exoskeletons, are wearable machines used to enhance ordinary human strength or speed. They're generally the stuff of dystopian science fiction, but they have been around in one conceptual form or another since the late 1800s. However, exosuits remain relatively technologically crude at the moment and are not practical for military (or any other) use. This image, which had been circulating on Russian-language web sites (largely the European social network VK.com) since at least June 2015, was frequently used to illustrate a news story about the Russian military working to develop combat exoskeletons by 2020: A Russian defense contractor says it will be able to mass produce mind-controlled combat exoskeletons for Russian soldiers in five years. The devices would allow the troops to run faster, jump higher and lift weights beyond human capacity. I think in about five years we will have a neuro-interface to control exoskeletons and prosthetics through the brain s electric impulses, Aleksandr Kulish, the head of the medical equipment development and manufacturing department of Russia s United Instrument Manufacturing Corporation, told TASS news agency. The new system could increase the wearer s strength and endurance many fold, allowing soldiers to make tremendous leaps, lift and throw objects they normally could not, as well as carrying up to 300 kilograms of equipment. Thhis image, however, has little to do with the Russian military or the development of combat exoskeletons, as this photograph was taken on the set of the movie Zaschitniki. Several other photographs from the @zaschitniki2016 Instagram account, as well as the Instagram accounts for various people associated with the film, show the same \"exosuits\" being used in the same setting: Russia (as well as several other countries, including the United States) is working on \"exoskeleton\" technology, those \"exosuits\" are not currently being used in the manner seen above. These photos come from the set of a Russian movie. Last updated: 14 February 2016 Originally published: 14 February 2016",
  "Last Updated": "",
  "Credibility": "false",
  "URL": "www.snopes.com/russia-exosuit-syria-photo/",
  "Claim": "A photograph shows Russian soldiers wearing \"exosuits\" in Syria.",
  "Tags": "",
  "Claim_ID": "russia-exosuit-syria-photo",
  "Google Results": [
    {
      "results": [
        {
          "domain": "www.snopes.com",
          "link": "http://www.snopes.com/russia-exosuit-syria-photo/",
          "link_type": "results"
        },
        {
          "domain": "www.snopes.com",
          "link": "http://www.snopes.com/tag/exoskeleton/",
          "link_type": "results"
        },
        {
          "domain": "www.facebook.com",
          "link": "https://www.facebook.com/snopes/posts/770289829782205?comment_id=770296376448217&comment_tracking=%7B%22tn%22%3A%22R0%22%7D",
          "link_type": "results"
        },
        {
          "domain": "flipboard.com",
          "link": "https://flipboard.com/topic/snopes.com",
          "link_type": "results"
        },
        {
          "domain": "flipboard.com",
          "link": "https://flipboard.com/@GenerslUrsus",
          "link_type": "results"
        },
        {
          "domain": "flipboard.com",
          "link": "https://flipboard.com/topic/skepticism/reid-wrong-on-planned-parenthood/f-9f32cf349d%2Ffactcheck.org",
          "link_type": "results"
        },
        {
          "domain": "flipboard.com",
          "link": "https://flipboard.com/@c_geddon/skynet-g0vq8qj0z/-/a-tAoeKkobQYeRUwcFCA0Epw%3Aa%3A118072682-%2F0",
          "link_type": "results"
        },
        {
          "domain": "flipboard.com",
          "link": "https://flipboard.com/topic/skepticism/factchecking-the-gop-candidate-forum/f-4dc300186f%2Ffactcheck.org",
          "link_type": "results"
        },
        {
          "domain": "feeds.insanejournal.com",
          "link": "http://feeds.insanejournal.com/snopes_dot_com/",
          "link_type": "results"
        }
      ]
    },
    {
      "results": [
        {
          "domain": "channels.feeddigest.com",
          "link": "http://channels.feeddigest.com/New_Urban_Legends",
          "link_type": "results"
        },
        {
          "domain": "news.google.com.ng",
          "link": "http://news.google.com.ng/news/section?cf=all&hl=en&pz=1&ned=en_ng&q=Russia&ict=clu_bl",
          "link_type": "results"
        },
        {
          "domain": "www.defenseone.com",
          "link": "http://www.defenseone.com/technology/2015/01/very-real-future-iron-man-suits-navy/102630/",
          "link_type": "results"
        },
        {
          "domain": "news.google.ae",
          "link": "https://news.google.ae/news/section?cf=all&hl=en&pz=1&ned=us&q=Russia&ict=clu_bl",
          "link_type": "results"
        },
        {
          "domain": "news.google.ca",
          "link": "http://news.google.ca/news/section?cf=all&hl=en&pz=1&ned=ca&q=Russia&ict=clu_bl",
          "link_type": "results"
        },
        {
          "domain": "cor3com.com",
          "link": "http://cor3com.com/?cat=10",
          "link_type": "results"
        },
        {
          "domain": "222northalice.com",
          "link": "http://222northalice.com/rss_snopes.aspx",
          "link_type": "results"
        },
        {
          "domain": "cavtrooper5981-militarybrotherhood.blogspot.com",
          "link": "http://cavtrooper5981-militarybrotherhood.blogspot.com/",
          "link_type": "results"
        },
        {
          "domain": "www.glennlittrell.org",
          "link": "http://www.glennlittrell.org/2016/01/ben-franklin.html",
          "link_type": "results"
        },
        {
          "domain": "mariitphilippines.blogspot.com",
          "link": "http://mariitphilippines.blogspot.com/2014_06_01_archive.html",
          "link_type": "results"
        }
      ]
    },
    {
      "results": [
        {
          "domain": "roys-world.blogspot.com",
          "link": "http://roys-world.blogspot.com/2009/09/sight-sound-tan-lines.html",
          "link_type": "results"
        },
        {
          "domain": "roys-world.blogspot.com",
          "link": "http://roys-world.blogspot.com/2012/08/cemetery-hopping-in-black-white.html",
          "link_type": "results"
        },
        {
          "domain": "www.desifeed.com",
          "link": "http://www.desifeed.com/index.php?all=1",
          "link_type": "results"
        },
        {
          "domain": "steveinmarines.blogspot.com",
          "link": "http://steveinmarines.blogspot.com/2011/07/shotgun.html",
          "link_type": "results"
        },
        {
          "domain": "thecleaneststream.blogspot.com",
          "link": "http://thecleaneststream.blogspot.com/2012/12/mayya-ayrin-vada.html",
          "link_type": "results"
        },
        {
          "domain": "www.funnyjunk.com",
          "link": "http://www.funnyjunk.com/Anime+magic+is+real/funny-pictures/5825784/",
          "link_type": "results"
        },
        {
          "domain": "www.dailymail.co.uk",
          "link": "http://www.dailymail.co.uk/sciencetech/article-2853082/World-s-oldest-computer-ancient-thought-Antikythera-Mechanism-created-205-BC-study-claims.html",
          "link_type": "results"
        },
        {
          "domain": "military.id.me",
          "link": "https://military.id.me/author/jillian/page/5/",
          "link_type": "results"
        },
        {
          "domain": "chitauri.blogspot.com",
          "link": "http://chitauri.blogspot.com/2016/02/10-enganos-de-la-new-age-y-como.html",
          "link_type": "results"
        },
        {
          "domain": "www.pinterest.com",
          "link": "https://www.pinterest.com/ancailliau/military-survival-techwear/",
          "link_type": "results"
        }
      ]
    }
  ]
}