{
  "Origins": "When the Florida Marlins captured Major League Baseball championship by triumphing in the 1997 World Series (an outcome deemed improbable at the time, at least by those who didn't place much stock in the chances of a recent expansion team's winning it all), some fans of the national pastime were inspired to see in a 1989 film a prophecy of that very event. They cast their gaze to a scene in Back to the Future II that supposedly predicted the unexpected sporting result. (It didn't, but that's another story .)",
  "Fact Check": "",
  "Description": "Ten years later, the rumor that an unlikely sports result had been accurately prognosticated by a popular movie popped up again. Just as the Marlins weren't supposed to triumph in the 1997 World Series, the New York Giants weren't expected to reach Super Bowl XLII. The 3 February 2008 match-up between the New York Giants and the New England Patriots was a touch improbable, given that the Giants hadbeen 7.5 point underdogs to the Green Bay Packers going into the NFC Championship Game. Yet, point spread to the contrary, the Giants prevailed, snatching the NFC title with a 23-20 overtime victory over the vaunted Pack, thus earning themselves a Super Bowl berth. A few months before the 2008 Super Bowl took place, a film version of I Am Legend starring Will Smith (the third onscreen adaptation of the 1954 Richard Matheson novel of the same name, its two previous onscreen forays being 1964's The Last Man on Earth and 1971's The Omega Man ) was released. Near the beginning of that film, one scene showed a television news broadcast with a sports-related screen crawl appearing below the commentator, and that crawl read: \"Giants lose to Patriots for second time this season 23 to 7\": Intriguingly, since the Giants and the Patriots are in difference conferences, the only way they could play each other more than once in a given season would be via a regular season match-up (which due to interconference scheduling happens only once every four years), followed by a Super Bowl rendezvous. And that is exactly what happened in the 2007-08 NFL season: the Patriots bested the Giants 38-35 on 29 December 2007 and then took on New York in the Big Game on 3 February 2008. (The chronology is somewhat murky in this context, however, because even though I Am Legend was released in December 2007, it was set in the year 2009 and referenced events that took place in the past.) However, although one part of the I Am Legend \"prediction\" came true in that the Patriots did indeed meet the Giants for a second time in the 2007-08 season through both teams' reaching Super Bowl XLII, the Patriots did not come away the winners, nor was the final score the 23-7 tally that flashed on-screen during the film's news crawl. The New York Giants were the victors by a 17-14 margin. Barbara \"Sunday told the tale\" Mikkelson",
  "Originally Published": "",
  "Referred Links": "",
  "Example": "",
  "Last Updated": "30 January 2015",
  "Credibility": "false",
  "URL": "www.snopes.com/sports/football/iamlegend.asp",
  "Claim": "The 2007 film I Am Legend accurately predicted the results of the 2008 Super Bowl.",
  "Claim_ID": "sports_football_iamlegend",
  "Tags": "",
  "Google Results": [
    {
      "results": [
        {
          "domain": "www.snopes.com",
          "link": "http://www.snopes.com/sports/football/iamlegend.asp",
          "link_type": "results"
        },
        {
          "domain": "www.snopes.com",
          "link": "http://www.snopes.com/search/?q=U.S.%20soldiers%20rape%20boys%20in%20front%20of%20their%20mothers&sort=date&order=desc&page=54",
          "link_type": "results"
        },
        {
          "domain": "www.snopes.com",
          "link": "http://www.snopes.com/search/?q=Now%208%20news&sort=relevance&order=desc&page=214",
          "link_type": "results"
        },
        {
          "domain": "www.snopes.com",
          "link": "http://www.snopes.com/search/?q=U.S.%20soldiers%20rape%20boys%20in%20front%20of%20their%20mothers&sort=relevance&order=desc&page=220",
          "link_type": "results"
        },
        {
          "domain": "ironmagazineforums.com",
          "link": "http://ironmagazineforums.com/threads/86849-I-Am-Legend-predicts-Super-Bowl",
          "link_type": "results"
        },
        {
          "domain": "www.stormfax.com",
          "link": "http://www.stormfax.com/ghogday.htm",
          "link_type": "results"
        },
        {
          "domain": "www.superbowl.com",
          "link": "http://www.superbowl.com/",
          "link_type": "results"
        },
        {
          "domain": "skepticssa.wordpress.com",
          "link": "https://skepticssa.wordpress.com/page/6/",
          "link_type": "results"
        },
        {
          "domain": "en.wikipedia.org",
          "link": "https://en.wikipedia.org/wiki/Betelgeuse",
          "link_type": "results"
        }
      ]
    },
    {
      "results": [
        {
          "domain": "deadline.com",
          "link": "http://deadline.com/2012/05/avengers-now-260-5m-overseas-could-reach-585m-worldwide-through-sunday-with-u-s-canada-russia-china-openings-265455/",
          "link_type": "results"
        },
        {
          "domain": "firsthour.net",
          "link": "http://firsthour.net/sports-preenactment",
          "link_type": "results"
        },
        {
          "domain": "skepticalsports.com",
          "link": "https://skepticalsports.com/",
          "link_type": "results"
        },
        {
          "domain": "www.tv.com",
          "link": "http://www.tv.com/shows/60-minutes/episodes/all/?sortmode=rating",
          "link_type": "results"
        },
        {
          "domain": "www.sciencedirect.com",
          "link": "http://www.sciencedirect.com/science/article/pii/S0197458015003942",
          "link_type": "results"
        },
        {
          "domain": "www.johntitor.com",
          "link": "http://www.johntitor.com/",
          "link_type": "results"
        },
        {
          "domain": "www.sec.gov",
          "link": "https://www.sec.gov/Archives/edgar/vprr/0000/0804/08043546.pdf",
          "link_type": "results"
        },
        {
          "domain": "www.imdb.com",
          "link": "http://www.imdb.com/name/nm2357847/news",
          "link_type": "results"
        },
        {
          "domain": "www.newworldencyclopedia.org",
          "link": "http://www.newworldencyclopedia.org/entry/Groundhog_Day",
          "link_type": "results"
        },
        {
          "domain": "blogs.mcall.com",
          "link": "http://blogs.mcall.com/tvwatchers/sports/",
          "link_type": "results"
        }
      ]
    },
    {
      "results": [
        {
          "domain": "dl.acm.org",
          "link": "http://dl.acm.org/citation.cfm?id=1504311",
          "link_type": "results"
        },
        {
          "domain": "www.salon.com",
          "link": "http://www.salon.com/2013/01/06/help_us_nate_silver/",
          "link_type": "results"
        },
        {
          "domain": "www.dailymail.co.uk",
          "link": "http://www.dailymail.co.uk/health/article-2487135/Whats-YOUR-fitness-age-New-calculator-tells-youre-old-years-simple-steps.html",
          "link_type": "results"
        },
        {
          "domain": "www.thedigitalbits.com",
          "link": "http://www.thedigitalbits.com/site_archive/mytwocentsa150.html",
          "link_type": "results"
        },
        {
          "domain": "kottke.org",
          "link": "http://kottke.org/tag/statistics",
          "link_type": "results"
        },
        {
          "domain": "www.boston.com",
          "link": "http://www.boston.com/sports/football/patriots/2015/10/09/patriots-cowboys-prediction-roundup-patriots-team-mvp-stephen-gostkowski/bRXPl94HgtgagJcHpqNQqL/story.html",
          "link_type": "results"
        },
        {
          "domain": "wattsupwiththat.com",
          "link": "http://wattsupwiththat.com/2009/06/21/modeling-sunspots-during-times-when-few-are-seen/",
          "link_type": "results"
        },
        {
          "domain": "blogs.poz.com",
          "link": "http://blogs.poz.com/shawn/archives/2008/01/",
          "link_type": "results"
        },
        {
          "domain": "www.telegraph.co.uk",
          "link": "http://www.telegraph.co.uk/sport/rugbyunion/rugby-world-cup/12040184/American-football-agent-in-talks-with-World-Cup-stars.html",
          "link_type": "results"
        },
        {
          "domain": "reflectionsonfilmandtelevision.blogspot.com",
          "link": "http://reflectionsonfilmandtelevision.blogspot.com/2007_04_15_archive.html",
          "link_type": "results"
        }
      ]
    }
  ]
}