{
  "Origins": "As they had done for the past eleven years, in the week before Super Bowl XLIX, video game publisher Electronic Arts ran a simulation of the upcoming championship football contest through the latest version of Madden NFL to predict the outcome. That process predicted the New England Patriots would edge the Seattle Seahawks 28-24 via a game-winning touchdown pass from Tom Brady to Julian Edelman, with Pats quarterback Brady being named the game's MVP after racking up 335 yards and four touchdowns.",
  "Fact Check": "",
  "Description": "Madden NFL had a moderately good Super Bowl predictive record going into 2015, correctly picking the winner of eight of the previous eleven contests. However, the game had also been egregiously wrong at times, notably when it forecast in 2014 that the Denver Broncos would top the Seahawks, but the latter ended up thumping the former by a score of 43-8. In 2015, however, Madden NFL 15 was right on the money: New England did beat Seattle, the final score was 28-24 , and Patriots quarterback Tom Brady was named the game's MVP. More remarkably, Tom Brady finished the game with 328 yards and four touchdowns, just seven yards off what the simulation had predicted. Madden NFL 15 also had New England trailing Seattle 24-14 in the third quarter (which was indeed the score at that point in the game), and the winning score did in fact come on a touchdown pass from Brady to receiver Julian Edelman with 2:02 left in the game. Of course, many prognosticators would declaim one could randomly pick the winner of a closely matched Super Bowl contest and still have a very good shot at being correct, human oddsmakers had already pegged the Patriots as two-point favorites the week before the game, that guessing a game-winning score would be made via a pass by a team's #1 quarterback to its top receiver isn't much of a stretch, and the quarterback of the winning Super Bowl team is awarded MVP honors over 50% of the time anyway. Nonetheless, Madden NFL 15 got a whole lot right. Enough to make a real human proud.",
  "Originally Published": "",
  "Referred Links": "http://www.sbnation.com/nfl/2015/1/30/7949353/super-bowl-odds-2015-seahawks-patriots-line-sportsbooks-futures;",
  "Example": "",
  "Last Updated": "2 February 2015",
  "Credibility": "true",
  "URL": "www.snopes.com/sports/football/madden15.asp",
  "Claim": "A Madden NFL 2015 simulation correctly predicted the winner and final score of the 2015 Super Bowl.",
  "Claim_ID": "sports_football_madden15",
  "Tags": "",
  "Google Results": [
    {
      "results": [
        {
          "domain": "www.nfl.com",
          "link": "http://www.nfl.com/news/story/0ap3000000468028/article/madden-nfl-successfully-predicts-super-bowl-score",
          "link_type": "results"
        },
        {
          "domain": "www.si.com",
          "link": "http://www.si.com/extra-mustard/2015/02/01/super-bowl-2015-patriots-seahawks-madden-simulation-accurate",
          "link_type": "results"
        },
        {
          "domain": "www.forbes.com",
          "link": "http://www.forbes.com/sites/erikkain/2015/01/30/madden-nfl-15-predicts-super-bowl-xlix-winner/",
          "link_type": "results"
        },
        {
          "domain": "www.hollywoodreporter.com",
          "link": "http://www.hollywoodreporter.com/news/super-bowl-2015-madden-nfl-769066",
          "link_type": "results"
        },
        {
          "domain": "www.snopes.com",
          "link": "http://www.snopes.com/sports/football/madden15.asp",
          "link_type": "results"
        },
        {
          "domain": "www.usatoday.com",
          "link": "http://www.usatoday.com/story/tech/gaming/2015/02/01/madden-super-bowl-prediction/22723547/",
          "link_type": "results"
        },
        {
          "domain": "www.ign.com",
          "link": "http://www.ign.com/articles/2015/02/02/madden-nfl-15-super-bowl-prediction-nails-super-bowl-xlix-score",
          "link_type": "results"
        },
        {
          "domain": "www.youtube.com",
          "link": "https://www.youtube.com/watch?v=XAE6XPdLSxw",
          "link_type": "results"
        },
        {
          "domain": "games.yahoo.com",
          "link": "https://games.yahoo.com/blogs/plugged-in/madden-nfl-15-predicts-the-patriots-will-win-super-bowl-xlix-225119955.html",
          "link_type": "results"
        },
        {
          "domain": "www.independent.co.uk",
          "link": "http://www.independent.co.uk/life-style/gadgets-and-tech/gaming/super-bowl-2015-result-score-and-other-details-correctly-predicted-by-madden-nfl-video-game-10017298.html",
          "link_type": "results"
        }
      ]
    },
    {
      "results": [
        {
          "domain": "www.techtimes.com",
          "link": "http://www.techtimes.com/articles/30276/20150202/madden-nfl-15-correctly-predicts-super-bowl-xlix-outcome.htm",
          "link_type": "results"
        },
        {
          "domain": "www.techtimes.com",
          "link": "http://www.techtimes.com/articles/30202/20150202/madden-nfl-15-accurately-predicts-super-bowl-score-forget-animals-predicting-super-bowl-winners.htm",
          "link_type": "results"
        },
        {
          "domain": "www.smh.com.au",
          "link": "http://www.smh.com.au/sport/madden-nfl-video-game-simulation-predicted-correct-score-for-super-bowl-xlix-20150203-135jmi.html",
          "link_type": "results"
        },
        {
          "domain": "www.polygon.com",
          "link": "http://www.polygon.com/2015/1/26/7916513/madden-super-bowl-predictions-seahawks-patriots",
          "link_type": "results"
        },
        {
          "domain": "www.polygon.com",
          "link": "http://www.polygon.com/2015/2/1/7961639/madden-guesses-super-bowl-score",
          "link_type": "results"
        },
        {
          "domain": "www.gottabemobile.com",
          "link": "http://www.gottabemobile.com/2015/01/26/super-bowl-2015-predictions-madden-picks-a-winner/",
          "link_type": "results"
        },
        {
          "domain": "heavy.com",
          "link": "http://heavy.com/games/2015/01/madden-15-predicts-super-bowl-49-xlix-2015-patriots-vs-seahawks/",
          "link_type": "results"
        },
        {
          "domain": "www.theverge.com",
          "link": "http://www.theverge.com/2015/2/2/7962311/super-bowl-madden-prediction-exact-final-score",
          "link_type": "results"
        },
        {
          "domain": "en.wikipedia.org",
          "link": "https://en.wikipedia.org/wiki/Madden_NFL",
          "link_type": "results"
        },
        {
          "domain": "perezhilton.com",
          "link": "http://perezhilton.com/2015-02-02-madden-nfl-2015-predicts-new-england-patriots-win",
          "link_type": "results"
        }
      ]
    },
    {
      "results": [
        {
          "domain": "nerdist.com",
          "link": "http://nerdist.com/madden-nfl-15-simulation-predicts-super-bowl-with-startling-accuracy/",
          "link_type": "results"
        },
        {
          "domain": "www.ibtimes.com",
          "link": "http://www.ibtimes.com/super-bowl-xlix-2015-predictions-madden-expects-new-england-patriots-defeat-seattle-1796226",
          "link_type": "results"
        },
        {
          "domain": "bgr.com",
          "link": "http://bgr.com/2015/02/02/madden-2015-super-bowl-patriots-vs-seahawks/",
          "link_type": "results"
        },
        {
          "domain": "www.gameranx.com",
          "link": "http://www.gameranx.com/updates/id/26392/article/madden-2015-simulator-correctly-predicts-score-and-winner-of-super-bowl/",
          "link_type": "results"
        },
        {
          "domain": "fansided.com",
          "link": "http://fansided.com/2015/02/02/madden-15-super-bowl-simulation-frighteningly-accurate/",
          "link_type": "results"
        },
        {
          "domain": "www.seriouswonder.com",
          "link": "http://www.seriouswonder.com/simulation-successfully-predicts-2015-super-bowl-winner-score/",
          "link_type": "results"
        },
        {
          "domain": "www.abovetopsecret.com",
          "link": "http://www.abovetopsecret.com/forum/thread1053730/pg1",
          "link_type": "results"
        },
        {
          "domain": "www.foxsports.com",
          "link": "http://www.foxsports.com/nfl/story/pittsburgh-steelers-arizona-cardinals-madden-nfl-16-super-bowl-50-ea-sports-082115",
          "link_type": "results"
        },
        {
          "domain": "gamerant.com",
          "link": "http://gamerant.com/madden-nfl-super-bowl-2015-prediction/",
          "link_type": "results"
        },
        {
          "domain": "twitter.com",
          "link": "https://twitter.com/snopes/status/562316219576233984",
          "link_type": "results"
        }
      ]
    }
  ]
}